XJobSystem: userThreadCount=9 adoptableThreadsCount=12
Input System module state changed to: Initialized.
Initialize engine version: 2022.3.62f1 (25971d727925)
[Subsystems] Discovering subsystems at path C:/Program Files (x86)/PawPrint/Aniimo/game/Aniimo_Data/UnitySubsystems
Forcing GfxDevice: Direct3D 12
GfxDevice: creating device client; threaded=1; jobified=1; native=1
Streamline initialization allowed: selected DXGI adapter is NVIDIA. Adapter='NVIDIA GeForce RTX 4070 Ti', vendor=0x10de, device=0x2782.
[XSL] DLSS SR preset hints: DLAA=eDefault(runtime-selected), Quality=eDefault(runtime-selected), Balanced=eDefault(runtime-selected), Performance=ePresetK, UltraPerformance=ePresetK, UltraQuality=eDefault(runtime-selected)
[d3d12]: agility sdk compile_version=619, export_version=619, export_path=.\D3D12\
d3d12: loaded!
[d3d12]: gpu_upload_heap_supported=1, tight_alignment_supported=1
[d3d12]: use d3d12ma=1
[d3d12]: d3d12ma tight_alignment_disable=0
Direct3D:
    Version:         Direct3D 12 [level 12.1]
    Renderer:        NVIDIA GeForce RTX 4070 Ti (ID=0x2782)
    Vendor:          NVIDIA
    VRAM:            11994 MB
    App VRAM Budget: 11226 MB
    Driver:          32.0.16.1656
[d3d12]: d3d12ma tight_alignment_supported=1, tight_alignment_disabled=0, tight_alignment_enabled=1, not_zeroed_enabled=0, gpu_upload_heap_supported=1
d3d12: Loading PSO cache from disk (55216 KB).
d3d12: PSO disk cache initialized. state=LoadedExisting path=C:/Users/nrohd/AppData/LocalLow/Aniimo/Aniimo/D3D12PSOCache_V4318_D10114_S4069855408_R161.blob size=56541306
[ShaderPassContext] InitializeDeviceKeywords: computeSubGroupSize=32 supportsWaveOps=1 supportsNative16Bit=1
Waiting for managed debugger to attach, port: 4294967295
ERROR: Shader Hidden/XShadow/ResolveMainLightShadow shader is not supported on this GPU (none of subshaders/fallbacks are suitable)
<RI> Initializing input.
Using Windows.Gaming.Input
<RI> Input initialized.
<RI> Initialized touch support.
UnloadTime: 0.231200 ms
[5.0849][Log]|Odin Serializer ArchitectureInfo initialization with defaults (all unaligned read/writes disabled).
UnityEngine.Logger:Log(LogType, Object)
UnityEngine.Debug:Log(Object)
Sirenix.Serialization.UnitySerializationInitializer:Initialize()

[5.0853][Log]|Odin Serializer detected whitelisted runtime platform WindowsPlayer and memory read test succeeded; enabling all unaligned memory read/writes.
UnityEngine.Logger:Log(LogType, Object)
UnityEngine.Debug:Log(Object)
Sirenix.Serialization.ArchitectureInfo:SetRuntimePlatform(RuntimePlatform)
Sirenix.Serialization.UnitySerializationInitializer:Initialize()

[5.1218][Log]|==================== XPlatformSupport ======================
UnityEngine.Logger:Log(LogType, Object)
UnityEngine.Debug:Log(Object)
XRender.Pipeline.Settings.XPlatformSupport:Initialize()
XRender.Runtime.Interface.XRenderRuntimeInitializeOnLoad:XRenderRuntimeInitializeOnLoadMethod()

[5.1219][Log]|s_SupportFormatBC3: True
UnityEngine.Logger:Log(LogType, Object)
UnityEngine.Debug:Log(Object)
XRender.Pipeline.Settings.XPlatformSupport:Initialize()
XRender.Runtime.Interface.XRenderRuntimeInitializeOnLoad:XRenderRuntimeInitializeOnLoadMethod()

[5.1220][Log]|s_SupportFormatASTC: False
UnityEngine.Logger:Log(LogType, Object)
UnityEngine.Debug:Log(Object)
XRender.Pipeline.Settings.XPlatformSupport:Initialize()
XRender.Runtime.Interface.XRenderRuntimeInitializeOnLoad:XRenderRuntimeInitializeOnLoadMethod()

[5.1220][Log]|s_SupportFormatBC7: True
UnityEngine.Logger:Log(LogType, Object)
UnityEngine.Debug:Log(Object)
XRender.Pipeline.Settings.XPlatformSupport:Initialize()
XRender.Runtime.Interface.XRenderRuntimeInitializeOnLoad:XRenderRuntimeInitializeOnLoadMethod()

[5.1220][Log]|s_SupportFormatASTC6x6: False
UnityEngine.Logger:Log(LogType, Object)
UnityEngine.Debug:Log(Object)
XRender.Pipeline.Settings.XPlatformSupport:Initialize()
XRender.Runtime.Interface.XRenderRuntimeInitializeOnLoad:XRenderRuntimeInitializeOnLoadMethod()

[5.1220][Log]|s_DeviceName: MINERVA
UnityEngine.Logger:Log(LogType, Object)
XRender.Pipeline.Settings.XPlatformSupport:Initialize()
XRender.Runtime.Interface.XRenderRuntimeInitializeOnLoad:XRenderRuntimeInitializeOnLoadMethod()

[5.1221][Log]|s_DeviceModel: System Product Name (ASUS)
UnityEngine.Logger:Log(LogType, Object)
XRender.Pipeline.Settings.XPlatformSupport:Initialize()
XRender.Runtime.Interface.XRenderRuntimeInitializeOnLoad:XRenderRuntimeInitializeOnLoadMethod()

[5.1221][Log]|s_ProcessorType: AMD Ryzen 9 7900X 12-Core Processor 
UnityEngine.Logger:Log(LogType, Object)
XRender.Pipeline.Settings.XPlatformSupport:Initialize()
XRender.Runtime.Interface.XRenderRuntimeInitializeOnLoad:XRenderRuntimeInitializeOnLoadMethod()

[5.1221][Log]|s_IOSChipModel: 
UnityEngine.Logger:Log(LogType, Object)
XRender.Pipeline.Settings.XPlatformSupport:Initialize()
XRender.Runtime.Interface.XRenderRuntimeInitializeOnLoad:XRenderRuntimeInitializeOnLoadMethod()

[5.1221][Log]|s_EnableWaveShaderVariant: True
UnityEngine.Logger:Log(LogType, Object)
UnityEngine.Debug:Log(Object)
XRender.Pipeline.Settings.XPlatformSupport:Initialize()
XRender.Runtime.Interface.XRenderRuntimeInitializeOnLoad:XRenderRuntimeInitializeOnLoadMethod()

[5.1221][Log]|s_EnableWaveMathShaderVariant: True
UnityEngine.Logger:Log(LogType, Object)
UnityEngine.Debug:Log(Object)
XRender.Pipeline.Settings.XPlatformSupport:Initialize()
XRender.Runtime.Interface.XRenderRuntimeInitializeOnLoad:XRenderRuntimeInitializeOnLoadMethod()

[5.1221][Log]|s_GraphicsDeviceName: NVIDIA GeForce RTX 4070 Ti
UnityEngine.Logger:Log(LogType, Object)
UnityEngine.Debug:Log(Object)
XRender.Pipeline.Settings.XPlatformSupport:Initialize()
XRender.Runtime.Interface.XRenderRuntimeInitializeOnLoad:XRenderRuntimeInitializeOnLoadMethod()

[5.1222][Log]|s_GraphicsDeviceType: Direct3D12
UnityEngine.Logger:Log(LogType, Object)
UnityEngine.Debug:Log(Object)
XRender.Pipeline.Settings.XPlatformSupport:Initialize()
XRender.Runtime.Interface.XRenderRuntimeInitializeOnLoad:XRenderRuntimeInitializeOnLoadMethod()

[5.1222][Log]|s_GPUVendor: Unknown, s_GPUModel: Unknown, s_GPUModelNumber: -1
UnityEngine.Logger:Log(LogType, Object)
UnityEngine.Debug:Log(Object)
XRender.Pipeline.Settings.XPlatformSupport:Initialize()
XRender.Runtime.Interface.XRenderRuntimeInitializeOnLoad:XRenderRuntimeInitializeOnLoadMethod()

[5.1222][Log]|==================== XPlatformSupport ======================
UnityEngine.Logger:Log(LogType, Object)
UnityEngine.Debug:Log(Object)
XRender.Pipeline.Settings.XPlatformSupport:Initialize()
XRender.Runtime.Interface.XRenderRuntimeInitializeOnLoad:XRenderRuntimeInitializeOnLoadMethod()

[5.1222][Log]|==================== XPlatformCompatibility ======================
UnityEngine.Logger:Log(LogType, Object)
UnityEngine.Debug:Log(Object)
XRender.Pipeline.Settings.XPlatformSupport:Initialize()
XRender.Runtime.Interface.XRenderRuntimeInitializeOnLoad:XRenderRuntimeInitializeOnLoadMethod()

[5.1223][Log]|s_ShouldEnableVulkanPsoLru: False
UnityEngine.Logger:Log(LogType, Object)
UnityEngine.Debug:Log(Object)
XRender.Pipeline.Settings.XPlatformSupport:Initialize()
XRender.Runtime.Interface.XRenderRuntimeInitializeOnLoad:XRenderRuntimeInitializeOnLoadMethod()

[5.1223][Log]|s_HasBuggyDepthOnlyPassWrongWithScreenRecording: False
UnityEngine.Logger:Log(LogType, Object)
UnityEngine.Debug:Log(Object)
XRender.Pipeline.Settings.XPlatformSupport:Initialize()
XRender.Runtime.Interface.XRenderRuntimeInitializeOnLoad:XRenderRuntimeInitializeOnLoadMethod()

[5.1223][Log]|==================== XPlatformCompatibility ======================
UnityEngine.Logger:Log(LogType, Object)
UnityEngine.Debug:Log(Object)
XRender.Pipeline.Settings.XPlatformSupport:Initialize()
XRender.Runtime.Interface.XRenderRuntimeInitializeOnLoad:XRenderRuntimeInitializeOnLoadMethod()

[5.1223][Log]|Vulkan PSO LRU decision: deviceModel=System Product Name (ASUS), graphicsDeviceName=NVIDIA GeForce RTX 4070 Ti, gpuVendor=Unknown, gpuModel=Unknown, gpuModelNumber=-1, useLRU=False
UnityEngine.Logger:Log(LogType, Object)
UnityEngine.Debug:Log(Object)
XRender.Runtime.Interface.XRenderRuntimeInitializeOnLoad:XRenderRuntimeInitializeOnLoadMethod()

[5.6473][Error]|LoadAPI is null
UnityEngine.Logger:Log(LogType, Object)
UnityEngine.Debug:LogError(Object)
XRender.Utilities.XRenderFileInterface:RawFileGetRootDir()
XRender.Utilities.XRenderFileInterface:GetRawFullPath(String)
XRender.Runtime.Modules.XRenderProxy.Util.XRendererEffect:Initialize()
Modules.XRenderProxy.XMeshRendererManager:Initial(XRenderPipeline)
XRender.Pipeline.XRenderPipeline:InitialRenderManagers()
XRender.Pipeline.XRenderPipeline:.ctor(XRenderPipelineAsset)
XRender.Pipeline.XRenderPipelineAsset:CreatePipeline()
UnityEngine.Rendering.RenderPipelineAsset:InternalCreatePipeline()
UnityEngine.Rendering.RenderPipelineManager:PrepareRenderPipeline(RenderPipelineAsset)
UnityEngine.Rendering.RenderPipelineManager:DoRenderLoop_Internal(RenderPipelineAsset, IntPtr, Object)

[5.6476][Error]|LoadAPI is null
UnityEngine.Logger:Log(LogType, Object)
UnityEngine.Debug:LogError(Object)
XRender.Utilities.XRenderFileInterface:RawFileExistSafe(String)
Utilities.XSerialization.XSerializationLoader:LoadAssetSyncByIDInternal(String, Boolean)
XRender.Runtime.Modules.XRenderProxy.Util.XRendererEffect:Initialize()
Modules.XRenderProxy.XMeshRendererManager:Initial(XRenderPipeline)
XRender.Pipeline.XRenderPipeline:InitialRenderManagers()
XRender.Pipeline.XRenderPipeline:.ctor(XRenderPipelineAsset)
XRender.Pipeline.XRenderPipelineAsset:CreatePipeline()
UnityEngine.Rendering.RenderPipelineAsset:InternalCreatePipeline()
UnityEngine.Rendering.RenderPipelineManager:PrepareRenderPipeline(RenderPipelineAsset)
UnityEngine.Rendering.RenderPipelineManager:DoRenderLoop_Internal(RenderPipelineAsset, IntPtr, Object)

[5.6477][Error]|XRendererEffectData Initialize Failed
UnityEngine.Logger:Log(LogType, Object)
UnityEngine.Debug:LogError(Object)
Modules.XRenderProxy.XMeshRendererManager:Initial(XRenderPipeline)
XRender.Pipeline.XRenderPipeline:InitialRenderManagers()
XRender.Pipeline.XRenderPipeline:.ctor(XRenderPipelineAsset)
XRender.Pipeline.XRenderPipelineAsset:CreatePipeline()
UnityEngine.Rendering.RenderPipelineAsset:InternalCreatePipeline()
UnityEngine.Rendering.RenderPipelineManager:PrepareRenderPipeline(RenderPipelineAsset)
UnityEngine.Rendering.RenderPipelineManager:DoRenderLoop_Internal(RenderPipelineAsset, IntPtr, Object)

[5.6532][Log]|[VRS] ShadingRateInfo: supportsPerDrawCall=True supportsPerImageTile=True supportsPerPrimitive=True imageTileSize=(16, 16) availableFragmentSizes=[FragmentSize1x1, FragmentSize1x2, FragmentSize2x1, FragmentSize2x2, FragmentSize2x4, FragmentSize4x2, FragmentSize4x4] nativeValues=[FragmentSize1x1=0, FragmentSize1x2=1, FragmentSize2x1=4, FragmentSize2x2=5, FragmentSize2x4=6, FragmentSize4x2=9, FragmentSize4x4=10]
UnityEngine.Logger:Log(LogType, Object)
UnityEngine.Debug:Log(Object)
XRender.Pipeline.XRenderGraphAssembler:GetOrCreatePassModule()
XRender.Pipeline.Assembler.XRenderGraphAssemblerSimpleDeferred:GetPassModuleList()
XRender.Pipeline.XRenderGraphAssembler:BeginAssemble(XRenderPipeline, XRenderGraph, XRenderRequest, XRenderRequest)
XRender.Pipeline.XRenderPipeline:ExecuteRenderRequest(ScriptableRenderContext, CommandBuffer2, XRenderRequest, XRenderRequest)
XRender.Pipeline.XRenderPipeline:Render(ScriptableRenderContext, List`1)
UnityEngine.Rendering.RenderPipelineManager:DoRenderLoop_Internal(RenderPipelineAsset, IntPtr, Object)

[5.6574][Log]|[VRS] InitializeResources: graphicsAPI=Direct3D12, supportsComputeShaders=True, supportsPerImageTile=True, imageTileSize=(16, 16), availableFragmentSizes=[FragmentSize1x1,FragmentSize1x2,FragmentSize2x1,FragmentSize2x2,FragmentSize2x4,FragmentSize4x2,FragmentSize4x4]
UnityEngine.Logger:Log(LogType, Object)
UnityEngine.Debug:Log(Object)
XRender.Pipeline.Modules.Vrs.VrsUtils:InitializeResources()
XRender.Pipeline.Modules.Vrs.RenderPassModuleVrs:EnsureResourcesInitialized()
XRender.Pipeline.Modules.Vrs.RenderPassModuleVrs:AddSriHistoryReprojectPass(XRenderGraph, XRenderRequest, ResourceID, ResourceID)
XRender.Pipeline.Assembler.XRenderGraphAssemblerSimpleDeferred:Assemble(XRenderRequest)
XRender.RenderGraph.XRenderGraph:AssembleAndExecute(ScriptableRenderContext, CommandBuffer2, Int32, XRenderRequest)
XRender.Pipeline.XRenderPipeline:ExecuteRenderRequest(ScriptableRenderContext, CommandBuffer2, XRenderRequest, XRenderRequest)
XRender.Pipeline.XRenderPipeline:Render(ScriptableRenderContext, List`1)
UnityEngine.Rendering.RenderPipelineManager:DoRenderLoop_Internal(RenderPipelineAsset, IntPtr, Object)

[5.6575][Log]|[VRS] Resources created. tileSize=(16, 16), casReprojKernel=0, casReprojRaster=True, bakeNextSriKernel=0, stencilBoundaryKernel=0
UnityEngine.Logger:Log(LogType, Object)
UnityEngine.Debug:Log(Object)
XRender.Pipeline.Modules.Vrs.VrsUtils:InitializeResources()
XRender.Pipeline.Modules.Vrs.RenderPassModuleVrs:EnsureResourcesInitialized()
XRender.Pipeline.Modules.Vrs.RenderPassModuleVrs:AddSriHistoryReprojectPass(XRenderGraph, XRenderRequest, ResourceID, ResourceID)
XRender.Pipeline.Assembler.XRenderGraphAssemblerSimpleDeferred:Assemble(XRenderRequest)
XRender.RenderGraph.XRenderGraph:AssembleAndExecute(ScriptableRenderContext, CommandBuffer2, Int32, XRenderRequest)
XRender.Pipeline.XRenderPipeline:ExecuteRenderRequest(ScriptableRenderContext, CommandBuffer2, XRenderRequest, XRenderRequest)
XRender.Pipeline.XRenderPipeline:Render(ScriptableRenderContext, List`1)
UnityEngine.Rendering.RenderPipelineManager:DoRenderLoop_Internal(RenderPipelineAsset, IntPtr, Object)

[5.6576][Log]|[VRS] Resources Initial: caps OK
UnityEngine.Logger:Log(LogType, Object)
UnityEngine.Debug:Log(Object)
XRender.Pipeline.Modules.Vrs.RenderPassModuleVrs:EnsureResourcesInitialized()
XRender.Pipeline.Modules.Vrs.RenderPassModuleVrs:AddSriHistoryReprojectPass(XRenderGraph, XRenderRequest, ResourceID, ResourceID)
XRender.Pipeline.Assembler.XRenderGraphAssemblerSimpleDeferred:Assemble(XRenderRequest)
XRender.RenderGraph.XRenderGraph:AssembleAndExecute(ScriptableRenderContext, CommandBuffer2, Int32, XRenderRequest)
XRender.Pipeline.XRenderPipeline:ExecuteRenderRequest(ScriptableRenderContext, CommandBuffer2, XRenderRequest, XRenderRequest)
XRender.Pipeline.XRenderPipeline:Render(ScriptableRenderContext, List`1)
UnityEngine.Rendering.RenderPipelineManager:DoRenderLoop_Internal(RenderPipelineAsset, IntPtr, Object)

[11.3132][Log]|[XPatchLocalization] System language: German, xpatch language: de_DE, fallback language: en
UnityEngine.Logger:Log(LogType, Object)
UnityEngine.Debug:Log(Object)
FunPlus.WorldX.Utils.GameLog:Log(Object, Object)
XPatch.XPatchLocalizationMgr:GetInitLanguage(XPatchLanguage&, Boolean&, Boolean&)
XPatch.XPatchLocalizationMgr:Init()
XPatch.XPatchLocalizationMgr:TryGetText(String, String&, Boolean)
XPatch.XPatchLocalizationMgr:GetText(String)
PatchWindow:Awake()
UnityEngine.Object:Instantiate(T)
PatchWindow:ShowPatchWindow()
FunPlus.WorldX.<StartupSequence>d__5:MoveNext()
UnityEngine.SetupCoroutine:InvokeMoveNext(IEnumerator, IntPtr)

[12.9511][Log]|[Tracking] report event=af_game_init
UnityEngine.Logger:Log(LogType, Object)
UnityEngine.Debug:Log(Object)
FunPlus.WorldX.Utils.GameLog:Log(Object, Object)
FunPlus.WorldX.SDK.SDKManager:Tracking(Dictionary`2)
FunPlus.WorldX.SDK.SDKManager:Tracking(String, Int32, Dictionary`2)
FunPlus.WorldX.SDK.SDKCallback:NotifySdkInitDone(Int32)
FunPlus.WorldX.SDK.SDKCallback:CallBackFunc(String, String, String)
FunPlus.SDK.FPX.FPXInternal:Update()

[12.9844][Warn]|Discord SDK is enabled but DiscordSocialClientId is invalid
UnityEngine.Logger:Log(LogType, Object)
UnityEngine.Debug:LogWarning(Object)
FunPlus.WorldX.SDK.SDKCallback:NotifySdkInitDone(Int32)
FunPlus.WorldX.SDK.SDKCallback:CallBackFunc(String, String, String)
FunPlus.SDK.FPX.FPXInternal:Update()

[12.9846][Log]|@fjs XPatchSDKLogger.LogEvent: ev[{

	"event_name": "loading",
	"type": 1,
	"extra": {

	"is_new": "false",
	"loading_time": 1789605048,
	"loading_type": "activation",
	"loading_name": "activation",
	"loading_id": "activation",
	"duration": 9919,
	"is_force": 1
},
	"event_tag": "core"
}]
UnityEngine.Logger:LogFormat(LogType, String, Object[])
UnityEngine.Debug:LogFormat(String, Object[])
FunPlus.WorldX.Utils.GameLog:LogFormat(String, Object[])
XPatch.XPatchSDKLogger:LogEvent(Dictionary`2)
XPatch.XPatchSDKLogger:LogNameType(String, Int32, Dictionary`2)
XPatch.XPatchSDKLogger:LogWithTypeStr(XPatchSDKLogType, String, String, String)
XPatch.XPatchRuntimeEntry:InitFromGame(Action, Action)
FunPlus.WorldX.GlobalGenerator:StartPatchFlow()
FunPlus.WorldX.SDK.SDKCallback:NotifySdkInitDone(Int32)
FunPlus.WorldX.SDK.SDKCallback:CallBackFunc(String, String, String)
FunPlus.SDK.FPX.FPXInternal:Update()

[12.9848][Log]|[Tracking] report event=loading
UnityEngine.Logger:Log(LogType, Object)
UnityEngine.Debug:Log(Object)
FunPlus.WorldX.Utils.GameLog:Log(Object, Object)
FunPlus.WorldX.SDK.SDKManager:Tracking(Dictionary`2)
XPatch.XPatchSDKLogger:LogEvent(Dictionary`2)
XPatch.XPatchSDKLogger:LogNameType(String, Int32, Dictionary`2)
XPatch.XPatchSDKLogger:LogWithTypeStr(XPatchSDKLogType, String, String, String)
XPatch.XPatchRuntimeEntry:InitFromGame(Action, Action)
FunPlus.WorldX.GlobalGenerator:StartPatchFlow()
FunPlus.WorldX.SDK.SDKCallback:NotifySdkInitDone(Int32)
FunPlus.WorldX.SDK.SDKCallback:CallBackFunc(String, String, String)
FunPlus.SDK.FPX.FPXInternal:Update()

[12.9875][Log]|@fjs XPatchSDKLogger.LogEvent: ev[{

	"event_name": "loading",
	"type": 1,
	"extra": {

	"loading_time": 1789605048,
	"loading_type": "EnterPatchFlowState",
	"loading_name": "EnterPatchFlowState",
	"loading_id": "EnterPatchFlowState",
	"duration": 3,
	"is_force": 1
},
	"event_tag": "core"
}]
UnityEngine.Logger:LogFormat(LogType, String, Object[])
UnityEngine.Debug:LogFormat(String, Object[])
FunPlus.WorldX.Utils.GameLog:LogFormat(String, Object[])
XPatch.XPatchSDKLogger:LogEvent(Dictionary`2)
XPatch.XPatchSDKLogger:LogNameType(String, Int32, Dictionary`2)
XPatch.XPatchSDKLogger:LogWithType(XPatchSDKLogType, Dictionary`2, String)
XPatch.<CRStartPatchFlow>d__0:MoveNext()
UnityEngine.SetupCoroutine:InvokeMoveNext(IEnumerator, IntPtr)
XPatch.XPatchRuntimeEntry:Init(Action, Action)
XPatch.XPatchRuntimeEntry:InitFromGame(Action, Action)
FunPlus.WorldX.GlobalGenerator:StartPatchFlow()
FunPlus.WorldX.SDK.SDKCallback:NotifySdkInitDone(Int32)
FunPlus.WorldX.SDK.SDKCallback:CallBackFunc(String, String, String)
FunPlus.SDK.FPX.FPXInternal:Update()

[12.9876][Log]|[Tracking] report event=loading
UnityEngine.Logger:Log(LogType, Object)
UnityEngine.Debug:Log(Object)
FunPlus.WorldX.Utils.GameLog:Log(Object, Object)
FunPlus.WorldX.SDK.SDKManager:Tracking(Dictionary`2)
XPatch.XPatchSDKLogger:LogEvent(Dictionary`2)
XPatch.XPatchSDKLogger:LogNameType(String, Int32, Dictionary`2)
XPatch.XPatchSDKLogger:LogWithType(XPatchSDKLogType, Dictionary`2, String)
XPatch.<CRStartPatchFlow>d__0:MoveNext()
UnityEngine.SetupCoroutine:InvokeMoveNext(IEnumerator, IntPtr)
XPatch.XPatchRuntimeEntry:Init(Action, Action)
XPatch.XPatchRuntimeEntry:InitFromGame(Action, Action)
FunPlus.WorldX.GlobalGenerator:StartPatchFlow()
FunPlus.WorldX.SDK.SDKCallback:NotifySdkInitDone(Int32)
FunPlus.WorldX.SDK.SDKCallback:CallBackFunc(String, String, String)
FunPlus.SDK.FPX.FPXInternal:Update()

[12.9878][Log]|@fjs XPatchSDKLogger.LogEvent: ev[{

	"event_name": "af_start_resource_download",
	"type": 2,
	"extra": {}
}]
UnityEngine.Logger:LogFormat(LogType, String, Object[])
UnityEngine.Debug:LogFormat(String, Object[])
FunPlus.WorldX.Utils.GameLog:LogFormat(String, Object[])
XPatch.XPatchSDKLogger:LogEvent(Dictionary`2)
XPatch.<CRStartPatchFlow>d__0:MoveNext()
UnityEngine.SetupCoroutine:InvokeMoveNext(IEnumerator, IntPtr)
XPatch.XPatchRuntimeEntry:Init(Action, Action)
XPatch.XPatchRuntimeEntry:InitFromGame(Action, Action)
FunPlus.WorldX.GlobalGenerator:StartPatchFlow()
FunPlus.WorldX.SDK.SDKCallback:NotifySdkInitDone(Int32)
FunPlus.WorldX.SDK.SDKCallback:CallBackFunc(String, String, String)
FunPlus.SDK.FPX.FPXInternal:Update()

[12.9879][Log]|[Tracking] report event=af_start_resource_download
UnityEngine.Logger:Log(LogType, Object)
UnityEngine.Debug:Log(Object)
FunPlus.WorldX.Utils.GameLog:Log(Object, Object)
FunPlus.WorldX.SDK.SDKManager:Tracking(Dictionary`2)
XPatch.XPatchSDKLogger:LogEvent(Dictionary`2)
XPatch.<CRStartPatchFlow>d__0:MoveNext()
UnityEngine.SetupCoroutine:InvokeMoveNext(IEnumerator, IntPtr)
XPatch.XPatchRuntimeEntry:Init(Action, Action)
XPatch.XPatchRuntimeEntry:InitFromGame(Action, Action)
FunPlus.WorldX.GlobalGenerator:StartPatchFlow()
FunPlus.WorldX.SDK.SDKCallback:NotifySdkInitDone(Int32)
FunPlus.WorldX.SDK.SDKCallback:CallBackFunc(String, String, String)
FunPlus.SDK.FPX.FPXInternal:Update()

[13.0324][Log]|XRendererEffectData Initialize Success, effect count: 166
UnityEngine.Logger:Log(LogType, Object)
UnityEngine.Debug:Log(Object)
XPatch.XPatchRuntimeEntry:Init(Action, Action)
XPatch.XPatchRuntimeEntry:InitFromGame(Action, Action)
FunPlus.WorldX.GlobalGenerator:StartPatchFlow()
FunPlus.WorldX.SDK.SDKCallback:NotifySdkInitDone(Int32)
FunPlus.WorldX.SDK.SDKCallback:CallBackFunc(String, String, String)
FunPlus.SDK.FPX.FPXInternal:Update()

[13.0376][Log]|PrintGameVersionInfo: deploy[xwinpublish], scm[3535596], res[1], lua[1], ucs[1]
UnityEngine.Logger:LogFormat(LogType, String, Object[])
UnityEngine.Debug:LogFormat(String, Object[])
XPatch.<CRInitSystemStartPatch>d__1:MoveNext()
UnityEngine.SetupCoroutine:InvokeMoveNext(IEnumerator, IntPtr)

[13.0445][Log]|CRCheckMultiIntance: enter: lockfile[C:\Program Files (x86)\PawPrint\Aniimo\game\gamerun.lock]
UnityEngine.Logger:LogFormat(LogType, String, Object[])
UnityEngine.Debug:LogFormat(String, Object[])
XPatch.<CRCheckMultiIntance>d__58:MoveNext()
UnityEngine.SetupCoroutine:InvokeMoveNext(IEnumerator, IntPtr)
XPatch.<CRInitSystemStartPatch>d__1:MoveNext()
UnityEngine.SetupCoroutine:InvokeMoveNext(IEnumerator, IntPtr)

[13.0446][Log]|CRCheckMultiIntance: check
UnityEngine.Logger:LogFormat(LogType, String, Object[])
UnityEngine.Debug:LogFormat(String, Object[])
XPatch.<CRCheckMultiIntance>d__58:MoveNext()
UnityEngine.SetupCoroutine:InvokeMoveNext(IEnumerator, IntPtr)
XPatch.<CRInitSystemStartPatch>d__1:MoveNext()
UnityEngine.SetupCoroutine:InvokeMoveNext(IEnumerator, IntPtr)

[13.0488][Log]|IsProcessExistAndSamePath: pid[33816], path[]
UnityEngine.Logger:LogFormat(LogType, String, Object[])
UnityEngine.Debug:LogFormat(String, Object[])
WorldX.XRuntimeIO:IsProcessExistAndSamePath(String, Int32)
WorldX.XRuntimeIO:CanDeleteGameLockFile(String, Boolean)
WorldX.XRuntimeIO:CreateGameLockFile(String, Exception&)
XPatch.<CRCheckMultiIntance>d__58:MoveNext()
UnityEngine.SetupCoroutine:InvokeMoveNext(IEnumerator, IntPtr)
XPatch.<CRInitSystemStartPatch>d__1:MoveNext()
UnityEngine.SetupCoroutine:InvokeMoveNext(IEnumerator, IntPtr)

[13.0493][Log]|CRCheckMultiIntance: exit
UnityEngine.Logger:LogFormat(LogType, String, Object[])
UnityEngine.Debug:LogFormat(String, Object[])
XPatch.<CRCheckMultiIntance>d__58:MoveNext()
UnityEngine.SetupCoroutine:InvokeMoveNext(IEnumerator, IntPtr)
XPatch.<CRInitSystemStartPatch>d__1:MoveNext()
UnityEngine.SetupCoroutine:InvokeMoveNext(IEnumerator, IntPtr)

[13.3293][Log]|CRCheckAndInitDebugAB: verPath empty, ignore, verPath[cvs/res/uab/win/debugab/PackageManifest_debugab.version]
UnityEngine.Logger:LogFormat(LogType, String, Object[])
UnityEngine.Debug:LogFormat(String, Object[])
XPatch.<CRCheckAndInitDebugAB>d__5:MoveNext()
UnityEngine.SetupCoroutine:InvokeMoveNext(IEnumerator, IntPtr)
XPatch.<CRInitSystemStartPatch>d__1:MoveNext()
UnityEngine.SetupCoroutine:InvokeMoveNext(IEnumerator, IntPtr)

[13.3363][Log]|CRInitSystemStartPatch: run CRPatchFlowMain start, ver[2]
UnityEngine.Logger:LogFormat(LogType, String, Object[])
UnityEngine.Debug:LogFormat(String, Object[])
XPatch.<CRInitSystemStartPatch>d__1:MoveNext()
UnityEngine.SetupCoroutine:InvokeMoveNext(IEnumerator, IntPtr)

[13.3364][Log]|NeedCheckRC: info[res:True,xfs:True,fix:True], scmv[3535596]
UnityEngine.Logger:LogFormat(LogType, String, Object[])
UnityEngine.Debug:LogFormat(String, Object[])
XPatch.XPatchV2ClientConfig:CheckClientConfig()
XPatch.<CRMain>d__1:MoveNext()
UnityEngine.SetupCoroutine:InvokeMoveNext(IEnumerator, IntPtr)
XPatch.<CRInitSystemStartPatch>d__1:MoveNext()
UnityEngine.SetupCoroutine:InvokeMoveNext(IEnumerator, IntPtr)

[13.3365][Log]|[02:30:48.726] CRMain: checkCC will, need[res:True,xfs:True,fix:True]
UnityEngine.Logger:LogFormat(LogType, String, Object[])
UnityEngine.Debug:LogFormat(String, Object[])
XPatch.<CRMain>d__1:MoveNext()
UnityEngine.SetupCoroutine:InvokeMoveNext(IEnumerator, IntPtr)
XPatch.<CRInitSystemStartPatch>d__1:MoveNext()
UnityEngine.SetupCoroutine:InvokeMoveNext(IEnumerator, IntPtr)

[13.3366][Log]|UpdateState: ns[Down], per[0], title[Wird heruntergeladen …], tip[Wird gestartet …]
UnityEngine.Logger:LogFormat(LogType, String, Object[])
UnityEngine.Debug:LogFormat(String, Object[])
PatchWindow:UpdateState(PatchState, Int32, String, String, String)
PatchWindow:OnHandleEventMessage(IEventMessage)
UniFramework.Event.UniEvent:SendMessage(Int32, IEventMessage)
XPatch.<CRMain>d__1:MoveNext()
UnityEngine.SetupCoroutine:InvokeMoveNext(IEnumerator, IntPtr)
XPatch.<CRInitSystemStartPatch>d__1:MoveNext()
UnityEngine.SetupCoroutine:InvokeMoveNext(IEnumerator, IntPtr)

[13.3367][Log]|[02:30:48.726] V2StepPatchBegin.CRStep
UnityEngine.Logger:LogFormat(LogType, String, Object[])
UnityEngine.Debug:LogFormat(String, Object[])
XPatch.<CRStep>d__0:MoveNext()
UnityEngine.SetupCoroutine:InvokeMoveNext(IEnumerator, IntPtr)
XPatch.<CRMain>d__1:MoveNext()
UnityEngine.SetupCoroutine:InvokeMoveNext(IEnumerator, IntPtr)
XPatch.<CRInitSystemStartPatch>d__1:MoveNext()
UnityEngine.SetupCoroutine:InvokeMoveNext(IEnumerator, IntPtr)

[13.3502][Log]|@fjs XPatchSDKLogger.LogEvent: ev[{

	"event_name": "loading",
	"type": 1,
	"extra": {

	"loading_time": 1789605048,
	"loading_type": "pullpatchlist",
	"loading_name": "pullpatchlist",
	"loading_id": "pullpatchlist",
	"duration": 363,
	"is_force": 1
},
	"event_tag": "core"
}]
UnityEngine.Logger:LogFormat(LogType, String, Object[])
UnityEngine.Debug:LogFormat(String, Object[])
FunPlus.WorldX.Utils.GameLog:LogFormat(String, Object[])
XPatch.XPatchSDKLogger:LogEvent(Dictionary`2)
XPatch.XPatchSDKLogger:LogNameType(String, Int32, Dictionary`2)
XPatch.XPatchSDKLogger:LogWithTypeStr(XPatchSDKLogType, String, String, String)
XPatch.<CRMain>d__1:MoveNext()
UnityEngine.SetupCoroutine:InvokeMoveNext(IEnumerator, IntPtr)

[13.3504][Log]|[Tracking] report event=loading
UnityEngine.Logger:Log(LogType, Object)
UnityEngine.Debug:Log(Object)
FunPlus.WorldX.Utils.GameLog:Log(Object, Object)
FunPlus.WorldX.SDK.SDKManager:Tracking(Dictionary`2)
XPatch.XPatchSDKLogger:LogEvent(Dictionary`2)
XPatch.XPatchSDKLogger:LogNameType(String, Int32, Dictionary`2)
XPatch.XPatchSDKLogger:LogWithTypeStr(XPatchSDKLogType, String, String, String)
XPatch.<CRMain>d__1:MoveNext()
UnityEngine.SetupCoroutine:InvokeMoveNext(IEnumerator, IntPtr)

[13.3506][Log]|UpdateState: ns[Down], per[0], title[Wird heruntergeladen …], tip[Version wird überprüft …]
UnityEngine.Logger:LogFormat(LogType, String, Object[])
UnityEngine.Debug:LogFormat(String, Object[])
PatchWindow:UpdateState(PatchState, Int32, String, String, String)
PatchWindow:OnHandleEventMessage(IEventMessage)
UniFramework.Event.UniEvent:SendMessage(Int32, IEventMessage)
XPatch.<CRDownloadRemoteConfigV2Fast>d__35:MoveNext()
UnityEngine.SetupCoroutine:InvokeMoveNext(IEnumerator, IntPtr)
XPatch.<CRStep>d__0:MoveNext()
UnityEngine.SetupCoroutine:InvokeMoveNext(IEnumerator, IntPtr)
XPatch.<CRMain>d__1:MoveNext()
UnityEngine.SetupCoroutine:InvokeMoveNext(IEnumerator, IntPtr)

[13.9754][Log]|PrintRemoteConfig: json[{
    "EnablePatch": "true",
    "EnablePSAutoSelectServer": "",
    "ModuleGrayConfig": [
        {
            "Key": "YiDunSdk",
            "value": [
                100,
                100,
                100
            ]
        }
    ],
    "Deploy": "xwinpublish",
    "Channel": "self",
    "ChannelOverridePattern": "",
    "CheckInterval": 30,
    "CurUpgradeVer": "4.0.0",
    "MinUpgradeVer": "1.0.0",
    "ResVerList": [
        {
            "Condition": "le(v, '0.1')",
            "Action": "TipPatch",
            "StoreUrl": "",
            "ResSetVersion": "0",
            "IsReview": "",
            "ReviewServerGroup": "",
            "ClientConfig": ""
        },
        {
            "Condition": "le(v, '1.1')",
            "Action": "TipPatch",
            "StoreUrl": "",
            "ResSetVersion": "0",
            "IsReview": "",
            "ReviewServerGroup": "",
            "ClientConfig": ""
        },
        {
            "Condition": "le(v, '2.0')",
            "Action": "TipPatch",
            "StoreUrl": "",
            "ResSetVersion": "0",
            "IsReview": "",
            "ReviewServerGroup": "",
            "ClientConfig": ""
        },
        {
            "Condition": "le(v, '3.0')",
            "Action": "TipPatch",
            "StoreUrl": "",
            "ResSetVersion": "0",
            "IsReview": "",
            "ReviewServerGroup": "",
            "ClientConfig": ""
        }
    ],
    "UCSVerList": [
        {
            "Condition": "le(v, '0.1')",
            "Action": "TipPatch",
            "StoreUrl": "",
            "ResSetVersion": "0",
            "IsReview": "",
            "ReviewServerGroup": "",
            "ClientConfig": ""
        },
        {
            "Condition": "le(v, '1.1')",
            "Action": "TipPatch",
            "StoreUrl": "",
            "ResSetVersion": "0",
            "IsReview": "",
            "ReviewServerGroup": "",
            "ClientConfig": ""
        },
        {
            "Condition": "le(v, '2.0')",
            "Action": "TipPatch",
            "StoreUrl": "",
            "ResSetVersion": "0",
            "IsReview": "",
            "ReviewServerGroup": "",
            "ClientConfig": ""
        },
        {
            "Condition": "le(v, '3.0')",
            "Action": "TipPatch",
            "StoreUrl": "",
            "ResSetVersion": "0",
            "IsReview": "",
            "ReviewServerGroup": "",
            "ClientConfig": ""
        }
    ],
    "LuaVerList": [
        {
            "Condition": "le(v, '0.1')",
            "Action": "TipPatch",
            "StoreUrl": "",
            "ResSetVersion": "0",
            "IsReview": "",
            "ReviewServerGroup": "",
            "ClientConfig": ""
        },
        {
            "Condition": "le(v, '1.1')",
            "Action": "TipPatch",
            "StoreUrl": "",
            "ResSetVersion": "0",
            "IsReview": "",
            "ReviewServerGroup": "",
            "ClientConfig": "--XClientConfigPatchMax=65"
        },
        {
            "Condition": "le(v, '2.0')",
            "Action": "TipPatch",
            "StoreUrl": "",
            "ResSetVersion": "0",
            "IsReview": "",
            "ReviewServerGroup": "",
            "ClientConfig": ""
        },
        {
            "Condition": "le(v, '3.0')",
            "Action": "TipPatch",
            "StoreUrl": "",
            "ResSetVersion": "0",
            "IsReview": "",
            "ReviewServerGroup": "",
            "ClientConfig": ""
        }
    ],
    "XFSVerList": [
        {
            "Condition": "le(v, '0.1')",
            "Action": "TipPatch",
            "StoreUrl": "",
            "ResSetVersion": "0",
            "IsReview": "",
            "ReviewServerGroup": "",
            "ClientConfig": ""
        },
        {
            "Condition": "le(v, '1.1')",
            "Action": "TipPatch",
            "StoreUrl": "",
            "ResSetVersion": "0",
            "IsReview": "",
            "ReviewServerGroup": "",
            "ClientConfig": ""
        },
        {
            "Condition": "le(v, '2.0')",
            "Action": "TipPatch",
            "StoreUrl": "",
            "ResSetVersion": "0",
            "IsReview": "",
            "ReviewServerGroup": "",
            "ClientConfig": ""
        },
        {
            "Condition": "le(v, '3.0')",
            "Action": "TipPatch",
            "StoreUrl": "",
            "ResSetVersion": "0",
            "IsReview": "",
            "ReviewServerGroup": "",
            "ClientConfig": ""
        }
    ]
}]
UnityEngine.Logger:LogFormat(LogType, String, Object[])
UnityEngine.Debug:LogFormat(String, Object[])
XPatch.<CRStep>d__0:MoveNext()
UnityEngine.SetupCoroutine:InvokeMoveNext(IEnumerator, IntPtr)

[13.9891][Log]|DoOverrideClientConfig: cmdline[--XClientConfigPatchMax=65]
UnityEngine.Logger:LogFormat(LogType, String, Object[])
UnityEngine.Debug:LogFormat(String, Object[])
XPatch.XPatchClientConfigMgr:DoOverrideClientConfig(XPatchClientConfig, String)
XPatch.XPatchClientConfigMgr:OverrideClientConfig(XPatchClientConfig, String)
XPatch.<CRMatchLuaVerList>d__28:MoveNext()
UnityEngine.SetupCoroutine:InvokeMoveNext(IEnumerator, IntPtr)
XPatch.<CRStep>d__0:MoveNext()
UnityEngine.SetupCoroutine:InvokeMoveNext(IEnumerator, IntPtr)

[13.9894][Log]|MatchLuaVerList: Matched cliVer[1.0.3535596], idx[1], cond[le(v, '1.1')], act[TipPatch], res[0], url[], review[], reviewServerGroup[], clientconfig[--XClientConfigPatchMax=65]
UnityEngine.Logger:LogFormat(LogType, String, Object[])
UnityEngine.Debug:LogFormat(String, Object[])
XPatch.<CRMatchLuaVerList>d__28:MoveNext()
UnityEngine.SetupCoroutine:InvokeMoveNext(IEnumerator, IntPtr)
XPatch.<CRStep>d__0:MoveNext()
UnityEngine.SetupCoroutine:InvokeMoveNext(IEnumerator, IntPtr)

[14.0078][Log]|LoadPatchV2Global: baseVer change delete saved, ccBVer[1.0.3535596], v2CCBVer[1.0.3509129]
UnityEngine.Logger:LogFormat(LogType, String, Object[])
UnityEngine.Debug:LogFormat(String, Object[])
XPatch.V2SaveHelper:LoadPatchV2Global(Boolean, Boolean)
XPatch.V2StepCheckRemoteConfig:LoadAndCheckSavedVersion(XPatchV2ContextGlobal)
XPatch.<CRMain>d__1:MoveNext()
UnityEngine.SetupCoroutine:InvokeMoveNext(IEnumerator, IntPtr)

[14.0129][Log]|LoadPatchV2Data: baseVer change delete saved, type[ucs], ccBVer[1.0.3535596], v2CCBVer[1.0.3509129]
UnityEngine.Logger:LogFormat(LogType, String, Object[])
UnityEngine.Debug:LogFormat(String, Object[])
XPatch.V2SaveHelper:LoadPatchV2Data(XPatchV2DataType, Boolean, Boolean)
XPatch.XPatchV2RemoteConfig:CheckSavedVersion(XPatchV2DataType, Int64, XPatchVersionItem)
XPatch.V2StepCheckRemoteConfig:LoadAndCheckSavedVersion(XPatchV2ContextGlobal)
XPatch.<CRMain>d__1:MoveNext()
UnityEngine.SetupCoroutine:InvokeMoveNext(IEnumerator, IntPtr)

[14.0132][Log]|CRMainV2: MarkForUpdate, dtype[ucs], remoteVer[0], upinfo[bver,2.2,R==0,T<<B], nextVer[3535596], item[{"Condition":"le(v, '1.1')","Action":"TipPatch","StoreUrl":"","ResSetVersion":"0","IsReview":"","ReviewServerGroup":"","ClientConfig":""}], v2d[{"Module":"ucs","CCScmVer":"3535596","CCBaseVer":"1.0.3535596","CCResVer":"1","CCXFSVer":"","CCLuaVer":"1","CCUCSVer":"1","InfoUpdate":"","BaseVer":3535596,"RemoteVer":0,"PrevVer":0,"ThisVer":0,"NextVer":0,"RCItem":{"Condition":"","Action":"","StoreUrl":"","ResSetVersion":"","IsReview":"","ReviewServerGroup":"","ClientConfig":""},"ListItem":[],"WorldPartState":0,"ListPartClassShort":[]}]
UnityEngine.Logger:LogFormat(LogType, String, Object[])
UnityEngine.Debug:LogFormat(String, Object[])
XPatch.XPatchV2SaveHelper:MarkForUpdate(XPatchV2SaveModule, XPatchV2DataType, Int64, XPatchVersionItem, String, Int64)
XPatch.XPatchV2RemoteConfig:CheckSavedVersion(XPatchV2DataType, Int64, XPatchVersionItem)
XPatch.V2StepCheckRemoteConfig:LoadAndCheckSavedVersion(XPatchV2ContextGlobal)
XPatch.<CRMain>d__1:MoveNext()
UnityEngine.SetupCoroutine:InvokeMoveNext(IEnumerator, IntPtr)

[14.0166][Log]|LoadPatchV2Data: baseVer change delete saved, type[lua], ccBVer[1.0.3535596], v2CCBVer[1.0.3509129]
UnityEngine.Logger:LogFormat(LogType, String, Object[])
UnityEngine.Debug:LogFormat(String, Object[])
XPatch.V2SaveHelper:LoadPatchV2Data(XPatchV2DataType, Boolean, Boolean)
XPatch.XPatchV2RemoteConfig:CheckSavedVersion(XPatchV2DataType, Int64, XPatchVersionItem)
XPatch.V2StepCheckRemoteConfig:LoadAndCheckSavedVersion(XPatchV2ContextGlobal)
XPatch.<CRMain>d__1:MoveNext()
UnityEngine.SetupCoroutine:InvokeMoveNext(IEnumerator, IntPtr)

[14.0168][Log]|CRMainV2: MarkForUpdate, dtype[lua], remoteVer[0], upinfo[bver,2.2,R==0,T<<B], nextVer[3535596], item[{"Condition":"le(v, '1.1')","Action":"TipPatch","StoreUrl":"","ResSetVersion":"0","IsReview":"","ReviewServerGroup":"","ClientConfig":"--XClientConfigPatchMax=65"}], v2d[{"Module":"lua","CCScmVer":"3535596","CCBaseVer":"1.0.3535596","CCResVer":"1","CCXFSVer":"","CCLuaVer":"1","CCUCSVer":"1","InfoUpdate":"","BaseVer":3535596,"RemoteVer":0,"PrevVer":0,"ThisVer":0,"NextVer":0,"RCItem":{"Condition":"","Action":"","StoreUrl":"","ResSetVersion":"","IsReview":"","ReviewServerGroup":"","ClientConfig":""},"ListItem":[],"WorldPartState":0,"ListPartClassShort":[]}]
UnityEngine.Logger:LogFormat(LogType, String, Object[])
UnityEngine.Debug:LogFormat(String, Object[])
XPatch.XPatchV2SaveHelper:MarkForUpdate(XPatchV2SaveModule, XPatchV2DataType, Int64, XPatchVersionItem, String, Int64)
XPatch.XPatchV2RemoteConfig:CheckSavedVersion(XPatchV2DataType, Int64, XPatchVersionItem)
XPatch.V2StepCheckRemoteConfig:LoadAndCheckSavedVersion(XPatchV2ContextGlobal)
XPatch.<CRMain>d__1:MoveNext()
UnityEngine.SetupCoroutine:InvokeMoveNext(IEnumerator, IntPtr)

[14.0213][Log]|LoadPatchV2Data: baseVer change delete saved, type[xfs], ccBVer[1.0.3535596], v2CCBVer[1.0.3509129]
UnityEngine.Logger:LogFormat(LogType, String, Object[])
UnityEngine.Debug:LogFormat(String, Object[])
XPatch.V2SaveHelper:LoadPatchV2Data(XPatchV2DataType, Boolean, Boolean)
XPatch.XPatchV2RemoteConfig:CheckSavedVersion(XPatchV2DataType, Int64, XPatchVersionItem)
XPatch.V2StepCheckRemoteConfig:LoadAndCheckSavedVersion(XPatchV2ContextGlobal)
XPatch.<CRMain>d__1:MoveNext()
UnityEngine.SetupCoroutine:InvokeMoveNext(IEnumerator, IntPtr)

[14.0215][Log]|CRMainV2: MarkForUpdate, dtype[xfs], remoteVer[0], upinfo[bver,2.2,R==0,T<<B], nextVer[3535596], item[{"Condition":"le(v, '1.1')","Action":"TipPatch","StoreUrl":"","ResSetVersion":"0","IsReview":"","ReviewServerGroup":"","ClientConfig":""}], v2d[{"Module":"xfs","CCScmVer":"3535596","CCBaseVer":"1.0.3535596","CCResVer":"1","CCXFSVer":"","CCLuaVer":"1","CCUCSVer":"1","InfoUpdate":"","BaseVer":3535596,"RemoteVer":0,"PrevVer":0,"ThisVer":0,"NextVer":0,"RCItem":{"Condition":"","Action":"","StoreUrl":"","ResSetVersion":"","IsReview":"","ReviewServerGroup":"","ClientConfig":""},"ListItem":[],"WorldPartState":0,"ListPartClassShort":[]}]
UnityEngine.Logger:LogFormat(LogType, String, Object[])
UnityEngine.Debug:LogFormat(String, Object[])
XPatch.XPatchV2SaveHelper:MarkForUpdate(XPatchV2SaveModule, XPatchV2DataType, Int64, XPatchVersionItem, String, Int64)
XPatch.XPatchV2RemoteConfig:CheckSavedVersion(XPatchV2DataType, Int64, XPatchVersionItem)
XPatch.V2StepCheckRemoteConfig:LoadAndCheckSavedVersion(XPatchV2ContextGlobal)
XPatch.<CRMain>d__1:MoveNext()
UnityEngine.SetupCoroutine:InvokeMoveNext(IEnumerator, IntPtr)

[14.0249][Log]|LoadPatchV2Data: baseVer change delete saved, type[res], ccBVer[1.0.3535596], v2CCBVer[1.0.3509129]
UnityEngine.Logger:LogFormat(LogType, String, Object[])
UnityEngine.Debug:LogFormat(String, Object[])
XPatch.V2SaveHelper:LoadPatchV2Data(XPatchV2DataType, Boolean, Boolean)
XPatch.XPatchV2RemoteConfig:CheckSavedVersion(XPatchV2DataType, Int64, XPatchVersionItem)
XPatch.V2StepCheckRemoteConfig:LoadAndCheckSavedVersion(XPatchV2ContextGlobal)
XPatch.<CRMain>d__1:MoveNext()
UnityEngine.SetupCoroutine:InvokeMoveNext(IEnumerator, IntPtr)

[14.0251][Log]|CRMainV2: MarkForUpdate, dtype[res], remoteVer[0], upinfo[bver,2.2,R==0,T<<B], nextVer[3535596], item[{"Condition":"le(v, '1.1')","Action":"TipPatch","StoreUrl":"","ResSetVersion":"0","IsReview":"","ReviewServerGroup":"","ClientConfig":""}], v2d[{"Module":"res","CCScmVer":"3535596","CCBaseVer":"1.0.3535596","CCResVer":"1","CCXFSVer":"","CCLuaVer":"1","CCUCSVer":"1","InfoUpdate":"","BaseVer":3535596,"RemoteVer":0,"PrevVer":0,"ThisVer":0,"NextVer":0,"RCItem":{"Condition":"","Action":"","StoreUrl":"","ResSetVersion":"","IsReview":"","ReviewServerGroup":"","ClientConfig":""},"ListItem":[],"WorldPartState":0,"ListPartClassShort":[]}]
UnityEngine.Logger:LogFormat(LogType, String, Object[])
UnityEngine.Debug:LogFormat(String, Object[])
XPatch.XPatchV2SaveHelper:MarkForUpdate(XPatchV2SaveModule, XPatchV2DataType, Int64, XPatchVersionItem, String, Int64)
XPatch.XPatchV2RemoteConfig:CheckSavedVersion(XPatchV2DataType, Int64, XPatchVersionItem)
XPatch.V2StepCheckRemoteConfig:LoadAndCheckSavedVersion(XPatchV2ContextGlobal)
XPatch.<CRMain>d__1:MoveNext()
UnityEngine.SetupCoroutine:InvokeMoveNext(IEnumerator, IntPtr)

[14.0252][Log]|[02:30:49.414] CRMain: start filelist, ucs[will:True,info:bver,2.2,R==0,T<<B,nver:3535596,bver:3535596,rver:0,pver:0,tver:3535596], lua[will:True,info:bver,2.2,R==0,T<<B,nver:3535596,bver:3535596,rver:0,pver:0,tver:3535596], xfs[will:True,info:bver,2.2,R==0,T<<B,nver:3535596,bver:3535596,rver:0,pver:0,tver:3535596], res[will:True,info:bver,2.2,R==0,T<<B,nver:3535596,bver:3535596,rver:0,pver:0,tver:3535596]
UnityEngine.Logger:LogFormat(LogType, String, Object[])
UnityEngine.Debug:LogFormat(String, Object[])
XPatch.<CRMain>d__1:MoveNext()
UnityEngine.SetupCoroutine:InvokeMoveNext(IEnumerator, IntPtr)

[14.0252][Log]|UpdateState: ns[Down], per[0], title[Wird heruntergeladen …], tip[Dateiliste wird abgerufen …]
UnityEngine.Logger:LogFormat(LogType, String, Object[])
UnityEngine.Debug:LogFormat(String, Object[])
PatchWindow:UpdateState(PatchState, Int32, String, String, String)
PatchWindow:OnHandleEventMessage(IEventMessage)
UniFramework.Event.UniEvent:SendMessage(Int32, IEventMessage)
XPatch.<CRStep>d__0:MoveNext()
UnityEngine.SetupCoroutine:InvokeMoveNext(IEnumerator, IntPtr)
XPatch.<CRMain>d__1:MoveNext()
UnityEngine.SetupCoroutine:InvokeMoveNext(IEnumerator, IntPtr)

[14.0253][Log]|[02:30:49.414] CRDownList: start
UnityEngine.Logger:LogFormat(LogType, String, Object[])
UnityEngine.Debug:LogFormat(String, Object[])
XPatch.<CRStep>d__0:MoveNext()
UnityEngine.SetupCoroutine:InvokeMoveNext(IEnumerator, IntPtr)
XPatch.<CRMain>d__1:MoveNext()
UnityEngine.SetupCoroutine:InvokeMoveNext(IEnumerator, IntPtr)

[14.0934][Log]|DownCacheFile: get remote, size[95], file[C:/Program Files (x86)/PawPrint/Aniimo/game/Aniimo_Data/cvs/res/patchv2/ucs/ver/3535596/patch.txt]
UnityEngine.Logger:LogFormat(LogType, String, Object[])
UnityEngine.Debug:LogFormat(String, Object[])
XPatch.<CRDownCachedFile>d__1:MoveNext()
UnityEngine.SetupCoroutine:InvokeMoveNext(IEnumerator, IntPtr)

[14.0936][Log]|DownCacheFile: get remote, size[114], file[C:/Program Files (x86)/PawPrint/Aniimo/game/Aniimo_Data/cvs/res/patchv2/lua/ver/3535596/LuaScripts.txt]
UnityEngine.Logger:LogFormat(LogType, String, Object[])
UnityEngine.Debug:LogFormat(String, Object[])
XPatch.<CRDownCachedFile>d__1:MoveNext()
UnityEngine.SetupCoroutine:InvokeMoveNext(IEnumerator, IntPtr)

[14.3086][Log]|DownCacheFile: get remote, size[258201], file[C:/Program Files (x86)/PawPrint/Aniimo/game/Aniimo_Data/cvs/res/patchv2/xfs/ver/3535596/raw/raw_patchv2.zip]
UnityEngine.Logger:LogFormat(LogType, String, Object[])
UnityEngine.Debug:LogFormat(String, Object[])
XPatch.<CRDownCachedFile>d__1:MoveNext()
UnityEngine.SetupCoroutine:InvokeMoveNext(IEnumerator, IntPtr)

[14.3087][Log]|DownCacheFile: get remote, size[300028], file[C:/Program Files (x86)/PawPrint/Aniimo/game/Aniimo_Data/cvs/res/patchv2/xfs/ver/3535596/voxel/voxel_patchv2.zip]
UnityEngine.Logger:LogFormat(LogType, String, Object[])
UnityEngine.Debug:LogFormat(String, Object[])
XPatch.<CRDownCachedFile>d__1:MoveNext()
UnityEngine.SetupCoroutine:InvokeMoveNext(IEnumerator, IntPtr)

[14.3088][Log]|DownCacheFile: get remote, size[83050], file[C:/Program Files (x86)/PawPrint/Aniimo/game/Aniimo_Data/cvs/res/patchv2/xfs/ver/3535596/sound/win/sound_patchv2.zip]
UnityEngine.Logger:LogFormat(LogType, String, Object[])
UnityEngine.Debug:LogFormat(String, Object[])
XPatch.<CRDownCachedFile>d__1:MoveNext()
UnityEngine.SetupCoroutine:InvokeMoveNext(IEnumerator, IntPtr)

[14.3377][Log]|DownCacheFile: get remote, size[2940450], file[C:/Program Files (x86)/PawPrint/Aniimo/game/Aniimo_Data/cvs/res/patchv2/res/ver/3535596/win/res_patchv2.zip]
UnityEngine.Logger:LogFormat(LogType, String, Object[])
UnityEngine.Debug:LogFormat(String, Object[])
XPatch.<CRDownCachedFile>d__1:MoveNext()
UnityEngine.SetupCoroutine:InvokeMoveNext(IEnumerator, IntPtr)

[14.7254][Log]|[02:30:50.114] CRDownList: compl
UnityEngine.Logger:LogFormat(LogType, String, Object[])
XPatch.<CRStep>d__0:MoveNext()
UnityEngine.SetupCoroutine:InvokeMoveNext(IEnumerator, IntPtr)

[14.7255][Log]|UpdateState: ns[Down], per[0], title[Wird heruntergeladen …], tip[Dateien werden gescannt …]
UnityEngine.Logger:LogFormat(LogType, String, Object[])
UnityEngine.Debug:LogFormat(String, Object[])
PatchWindow:UpdateState(PatchState, Int32, String, String, String)
PatchWindow:OnHandleEventMessage(IEventMessage)
UniFramework.Event.UniEvent:SendMessage(Int32, IEventMessage)
XPatch.<CRStep>d__0:MoveNext()
UnityEngine.SetupCoroutine:InvokeMoveNext(IEnumerator, IntPtr)
XPatch.<CRMain>d__1:MoveNext()
UnityEngine.SetupCoroutine:InvokeMoveNext(IEnumerator, IntPtr)

[14.7256][Log]|[02:30:50.114] CRCalcList: start
UnityEngine.Logger:LogFormat(LogType, String, Object[])
UnityEngine.Debug:LogFormat(String, Object[])
XPatch.<CRStep>d__0:MoveNext()
UnityEngine.SetupCoroutine:InvokeMoveNext(IEnumerator, IntPtr)
XPatch.<CRMain>d__1:MoveNext()
UnityEngine.SetupCoroutine:InvokeMoveNext(IEnumerator, IntPtr)

[14.7320][Log]|@fjs ResCalcFileList: beg pmdata calc, time:02:30:50.121
UnityEngine.Logger:LogFormat(LogType, String, Object[])
UnityEngine.Debug:LogFormat(String, Object[])
XPatch.<CRCalcFileList>d__0:MoveNext()
UnityEngine.SetupCoroutine:InvokeMoveNext(IEnumerator, IntPtr)
XPatch.<CRStep>d__0:MoveNext()
UnityEngine.SetupCoroutine:InvokeMoveNext(IEnumerator, IntPtr)
XPatch.<CRMain>d__1:MoveNext()
UnityEngine.SetupCoroutine:InvokeMoveNext(IEnumerator, IntPtr)

[14.8804][Log]|@fjs ManifestRead: Total[0], list[244243], rev0Num[148340]
UnityEngine.Logger:LogFormat(LogType, String, Object[])
UnityEngine.Debug:LogFormat(String, Object[])
YooAsset.DeserializeManifestOperation:Update()
YooAsset.OperationSystem:Update()
YooAsset.YooAssets:Update()

[14.8805][Log]|@fjs ResCalcFileList: end pmdata calc, time:02:30:50.270
UnityEngine.Logger:LogFormat(LogType, String, Object[])
UnityEngine.Debug:LogFormat(String, Object[])
XPatch.<CRCalcFileList>d__0:MoveNext()
UnityEngine.SetupCoroutine:InvokeMoveNext(IEnumerator, IntPtr)

[14.8989][Log]|@fjs CRCalcModClassID: beg mod[raw] time:02:30:50.289
UnityEngine.Logger:LogFormat(LogType, String, Object[])
UnityEngine.Debug:LogFormat(String, Object[])
XPatch.<CRCalcFileListModClassID>d__2:MoveNext()
UnityEngine.SetupCoroutine:InvokeMoveNext(IEnumerator, IntPtr)
WorldX.XRuntimeIO:StartCoroutine(IEnumerator)
XPatch.<CRCalcFileListMod>d__1:MoveNext()
UnityEngine.SetupCoroutine:InvokeMoveNext(IEnumerator, IntPtr)

[14.9059][Log]|@fjs CRCalcModClassID: 111 mod[raw] time:02:30:50.296
UnityEngine.Logger:LogFormat(LogType, String, Object[])
UnityEngine.Debug:LogFormat(String, Object[])
XPatch.<CRCalcFileListModClassID>d__2:MoveNext()
UnityEngine.SetupCoroutine:InvokeMoveNext(IEnumerator, IntPtr)

[14.9060][Log]|@fjs ResCalcFileList: beg partid calc, time:02:30:50.296
UnityEngine.Logger:LogFormat(LogType, String, Object[])
UnityEngine.Debug:LogFormat(String, Object[])
XPatch.<CRCalcFileList>d__0:MoveNext()
UnityEngine.SetupCoroutine:InvokeMoveNext(IEnumerator, IntPtr)

[14.9204][Log]|@fjs CRCalcModClassID: 222 mod[raw] time:02:30:50.310
UnityEngine.Logger:LogFormat(LogType, String, Object[])
UnityEngine.Debug:LogFormat(String, Object[])
XPatch.<CRCalcFileListModClassID>d__2:MoveNext()
UnityEngine.SetupCoroutine:InvokeMoveNext(IEnumerator, IntPtr)

[14.9205][Log]|@fjs CRCalcModClassID: end time:02:30:50.310
UnityEngine.Logger:LogFormat(LogType, String, Object[])
UnityEngine.Debug:LogFormat(String, Object[])
XPatch.<CRCalcFileListModClassID>d__2:MoveNext()
UnityEngine.SetupCoroutine:InvokeMoveNext(IEnumerator, IntPtr)

[14.9205][Log]|@fjs CRCalcModClassID: beg mod[raw] time:02:30:50.310
UnityEngine.Logger:LogFormat(LogType, String, Object[])
UnityEngine.Debug:LogFormat(String, Object[])
XPatch.<CRCalcFileListModClassID>d__2:MoveNext()
UnityEngine.SetupCoroutine:InvokeMoveNext(IEnumerator, IntPtr)
WorldX.XRuntimeIO:StartCoroutine(IEnumerator)
XPatch.<CRCalcFileListMod>d__1:MoveNext()
UnityEngine.SetupCoroutine:InvokeMoveNext(IEnumerator, IntPtr)

[14.9219][Log]|@fjs CRCalcModClassID: 111 mod[raw] time:02:30:50.311
UnityEngine.Logger:LogFormat(LogType, String, Object[])
UnityEngine.Debug:LogFormat(String, Object[])
XPatch.<CRCalcFileListModClassID>d__2:MoveNext()
UnityEngine.SetupCoroutine:InvokeMoveNext(IEnumerator, IntPtr)

[14.9286][Log]|@fjs CRCalcModClassID: 222 mod[raw] time:02:30:50.318
UnityEngine.Logger:LogFormat(LogType, String, Object[])
UnityEngine.Debug:LogFormat(String, Object[])
XPatch.<CRCalcFileListModClassID>d__2:MoveNext()
UnityEngine.SetupCoroutine:InvokeMoveNext(IEnumerator, IntPtr)

[14.9287][Log]|@fjs CRCalcModClassID: end time:02:30:50.318
UnityEngine.Logger:LogFormat(LogType, String, Object[])
UnityEngine.Debug:LogFormat(String, Object[])
XPatch.<CRCalcFileListModClassID>d__2:MoveNext()
UnityEngine.SetupCoroutine:InvokeMoveNext(IEnumerator, IntPtr)

[14.9287][Log]|@fjs CRCalcModClassID: beg mod[raw] time:02:30:50.319
UnityEngine.Logger:LogFormat(LogType, String, Object[])
UnityEngine.Debug:LogFormat(String, Object[])
XPatch.<CRCalcFileListModClassID>d__2:MoveNext()
UnityEngine.SetupCoroutine:InvokeMoveNext(IEnumerator, IntPtr)
WorldX.XRuntimeIO:StartCoroutine(IEnumerator)
XPatch.<CRCalcFileListMod>d__1:MoveNext()
UnityEngine.SetupCoroutine:InvokeMoveNext(IEnumerator, IntPtr)

[14.9336][Log]|@fjs CRCalcModClassID: 111 mod[raw] time:02:30:50.323
UnityEngine.Logger:LogFormat(LogType, String, Object[])
UnityEngine.Debug:LogFormat(String, Object[])
XPatch.<CRCalcFileListModClassID>d__2:MoveNext()
UnityEngine.SetupCoroutine:InvokeMoveNext(IEnumerator, IntPtr)

[14.9337][Log]|@fjs CRCalcModClassID: 222 mod[raw] time:02:30:50.323
UnityEngine.Logger:LogFormat(LogType, String, Object[])
UnityEngine.Debug:LogFormat(String, Object[])
XPatch.<CRCalcFileListModClassID>d__2:MoveNext()
UnityEngine.SetupCoroutine:InvokeMoveNext(IEnumerator, IntPtr)

[14.9337][Log]|@fjs CRCalcModClassID: end time:02:30:50.323
UnityEngine.Logger:LogFormat(LogType, String, Object[])
UnityEngine.Debug:LogFormat(String, Object[])
XPatch.<CRCalcFileListModClassID>d__2:MoveNext()
UnityEngine.SetupCoroutine:InvokeMoveNext(IEnumerator, IntPtr)

[14.9337][Log]|@fjs CRCalcModClassID: beg mod[raw] time:02:30:50.323
UnityEngine.Logger:LogFormat(LogType, String, Object[])
UnityEngine.Debug:LogFormat(String, Object[])
XPatch.<CRCalcFileListModClassID>d__2:MoveNext()
UnityEngine.SetupCoroutine:InvokeMoveNext(IEnumerator, IntPtr)
WorldX.XRuntimeIO:StartCoroutine(IEnumerator)
XPatch.<CRCalcFileListMod>d__1:MoveNext()
UnityEngine.SetupCoroutine:InvokeMoveNext(IEnumerator, IntPtr)

[14.9406][Log]|@fjs CRCalcModClassID: 111 mod[raw] time:02:30:50.330
UnityEngine.Logger:LogFormat(LogType, String, Object[])
UnityEngine.Debug:LogFormat(String, Object[])
XPatch.<CRCalcFileListModClassID>d__2:MoveNext()
UnityEngine.SetupCoroutine:InvokeMoveNext(IEnumerator, IntPtr)

[15.0862][Log]|@fjs CRCalcModClassID: 222 mod[raw] time:02:30:50.476
UnityEngine.Logger:LogFormat(LogType, String, Object[])
UnityEngine.Debug:LogFormat(String, Object[])
XPatch.<CRCalcFileListModClassID>d__2:MoveNext()
UnityEngine.SetupCoroutine:InvokeMoveNext(IEnumerator, IntPtr)

[15.0863][Log]|@fjs CRCalcModClassID: end time:02:30:50.476
UnityEngine.Logger:LogFormat(LogType, String, Object[])
UnityEngine.Debug:LogFormat(String, Object[])
XPatch.<CRCalcFileListModClassID>d__2:MoveNext()
UnityEngine.SetupCoroutine:InvokeMoveNext(IEnumerator, IntPtr)

[15.0863][Log]|@fjs CRCalcModClassID: beg mod[raw] time:02:30:50.476
UnityEngine.Logger:LogFormat(LogType, String, Object[])
UnityEngine.Debug:LogFormat(String, Object[])
XPatch.<CRCalcFileListModClassID>d__2:MoveNext()
UnityEngine.SetupCoroutine:InvokeMoveNext(IEnumerator, IntPtr)
WorldX.XRuntimeIO:StartCoroutine(IEnumerator)
XPatch.<CRCalcFileListMod>d__1:MoveNext()
UnityEngine.SetupCoroutine:InvokeMoveNext(IEnumerator, IntPtr)

[15.0934][Log]|@fjs CRCalcModClassID: 111 mod[raw] time:02:30:50.483
UnityEngine.Logger:LogFormat(LogType, String, Object[])
UnityEngine.Debug:LogFormat(String, Object[])
XPatch.<CRCalcFileListModClassID>d__2:MoveNext()
UnityEngine.SetupCoroutine:InvokeMoveNext(IEnumerator, IntPtr)

[15.1109][Log]|@fjs CRCalcModClassID: 222 mod[raw] time:02:30:50.500
UnityEngine.Logger:LogFormat(LogType, String, Object[])
UnityEngine.Debug:LogFormat(String, Object[])
XPatch.<CRCalcFileListModClassID>d__2:MoveNext()
UnityEngine.SetupCoroutine:InvokeMoveNext(IEnumerator, IntPtr)

[15.1110][Log]|@fjs CRCalcModClassID: end time:02:30:50.500
UnityEngine.Logger:LogFormat(LogType, String, Object[])
UnityEngine.Debug:LogFormat(String, Object[])
XPatch.<CRCalcFileListModClassID>d__2:MoveNext()
UnityEngine.SetupCoroutine:InvokeMoveNext(IEnumerator, IntPtr)

[15.1110][Log]|@fjs CRCalcModClassID: beg mod[raw] time:02:30:50.500
UnityEngine.Logger:LogFormat(LogType, String, Object[])
UnityEngine.Debug:LogFormat(String, Object[])
XPatch.<CRCalcFileListModClassID>d__2:MoveNext()
UnityEngine.SetupCoroutine:InvokeMoveNext(IEnumerator, IntPtr)
WorldX.XRuntimeIO:StartCoroutine(IEnumerator)
XPatch.<CRCalcFileListMod>d__1:MoveNext()
UnityEngine.SetupCoroutine:InvokeMoveNext(IEnumerator, IntPtr)

[15.1125][Log]|@fjs CRCalcModClassID: 111 mod[raw] time:02:30:50.501
UnityEngine.Logger:LogFormat(LogType, String, Object[])
UnityEngine.Debug:LogFormat(String, Object[])
XPatch.<CRCalcFileListModClassID>d__2:MoveNext()
UnityEngine.SetupCoroutine:InvokeMoveNext(IEnumerator, IntPtr)

[15.1125][Log]|@fjs CRCalcModClassID: 222 mod[raw] time:02:30:50.501
UnityEngine.Logger:LogFormat(LogType, String, Object[])
UnityEngine.Debug:LogFormat(String, Object[])
XPatch.<CRCalcFileListModClassID>d__2:MoveNext()
UnityEngine.SetupCoroutine:InvokeMoveNext(IEnumerator, IntPtr)

[15.1126][Log]|@fjs CRCalcModClassID: end time:02:30:50.501
UnityEngine.Logger:LogFormat(LogType, String, Object[])
UnityEngine.Debug:LogFormat(String, Object[])
XPatch.<CRCalcFileListModClassID>d__2:MoveNext()
UnityEngine.SetupCoroutine:InvokeMoveNext(IEnumerator, IntPtr)

[15.1126][Log]|@fjs CRCalcModClassID: beg mod[raw] time:02:30:50.501
UnityEngine.Logger:LogFormat(LogType, String, Object[])
UnityEngine.Debug:LogFormat(String, Object[])
XPatch.<CRCalcFileListModClassID>d__2:MoveNext()
UnityEngine.SetupCoroutine:InvokeMoveNext(IEnumerator, IntPtr)
WorldX.XRuntimeIO:StartCoroutine(IEnumerator)
XPatch.<CRCalcFileListMod>d__1:MoveNext()
UnityEngine.SetupCoroutine:InvokeMoveNext(IEnumerator, IntPtr)

[15.1304][Log]|@fjs CRCalcModClassID: 111 mod[raw] time:02:30:50.520
UnityEngine.Logger:LogFormat(LogType, String, Object[])
UnityEngine.Debug:LogFormat(String, Object[])
XPatch.<CRCalcFileListModClassID>d__2:MoveNext()
UnityEngine.SetupCoroutine:InvokeMoveNext(IEnumerator, IntPtr)

[15.1305][Log]|@fjs CRCalcModClassID: 222 mod[raw] time:02:30:50.520
UnityEngine.Logger:LogFormat(LogType, String, Object[])
UnityEngine.Debug:LogFormat(String, Object[])
XPatch.<CRCalcFileListModClassID>d__2:MoveNext()
UnityEngine.SetupCoroutine:InvokeMoveNext(IEnumerator, IntPtr)

[15.1305][Log]|@fjs CRCalcModClassID: end time:02:30:50.520
UnityEngine.Logger:LogFormat(LogType, String, Object[])
UnityEngine.Debug:LogFormat(String, Object[])
XPatch.<CRCalcFileListModClassID>d__2:MoveNext()
UnityEngine.SetupCoroutine:InvokeMoveNext(IEnumerator, IntPtr)

[15.1305][Log]|@fjs CRCalcModClassID: beg mod[raw] time:02:30:50.520
UnityEngine.Logger:LogFormat(LogType, String, Object[])
UnityEngine.Debug:LogFormat(String, Object[])
XPatch.<CRCalcFileListModClassID>d__2:MoveNext()
UnityEngine.SetupCoroutine:InvokeMoveNext(IEnumerator, IntPtr)
WorldX.XRuntimeIO:StartCoroutine(IEnumerator)
XPatch.<CRCalcFileListMod>d__1:MoveNext()
UnityEngine.SetupCoroutine:InvokeMoveNext(IEnumerator, IntPtr)

[15.1419][Log]|@fjs CRCalcModClassID: 111 mod[raw] time:02:30:50.531
UnityEngine.Logger:LogFormat(LogType, String, Object[])
UnityEngine.Debug:LogFormat(String, Object[])
XPatch.<CRCalcFileListModClassID>d__2:MoveNext()
UnityEngine.SetupCoroutine:InvokeMoveNext(IEnumerator, IntPtr)

[15.4610][Log]|@fjs ResCalcFileList: end partid calc, time:02:30:50.850
UnityEngine.Logger:LogFormat(LogType, String, Object[])
UnityEngine.Debug:LogFormat(String, Object[])
XPatch.<CRCalcFileList>d__0:MoveNext()
UnityEngine.SetupCoroutine:InvokeMoveNext(IEnumerator, IntPtr)

[15.4612][Log]|@fjs ResCalcFileList: beg partid list, time:02:30:50.851
UnityEngine.Logger:LogFormat(LogType, String, Object[])
UnityEngine.Debug:LogFormat(String, Object[])
XPatch.<CRCalcFileList>d__0:MoveNext()
UnityEngine.SetupCoroutine:InvokeMoveNext(IEnumerator, IntPtr)

[15.6871][Log]|@fjs CRCalcModClassID: 222 mod[raw] time:02:30:51.076
UnityEngine.Logger:LogFormat(LogType, String, Object[])
UnityEngine.Debug:LogFormat(String, Object[])
XPatch.<CRCalcFileListModClassID>d__2:MoveNext()
UnityEngine.SetupCoroutine:InvokeMoveNext(IEnumerator, IntPtr)

[15.6872][Log]|@fjs CRCalcModClassID: end time:02:30:51.076
UnityEngine.Logger:LogFormat(LogType, String, Object[])
UnityEngine.Debug:LogFormat(String, Object[])
XPatch.<CRCalcFileListModClassID>d__2:MoveNext()
UnityEngine.SetupCoroutine:InvokeMoveNext(IEnumerator, IntPtr)

[15.6975][Log]|@fjs ResCalcFileList: end partid list, time:02:30:51.087
UnityEngine.Logger:LogFormat(LogType, String, Object[])
UnityEngine.Debug:LogFormat(String, Object[])
XPatch.<CRCalcFileList>d__0:MoveNext()
UnityEngine.SetupCoroutine:InvokeMoveNext(IEnumerator, IntPtr)

[15.8643][Log]|@fjs CRCalcModClassID: beg mod[voxel] time:02:30:51.253
UnityEngine.Logger:LogFormat(LogType, String, Object[])
UnityEngine.Debug:LogFormat(String, Object[])
XPatch.<CRCalcFileListModClassID>d__2:MoveNext()
UnityEngine.SetupCoroutine:InvokeMoveNext(IEnumerator, IntPtr)
WorldX.XRuntimeIO:StartCoroutine(IEnumerator)
XPatch.<CRCalcFileListMod>d__1:MoveNext()
UnityEngine.SetupCoroutine:InvokeMoveNext(IEnumerator, IntPtr)

[15.8711][Log]|@fjs CRCalcModClassID: 111 mod[voxel] time:02:30:51.260
UnityEngine.Logger:LogFormat(LogType, String, Object[])
UnityEngine.Debug:LogFormat(String, Object[])
XPatch.<CRCalcFileListModClassID>d__2:MoveNext()
UnityEngine.SetupCoroutine:InvokeMoveNext(IEnumerator, IntPtr)

[15.8712][Log]|@fjs CRCalcModClassID: 222 mod[voxel] time:02:30:51.261
UnityEngine.Logger:LogFormat(LogType, String, Object[])
UnityEngine.Debug:LogFormat(String, Object[])
XPatch.<CRCalcFileListModClassID>d__2:MoveNext()
UnityEngine.SetupCoroutine:InvokeMoveNext(IEnumerator, IntPtr)

[15.8712][Log]|@fjs CRCalcModClassID: end time:02:30:51.261
UnityEngine.Logger:LogFormat(LogType, String, Object[])
UnityEngine.Debug:LogFormat(String, Object[])
XPatch.<CRCalcFileListModClassID>d__2:MoveNext()
UnityEngine.SetupCoroutine:InvokeMoveNext(IEnumerator, IntPtr)

[15.8713][Log]|@fjs CRCalcModClassID: beg mod[voxel] time:02:30:51.261
UnityEngine.Logger:LogFormat(LogType, String, Object[])
UnityEngine.Debug:LogFormat(String, Object[])
XPatch.<CRCalcFileListModClassID>d__2:MoveNext()
UnityEngine.SetupCoroutine:InvokeMoveNext(IEnumerator, IntPtr)
WorldX.XRuntimeIO:StartCoroutine(IEnumerator)
XPatch.<CRCalcFileListMod>d__1:MoveNext()
UnityEngine.SetupCoroutine:InvokeMoveNext(IEnumerator, IntPtr)

[15.8781][Log]|@fjs CRCalcModClassID: 111 mod[voxel] time:02:30:51.267
UnityEngine.Logger:LogFormat(LogType, String, Object[])
UnityEngine.Debug:LogFormat(String, Object[])
XPatch.<CRCalcFileListModClassID>d__2:MoveNext()
UnityEngine.SetupCoroutine:InvokeMoveNext(IEnumerator, IntPtr)

[15.8782][Log]|@fjs CRCalcModClassID: 222 mod[voxel] time:02:30:51.267
UnityEngine.Logger:LogFormat(LogType, String, Object[])
UnityEngine.Debug:LogFormat(String, Object[])
XPatch.<CRCalcFileListModClassID>d__2:MoveNext()
UnityEngine.SetupCoroutine:InvokeMoveNext(IEnumerator, IntPtr)

[15.8782][Log]|@fjs CRCalcModClassID: end time:02:30:51.267
UnityEngine.Logger:LogFormat(LogType, String, Object[])
UnityEngine.Debug:LogFormat(String, Object[])
XPatch.<CRCalcFileListModClassID>d__2:MoveNext()
UnityEngine.SetupCoroutine:InvokeMoveNext(IEnumerator, IntPtr)

[15.8782][Log]|@fjs CRCalcModClassID: beg mod[voxel] time:02:30:51.267
UnityEngine.Logger:LogFormat(LogType, String, Object[])
UnityEngine.Debug:LogFormat(String, Object[])
XPatch.<CRCalcFileListModClassID>d__2:MoveNext()
UnityEngine.SetupCoroutine:InvokeMoveNext(IEnumerator, IntPtr)
WorldX.XRuntimeIO:StartCoroutine(IEnumerator)
XPatch.<CRCalcFileListMod>d__1:MoveNext()
UnityEngine.SetupCoroutine:InvokeMoveNext(IEnumerator, IntPtr)

[15.8850][Log]|@fjs CRCalcModClassID: 111 mod[voxel] time:02:30:51.274
UnityEngine.Logger:LogFormat(LogType, String, Object[])
UnityEngine.Debug:LogFormat(String, Object[])
XPatch.<CRCalcFileListModClassID>d__2:MoveNext()
UnityEngine.SetupCoroutine:InvokeMoveNext(IEnumerator, IntPtr)

[15.8851][Log]|@fjs CRCalcModClassID: 222 mod[voxel] time:02:30:51.274
UnityEngine.Logger:LogFormat(LogType, String, Object[])
UnityEngine.Debug:LogFormat(String, Object[])
XPatch.<CRCalcFileListModClassID>d__2:MoveNext()
UnityEngine.SetupCoroutine:InvokeMoveNext(IEnumerator, IntPtr)

[15.8851][Log]|@fjs CRCalcModClassID: end time:02:30:51.274
UnityEngine.Logger:LogFormat(LogType, String, Object[])
UnityEngine.Debug:LogFormat(String, Object[])
XPatch.<CRCalcFileListModClassID>d__2:MoveNext()
UnityEngine.SetupCoroutine:InvokeMoveNext(IEnumerator, IntPtr)

[15.8852][Log]|@fjs CRCalcModClassID: beg mod[voxel] time:02:30:51.274
UnityEngine.Logger:LogFormat(LogType, String, Object[])
UnityEngine.Debug:LogFormat(String, Object[])
XPatch.<CRCalcFileListModClassID>d__2:MoveNext()
UnityEngine.SetupCoroutine:InvokeMoveNext(IEnumerator, IntPtr)
WorldX.XRuntimeIO:StartCoroutine(IEnumerator)
XPatch.<CRCalcFileListMod>d__1:MoveNext()
UnityEngine.SetupCoroutine:InvokeMoveNext(IEnumerator, IntPtr)

[15.8920][Log]|@fjs CRCalcModClassID: 111 mod[voxel] time:02:30:51.281
UnityEngine.Logger:LogFormat(LogType, String, Object[])
UnityEngine.Debug:LogFormat(String, Object[])
XPatch.<CRCalcFileListModClassID>d__2:MoveNext()
UnityEngine.SetupCoroutine:InvokeMoveNext(IEnumerator, IntPtr)

[15.9018][Log]|@fjs CRCalcModClassID: 222 mod[voxel] time:02:30:51.291
UnityEngine.Logger:LogFormat(LogType, String, Object[])
UnityEngine.Debug:LogFormat(String, Object[])
XPatch.<CRCalcFileListModClassID>d__2:MoveNext()
UnityEngine.SetupCoroutine:InvokeMoveNext(IEnumerator, IntPtr)

[15.9019][Log]|@fjs CRCalcModClassID: end time:02:30:51.291
UnityEngine.Logger:LogFormat(LogType, String, Object[])
UnityEngine.Debug:LogFormat(String, Object[])
XPatch.<CRCalcFileListModClassID>d__2:MoveNext()
UnityEngine.SetupCoroutine:InvokeMoveNext(IEnumerator, IntPtr)

[15.9019][Log]|@fjs CRCalcModClassID: beg mod[voxel] time:02:30:51.291
UnityEngine.Logger:LogFormat(LogType, String, Object[])
UnityEngine.Debug:LogFormat(String, Object[])
XPatch.<CRCalcFileListModClassID>d__2:MoveNext()
UnityEngine.SetupCoroutine:InvokeMoveNext(IEnumerator, IntPtr)
WorldX.XRuntimeIO:StartCoroutine(IEnumerator)
XPatch.<CRCalcFileListMod>d__1:MoveNext()
UnityEngine.SetupCoroutine:InvokeMoveNext(IEnumerator, IntPtr)

[15.9058][Log]|@fjs CRCalcModClassID: 111 mod[voxel] time:02:30:51.294
UnityEngine.Logger:LogFormat(LogType, String, Object[])
UnityEngine.Debug:LogFormat(String, Object[])
XPatch.<CRCalcFileListModClassID>d__2:MoveNext()
UnityEngine.SetupCoroutine:InvokeMoveNext(IEnumerator, IntPtr)

[15.9346][Log]|@fjs CRCalcModClassID: 222 mod[voxel] time:02:30:51.324
UnityEngine.Logger:LogFormat(LogType, String, Object[])
UnityEngine.Debug:LogFormat(String, Object[])
XPatch.<CRCalcFileListModClassID>d__2:MoveNext()
UnityEngine.SetupCoroutine:InvokeMoveNext(IEnumerator, IntPtr)

[15.9347][Log]|@fjs CRCalcModClassID: end time:02:30:51.324
UnityEngine.Logger:LogFormat(LogType, String, Object[])
UnityEngine.Debug:LogFormat(String, Object[])
XPatch.<CRCalcFileListModClassID>d__2:MoveNext()
UnityEngine.SetupCoroutine:InvokeMoveNext(IEnumerator, IntPtr)

[15.9348][Log]|@fjs CRCalcModClassID: beg mod[voxel] time:02:30:51.324
UnityEngine.Logger:LogFormat(LogType, String, Object[])
UnityEngine.Debug:LogFormat(String, Object[])
XPatch.<CRCalcFileListModClassID>d__2:MoveNext()
UnityEngine.SetupCoroutine:InvokeMoveNext(IEnumerator, IntPtr)
WorldX.XRuntimeIO:StartCoroutine(IEnumerator)
XPatch.<CRCalcFileListMod>d__1:MoveNext()
UnityEngine.SetupCoroutine:InvokeMoveNext(IEnumerator, IntPtr)

[15.9406][Log]|@fjs CRCalcModClassID: 111 mod[voxel] time:02:30:51.330
UnityEngine.Logger:LogFormat(LogType, String, Object[])
UnityEngine.Debug:LogFormat(String, Object[])
XPatch.<CRCalcFileListModClassID>d__2:MoveNext()
UnityEngine.SetupCoroutine:InvokeMoveNext(IEnumerator, IntPtr)

[16.0117][Log]|@fjs CRCalcModClassID: 222 mod[voxel] time:02:30:51.401
UnityEngine.Logger:LogFormat(LogType, String, Object[])
UnityEngine.Debug:LogFormat(String, Object[])
XPatch.<CRCalcFileListModClassID>d__2:MoveNext()
UnityEngine.SetupCoroutine:InvokeMoveNext(IEnumerator, IntPtr)

[16.0118][Log]|@fjs CRCalcModClassID: end time:02:30:51.401
UnityEngine.Logger:LogFormat(LogType, String, Object[])
UnityEngine.Debug:LogFormat(String, Object[])
XPatch.<CRCalcFileListModClassID>d__2:MoveNext()
UnityEngine.SetupCoroutine:InvokeMoveNext(IEnumerator, IntPtr)

[16.0118][Log]|@fjs CRCalcModClassID: beg mod[voxel] time:02:30:51.401
UnityEngine.Logger:LogFormat(LogType, String, Object[])
UnityEngine.Debug:LogFormat(String, Object[])
XPatch.<CRCalcFileListModClassID>d__2:MoveNext()
UnityEngine.SetupCoroutine:InvokeMoveNext(IEnumerator, IntPtr)
WorldX.XRuntimeIO:StartCoroutine(IEnumerator)
XPatch.<CRCalcFileListMod>d__1:MoveNext()
UnityEngine.SetupCoroutine:InvokeMoveNext(IEnumerator, IntPtr)

[16.0133][Log]|@fjs CRCalcModClassID: 111 mod[voxel] time:02:30:51.402
UnityEngine.Logger:LogFormat(LogType, String, Object[])
UnityEngine.Debug:LogFormat(String, Object[])
XPatch.<CRCalcFileListModClassID>d__2:MoveNext()
UnityEngine.SetupCoroutine:InvokeMoveNext(IEnumerator, IntPtr)

[16.0134][Log]|@fjs CRCalcModClassID: 222 mod[voxel] time:02:30:51.402
UnityEngine.Logger:LogFormat(LogType, String, Object[])
UnityEngine.Debug:LogFormat(String, Object[])
XPatch.<CRCalcFileListModClassID>d__2:MoveNext()
UnityEngine.SetupCoroutine:InvokeMoveNext(IEnumerator, IntPtr)

[16.0135][Log]|@fjs CRCalcModClassID: end time:02:30:51.402
UnityEngine.Logger:LogFormat(LogType, String, Object[])
UnityEngine.Debug:LogFormat(String, Object[])
XPatch.<CRCalcFileListModClassID>d__2:MoveNext()
UnityEngine.SetupCoroutine:InvokeMoveNext(IEnumerator, IntPtr)

[16.0135][Log]|@fjs CRCalcModClassID: beg mod[voxel] time:02:30:51.402
UnityEngine.Logger:LogFormat(LogType, String, Object[])
UnityEngine.Debug:LogFormat(String, Object[])
XPatch.<CRCalcFileListModClassID>d__2:MoveNext()
UnityEngine.SetupCoroutine:InvokeMoveNext(IEnumerator, IntPtr)
WorldX.XRuntimeIO:StartCoroutine(IEnumerator)
XPatch.<CRCalcFileListMod>d__1:MoveNext()
UnityEngine.SetupCoroutine:InvokeMoveNext(IEnumerator, IntPtr)

[16.0239][Log]|@fjs CRCalcModClassID: 111 mod[voxel] time:02:30:51.413
UnityEngine.Logger:LogFormat(LogType, String, Object[])
UnityEngine.Debug:LogFormat(String, Object[])
XPatch.<CRCalcFileListModClassID>d__2:MoveNext()
UnityEngine.SetupCoroutine:InvokeMoveNext(IEnumerator, IntPtr)

[16.9749][Log]|@fjs CRCalcModClassID: 222 mod[voxel] time:02:30:52.364
UnityEngine.Logger:LogFormat(LogType, String, Object[])
UnityEngine.Debug:LogFormat(String, Object[])
XPatch.<CRCalcFileListModClassID>d__2:MoveNext()
UnityEngine.SetupCoroutine:InvokeMoveNext(IEnumerator, IntPtr)

[16.9750][Log]|@fjs CRCalcModClassID: end time:02:30:52.364
UnityEngine.Logger:LogFormat(LogType, String, Object[])
UnityEngine.Debug:LogFormat(String, Object[])
XPatch.<CRCalcFileListModClassID>d__2:MoveNext()
UnityEngine.SetupCoroutine:InvokeMoveNext(IEnumerator, IntPtr)

[17.0100][Log]|@fjs CRCalcModClassID: beg mod[sound] time:02:30:52.400
UnityEngine.Logger:LogFormat(LogType, String, Object[])
UnityEngine.Debug:LogFormat(String, Object[])
XPatch.<CRCalcFileListModClassID>d__2:MoveNext()
UnityEngine.SetupCoroutine:InvokeMoveNext(IEnumerator, IntPtr)
WorldX.XRuntimeIO:StartCoroutine(IEnumerator)
XPatch.<CRCalcFileListMod>d__1:MoveNext()
UnityEngine.SetupCoroutine:InvokeMoveNext(IEnumerator, IntPtr)

[17.0169][Log]|@fjs CRCalcModClassID: 111 mod[sound] time:02:30:52.406
UnityEngine.Logger:LogFormat(LogType, String, Object[])
UnityEngine.Debug:LogFormat(String, Object[])
XPatch.<CRCalcFileListModClassID>d__2:MoveNext()
UnityEngine.SetupCoroutine:InvokeMoveNext(IEnumerator, IntPtr)

[17.0242][Log]|@fjs CRCalcModClassID: 222 mod[sound] time:02:30:52.413
UnityEngine.Logger:LogFormat(LogType, String, Object[])
UnityEngine.Debug:LogFormat(String, Object[])
XPatch.<CRCalcFileListModClassID>d__2:MoveNext()
UnityEngine.SetupCoroutine:InvokeMoveNext(IEnumerator, IntPtr)

[17.0243][Log]|@fjs CRCalcModClassID: end time:02:30:52.413
UnityEngine.Logger:LogFormat(LogType, String, Object[])
UnityEngine.Debug:LogFormat(String, Object[])
XPatch.<CRCalcFileListModClassID>d__2:MoveNext()
UnityEngine.SetupCoroutine:InvokeMoveNext(IEnumerator, IntPtr)

[17.0243][Log]|@fjs CRCalcModClassID: beg mod[sound] time:02:30:52.413
UnityEngine.Logger:LogFormat(LogType, String, Object[])
UnityEngine.Debug:LogFormat(String, Object[])
XPatch.<CRCalcFileListModClassID>d__2:MoveNext()
UnityEngine.SetupCoroutine:InvokeMoveNext(IEnumerator, IntPtr)
WorldX.XRuntimeIO:StartCoroutine(IEnumerator)
XPatch.<CRCalcFileListMod>d__1:MoveNext()
UnityEngine.SetupCoroutine:InvokeMoveNext(IEnumerator, IntPtr)

[17.0309][Log]|@fjs CRCalcModClassID: 111 mod[sound] time:02:30:52.420
UnityEngine.Logger:LogFormat(LogType, String, Object[])
UnityEngine.Debug:LogFormat(String, Object[])
XPatch.<CRCalcFileListModClassID>d__2:MoveNext()
UnityEngine.SetupCoroutine:InvokeMoveNext(IEnumerator, IntPtr)

[17.0386][Log]|@fjs CRCalcModClassID: 222 mod[sound] time:02:30:52.428
UnityEngine.Logger:LogFormat(LogType, String, Object[])
UnityEngine.Debug:LogFormat(String, Object[])
XPatch.<CRCalcFileListModClassID>d__2:MoveNext()
UnityEngine.SetupCoroutine:InvokeMoveNext(IEnumerator, IntPtr)

[17.0387][Log]|@fjs CRCalcModClassID: end time:02:30:52.429
UnityEngine.Logger:LogFormat(LogType, String, Object[])
UnityEngine.Debug:LogFormat(String, Object[])
XPatch.<CRCalcFileListModClassID>d__2:MoveNext()
UnityEngine.SetupCoroutine:InvokeMoveNext(IEnumerator, IntPtr)

[17.0387][Log]|@fjs CRCalcModClassID: beg mod[sound] time:02:30:52.429
UnityEngine.Logger:LogFormat(LogType, String, Object[])
UnityEngine.Debug:LogFormat(String, Object[])
XPatch.<CRCalcFileListModClassID>d__2:MoveNext()
UnityEngine.SetupCoroutine:InvokeMoveNext(IEnumerator, IntPtr)
WorldX.XRuntimeIO:StartCoroutine(IEnumerator)
XPatch.<CRCalcFileListMod>d__1:MoveNext()
UnityEngine.SetupCoroutine:InvokeMoveNext(IEnumerator, IntPtr)

[17.0448][Log]|@fjs CRCalcModClassID: 111 mod[sound] time:02:30:52.434
UnityEngine.Logger:LogFormat(LogType, String, Object[])
UnityEngine.Debug:LogFormat(String, Object[])
XPatch.<CRCalcFileListModClassID>d__2:MoveNext()
UnityEngine.SetupCoroutine:InvokeMoveNext(IEnumerator, IntPtr)

[17.0521][Log]|@fjs CRCalcModClassID: 222 mod[sound] time:02:30:52.442
UnityEngine.Logger:LogFormat(LogType, String, Object[])
UnityEngine.Debug:LogFormat(String, Object[])
XPatch.<CRCalcFileListModClassID>d__2:MoveNext()
UnityEngine.SetupCoroutine:InvokeMoveNext(IEnumerator, IntPtr)

[17.0522][Log]|@fjs CRCalcModClassID: end time:02:30:52.442
UnityEngine.Logger:LogFormat(LogType, String, Object[])
UnityEngine.Debug:LogFormat(String, Object[])
XPatch.<CRCalcFileListModClassID>d__2:MoveNext()
UnityEngine.SetupCoroutine:InvokeMoveNext(IEnumerator, IntPtr)

[17.0523][Log]|@fjs CRCalcModClassID: beg mod[sound] time:02:30:52.442
UnityEngine.Logger:LogFormat(LogType, String, Object[])
UnityEngine.Debug:LogFormat(String, Object[])
XPatch.<CRCalcFileListModClassID>d__2:MoveNext()
UnityEngine.SetupCoroutine:InvokeMoveNext(IEnumerator, IntPtr)
WorldX.XRuntimeIO:StartCoroutine(IEnumerator)
XPatch.<CRCalcFileListMod>d__1:MoveNext()
UnityEngine.SetupCoroutine:InvokeMoveNext(IEnumerator, IntPtr)

[17.0586][Log]|@fjs CRCalcModClassID: 111 mod[sound] time:02:30:52.448
UnityEngine.Logger:LogFormat(LogType, String, Object[])
UnityEngine.Debug:LogFormat(String, Object[])
XPatch.<CRCalcFileListModClassID>d__2:MoveNext()
UnityEngine.SetupCoroutine:InvokeMoveNext(IEnumerator, IntPtr)

[17.2311][Log]|@fjs CRCalcModClassID: 222 mod[sound] time:02:30:52.620
UnityEngine.Logger:LogFormat(LogType, String, Object[])
UnityEngine.Debug:LogFormat(String, Object[])
XPatch.<CRCalcFileListModClassID>d__2:MoveNext()
UnityEngine.SetupCoroutine:InvokeMoveNext(IEnumerator, IntPtr)

[17.2312][Log]|@fjs CRCalcModClassID: end time:02:30:52.620
UnityEngine.Logger:LogFormat(LogType, String, Object[])
UnityEngine.Debug:LogFormat(String, Object[])
XPatch.<CRCalcFileListModClassID>d__2:MoveNext()
UnityEngine.SetupCoroutine:InvokeMoveNext(IEnumerator, IntPtr)

[17.2312][Log]|@fjs CRCalcModClassID: beg mod[sound] time:02:30:52.621
UnityEngine.Logger:LogFormat(LogType, String, Object[])
UnityEngine.Debug:LogFormat(String, Object[])
XPatch.<CRCalcFileListModClassID>d__2:MoveNext()
UnityEngine.SetupCoroutine:InvokeMoveNext(IEnumerator, IntPtr)
WorldX.XRuntimeIO:StartCoroutine(IEnumerator)
XPatch.<CRCalcFileListMod>d__1:MoveNext()
UnityEngine.SetupCoroutine:InvokeMoveNext(IEnumerator, IntPtr)

[17.2391][Log]|@fjs CRCalcModClassID: 111 mod[sound] time:02:30:52.628
UnityEngine.Logger:LogFormat(LogType, String, Object[])
UnityEngine.Debug:LogFormat(String, Object[])
XPatch.<CRCalcFileListModClassID>d__2:MoveNext()
UnityEngine.SetupCoroutine:InvokeMoveNext(IEnumerator, IntPtr)

[17.2392][Log]|@fjs CRCalcModClassID: 222 mod[sound] time:02:30:52.628
UnityEngine.Logger:LogFormat(LogType, String, Object[])
UnityEngine.Debug:LogFormat(String, Object[])
XPatch.<CRCalcFileListModClassID>d__2:MoveNext()
UnityEngine.SetupCoroutine:InvokeMoveNext(IEnumerator, IntPtr)

[17.2392][Log]|@fjs CRCalcModClassID: end time:02:30:52.628
UnityEngine.Logger:LogFormat(LogType, String, Object[])
UnityEngine.Debug:LogFormat(String, Object[])
XPatch.<CRCalcFileListModClassID>d__2:MoveNext()
UnityEngine.SetupCoroutine:InvokeMoveNext(IEnumerator, IntPtr)

[17.2393][Log]|@fjs CRCalcModClassID: beg mod[sound] time:02:30:52.628
UnityEngine.Logger:LogFormat(LogType, String, Object[])
UnityEngine.Debug:LogFormat(String, Object[])
XPatch.<CRCalcFileListModClassID>d__2:MoveNext()
UnityEngine.SetupCoroutine:InvokeMoveNext(IEnumerator, IntPtr)
WorldX.XRuntimeIO:StartCoroutine(IEnumerator)
XPatch.<CRCalcFileListMod>d__1:MoveNext()
UnityEngine.SetupCoroutine:InvokeMoveNext(IEnumerator, IntPtr)

[17.2462][Log]|@fjs CRCalcModClassID: 111 mod[sound] time:02:30:52.635
UnityEngine.Logger:LogFormat(LogType, String, Object[])
UnityEngine.Debug:LogFormat(String, Object[])
XPatch.<CRCalcFileListModClassID>d__2:MoveNext()
UnityEngine.SetupCoroutine:InvokeMoveNext(IEnumerator, IntPtr)

[17.2581][Log]|@fjs CRCalcModClassID: 222 mod[sound] time:02:30:52.648
UnityEngine.Logger:LogFormat(LogType, String, Object[])
UnityEngine.Debug:LogFormat(String, Object[])
XPatch.<CRCalcFileListModClassID>d__2:MoveNext()
UnityEngine.SetupCoroutine:InvokeMoveNext(IEnumerator, IntPtr)

[17.2582][Log]|@fjs CRCalcModClassID: end time:02:30:52.648
UnityEngine.Logger:LogFormat(LogType, String, Object[])
UnityEngine.Debug:LogFormat(String, Object[])
XPatch.<CRCalcFileListModClassID>d__2:MoveNext()
UnityEngine.SetupCoroutine:InvokeMoveNext(IEnumerator, IntPtr)

[17.2582][Log]|@fjs CRCalcModClassID: beg mod[sound] time:02:30:52.648
UnityEngine.Logger:LogFormat(LogType, String, Object[])
UnityEngine.Debug:LogFormat(String, Object[])
XPatch.<CRCalcFileListModClassID>d__2:MoveNext()
UnityEngine.SetupCoroutine:InvokeMoveNext(IEnumerator, IntPtr)
WorldX.XRuntimeIO:StartCoroutine(IEnumerator)
XPatch.<CRCalcFileListMod>d__1:MoveNext()
UnityEngine.SetupCoroutine:InvokeMoveNext(IEnumerator, IntPtr)

[17.2600][Log]|@fjs CRCalcModClassID: 111 mod[sound] time:02:30:52.650
UnityEngine.Logger:LogFormat(LogType, String, Object[])
UnityEngine.Debug:LogFormat(String, Object[])
XPatch.<CRCalcFileListModClassID>d__2:MoveNext()
UnityEngine.SetupCoroutine:InvokeMoveNext(IEnumerator, IntPtr)

[17.2600][Log]|@fjs CRCalcModClassID: 222 mod[sound] time:02:30:52.650
UnityEngine.Logger:LogFormat(LogType, String, Object[])
UnityEngine.Debug:LogFormat(String, Object[])
XPatch.<CRCalcFileListModClassID>d__2:MoveNext()
UnityEngine.SetupCoroutine:InvokeMoveNext(IEnumerator, IntPtr)

[17.2600][Log]|@fjs CRCalcModClassID: end time:02:30:52.650
UnityEngine.Logger:LogFormat(LogType, String, Object[])
UnityEngine.Debug:LogFormat(String, Object[])
XPatch.<CRCalcFileListModClassID>d__2:MoveNext()
UnityEngine.SetupCoroutine:InvokeMoveNext(IEnumerator, IntPtr)

[17.2601][Log]|@fjs CRCalcModClassID: beg mod[sound] time:02:30:52.650
UnityEngine.Logger:LogFormat(LogType, String, Object[])
UnityEngine.Debug:LogFormat(String, Object[])
XPatch.<CRCalcFileListModClassID>d__2:MoveNext()
UnityEngine.SetupCoroutine:InvokeMoveNext(IEnumerator, IntPtr)
WorldX.XRuntimeIO:StartCoroutine(IEnumerator)
XPatch.<CRCalcFileListMod>d__1:MoveNext()
UnityEngine.SetupCoroutine:InvokeMoveNext(IEnumerator, IntPtr)

[17.2739][Log]|@fjs CRCalcModClassID: 111 mod[sound] time:02:30:52.663
UnityEngine.Logger:LogFormat(LogType, String, Object[])
UnityEngine.Debug:LogFormat(String, Object[])
XPatch.<CRCalcFileListModClassID>d__2:MoveNext()
UnityEngine.SetupCoroutine:InvokeMoveNext(IEnumerator, IntPtr)

[17.2811][Log]|@fjs CRCalcModClassID: 222 mod[sound] time:02:30:52.671
UnityEngine.Logger:LogFormat(LogType, String, Object[])
UnityEngine.Debug:LogFormat(String, Object[])
XPatch.<CRCalcFileListModClassID>d__2:MoveNext()
UnityEngine.SetupCoroutine:InvokeMoveNext(IEnumerator, IntPtr)

[17.2812][Log]|@fjs CRCalcModClassID: end time:02:30:52.671
UnityEngine.Logger:LogFormat(LogType, String, Object[])
UnityEngine.Debug:LogFormat(String, Object[])
XPatch.<CRCalcFileListModClassID>d__2:MoveNext()
UnityEngine.SetupCoroutine:InvokeMoveNext(IEnumerator, IntPtr)

[17.2812][Log]|[02:30:52.671] CRCalcList: compl
UnityEngine.Logger:LogFormat(LogType, String, Object[])
UnityEngine.Debug:LogFormat(String, Object[])
XPatch.<CRStep>d__0:MoveNext()
UnityEngine.SetupCoroutine:InvokeMoveNext(IEnumerator, IntPtr)

[17.2878][Log]|@fjs XPatchSDKLogger.LogEvent: ev[{

	"event_name": "loading",
	"type": 1,
	"extra": {

	"loading_time": 1789605052,
	"loading_type": "patch",
	"loading_name": "patch",
	"loading_id": "patch",
	"duration": 3937,
	"is_force": 1
},
	"event_tag": "core"
}]
UnityEngine.Logger:LogFormat(LogType, String, Object[])
UnityEngine.Debug:LogFormat(String, Object[])
FunPlus.WorldX.Utils.GameLog:LogFormat(String, Object[])
XPatch.XPatchSDKLogger:LogEvent(Dictionary`2)
XPatch.XPatchSDKLogger:LogNameType(String, Int32, Dictionary`2)
XPatch.XPatchSDKLogger:LogWithTypeStr(XPatchSDKLogType, String, String, String)
XPatch.<CRMain>d__1:MoveNext()
UnityEngine.SetupCoroutine:InvokeMoveNext(IEnumerator, IntPtr)

[17.2880][Log]|[Tracking] report event=loading
UnityEngine.Logger:Log(LogType, Object)
UnityEngine.Debug:Log(Object)
FunPlus.WorldX.Utils.GameLog:Log(Object, Object)
FunPlus.WorldX.SDK.SDKManager:Tracking(Dictionary`2)
XPatch.XPatchSDKLogger:LogEvent(Dictionary`2)
XPatch.XPatchSDKLogger:LogNameType(String, Int32, Dictionary`2)
XPatch.XPatchSDKLogger:LogWithTypeStr(XPatchSDKLogType, String, String, String)
XPatch.<CRMain>d__1:MoveNext()
UnityEngine.SetupCoroutine:InvokeMoveNext(IEnumerator, IntPtr)

[17.2881][Log]|@fjs XPatchSDKLogger.LogEvent: ev[{

	"event_name": "loading",
	"type": 1,
	"extra": {

	"loading_percent": 0,
	"loading_time": 1789605052,
	"loading_type": "patch_download",
	"loading_name": "patch_download",
	"loading_id": "patch_download",
	"duration": 0,
	"is_force": 1
},
	"event_tag": "core"
}]
UnityEngine.Logger:LogFormat(LogType, String, Object[])
UnityEngine.Debug:LogFormat(String, Object[])
FunPlus.WorldX.Utils.GameLog:LogFormat(String, Object[])
XPatch.XPatchSDKLogger:LogEvent(Dictionary`2)
XPatch.XPatchSDKLogger:LogNameType(String, Int32, Dictionary`2)
XPatch.XPatchSDKLogger:LogWithType(XPatchSDKLogType, Dictionary`2, String)
XPatch.<CRMain>d__1:MoveNext()
UnityEngine.SetupCoroutine:InvokeMoveNext(IEnumerator, IntPtr)

[17.2882][Log]|[Tracking] report event=loading
UnityEngine.Logger:Log(LogType, Object)
UnityEngine.Debug:Log(Object)
FunPlus.WorldX.Utils.GameLog:Log(Object, Object)
FunPlus.WorldX.SDK.SDKManager:Tracking(Dictionary`2)
XPatch.XPatchSDKLogger:LogEvent(Dictionary`2)
XPatch.XPatchSDKLogger:LogNameType(String, Int32, Dictionary`2)
XPatch.XPatchSDKLogger:LogWithType(XPatchSDKLogType, Dictionary`2, String)
XPatch.<CRMain>d__1:MoveNext()
UnityEngine.SetupCoroutine:InvokeMoveNext(IEnumerator, IntPtr)

[17.2883][Log]|[02:30:52.678] CRMain: start Down, file[29], byte[745191487b, 727726kb, 710mb],
UnityEngine.Logger:LogFormat(LogType, String, Object[])
UnityEngine.Debug:LogFormat(String, Object[])
XPatch.<CRMain>d__1:MoveNext()
UnityEngine.SetupCoroutine:InvokeMoveNext(IEnumerator, IntPtr)

[17.2884][Log]|UpdateState: ns[Down], per[0], title[Wird heruntergeladen …], tip[Wird heruntergeladen …]
UnityEngine.Logger:LogFormat(LogType, String, Object[])
UnityEngine.Debug:LogFormat(String, Object[])
PatchWindow:UpdateState(PatchState, Int32, String, String, String)
PatchWindow:OnHandleEventMessage(IEventMessage)
UniFramework.Event.UniEvent:SendMessage(Int32, IEventMessage)
XPatch.<CRStep>d__0:MoveNext()
UnityEngine.SetupCoroutine:InvokeMoveNext(IEnumerator, IntPtr)
XPatch.<CRMain>d__1:MoveNext()
UnityEngine.SetupCoroutine:InvokeMoveNext(IEnumerator, IntPtr)

[21.0240][Log]|@fjs XPatchSDKLogger.LogEvent: ev[{

	"event_name": "af_resource_download_10",
	"type": 2,
	"extra": {}
}]
UnityEngine.Logger:LogFormat(LogType, String, Object[])
UnityEngine.Debug:LogFormat(String, Object[])
FunPlus.WorldX.Utils.GameLog:LogFormat(String, Object[])
XPatch.XPatchSDKLogger:LogEvent(Dictionary`2)
XPatch.XPatchAfFunnelTracker:OnDownloadProgress(IEventMessage)
UniFramework.Event.UniEvent:SendMessage(Int32, IEventMessage)
DownloadProgressUpdate:SendEventMessage(Int32, Int32, Int64, Int64, Int64)
XPatch.V2StepDownFileData:OnHttpUpdateCB(PatchHttpContext)
XPatch.<CRRequestSend>d__28:MoveNext()
UnityEngine.SetupCoroutine:InvokeMoveNext(IEnumerator, IntPtr)

[21.0242][Log]|[Tracking] report event=af_resource_download_10
UnityEngine.Logger:Log(LogType, Object)
UnityEngine.Debug:Log(Object)
FunPlus.WorldX.Utils.GameLog:Log(Object, Object)
FunPlus.WorldX.SDK.SDKManager:Tracking(Dictionary`2)
XPatch.XPatchSDKLogger:LogEvent(Dictionary`2)
XPatch.XPatchAfFunnelTracker:OnDownloadProgress(IEventMessage)
UniFramework.Event.UniEvent:SendMessage(Int32, IEventMessage)
DownloadProgressUpdate:SendEventMessage(Int32, Int32, Int64, Int64, Int64)
XPatch.V2StepDownFileData:OnHttpUpdateCB(PatchHttpContext)
XPatch.<CRRequestSend>d__28:MoveNext()
UnityEngine.SetupCoroutine:InvokeMoveNext(IEnumerator, IntPtr)

[21.0592][Log]|@fjs XPatchSDKLogger.LogEvent: ev[{

	"event_name": "loading",
	"type": 1,
	"extra": {

	"loading_percent": 9,
	"loading_time": 1789605056,
	"loading_type": "patch_download",
	"loading_name": "patch_download",
	"loading_id": "patch_download",
	"duration": 3772,
	"is_force": 1
},
	"event_tag": "core"
}]
UnityEngine.Logger:LogFormat(LogType, String, Object[])
UnityEngine.Debug:LogFormat(String, Object[])
FunPlus.WorldX.Utils.GameLog:LogFormat(String, Object[])
XPatch.XPatchSDKLogger:LogEvent(Dictionary`2)
XPatch.XPatchSDKLogger:LogNameType(String, Int32, Dictionary`2)
XPatch.XPatchSDKLogger:LogWithType(XPatchSDKLogType, Dictionary`2, String)
XPatch.XPatchAfFunnelTracker:ReportPatchDownloadProgress(Int64, Int64)
XPatch.XPatchAfFunnelTracker:OnDownloadProgress(IEventMessage)
UniFramework.Event.UniEvent:SendMessage(Int32, IEventMessage)
DownloadProgressUpdate:SendEventMessage(Int32, Int32, Int64, Int64, Int64)
XPatch.V2StepDownFileData:OnHttpUpdateCB(PatchHttpContext)
XPatch.<CRRequestSend>d__28:MoveNext()
UnityEngine.SetupCoroutine:InvokeMoveNext(IEnumerator, IntPtr)

[21.0594][Log]|[Tracking] report event=loading
UnityEngine.Logger:Log(LogType, Object)
UnityEngine.Debug:Log(Object)
FunPlus.WorldX.Utils.GameLog:Log(Object, Object)
FunPlus.WorldX.SDK.SDKManager:Tracking(Dictionary`2)
XPatch.XPatchSDKLogger:LogEvent(Dictionary`2)
XPatch.XPatchSDKLogger:LogNameType(String, Int32, Dictionary`2)
XPatch.XPatchSDKLogger:LogWithType(XPatchSDKLogType, Dictionary`2, String)
XPatch.XPatchAfFunnelTracker:ReportPatchDownloadProgress(Int64, Int64)
XPatch.XPatchAfFunnelTracker:OnDownloadProgress(IEventMessage)
UniFramework.Event.UniEvent:SendMessage(Int32, IEventMessage)
DownloadProgressUpdate:SendEventMessage(Int32, Int32, Int64, Int64, Int64)
XPatch.V2StepDownFileData:OnHttpUpdateCB(PatchHttpContext)
XPatch.<CRRequestSend>d__28:MoveNext()
UnityEngine.SetupCoroutine:InvokeMoveNext(IEnumerator, IntPtr)

[25.1629][Log]|@fjs XPatchSDKLogger.LogEvent: ev[{

	"event_name": "loading",
	"type": 1,
	"extra": {

	"loading_percent": 19,
	"loading_time": 1789605060,
	"loading_type": "patch_download",
	"loading_name": "patch_download",
	"loading_id": "patch_download",
	"duration": 4103,
	"is_force": 1
},
	"event_tag": "core"
}]
UnityEngine.Logger:LogFormat(LogType, String, Object[])
UnityEngine.Debug:LogFormat(String, Object[])
FunPlus.WorldX.Utils.GameLog:LogFormat(String, Object[])
XPatch.XPatchSDKLogger:LogEvent(Dictionary`2)
XPatch.XPatchSDKLogger:LogNameType(String, Int32, Dictionary`2)
XPatch.XPatchSDKLogger:LogWithType(XPatchSDKLogType, Dictionary`2, String)
XPatch.XPatchAfFunnelTracker:ReportPatchDownloadProgress(Int64, Int64)
XPatch.XPatchAfFunnelTracker:OnDownloadProgress(IEventMessage)
UniFramework.Event.UniEvent:SendMessage(Int32, IEventMessage)
DownloadProgressUpdate:SendEventMessage(Int32, Int32, Int64, Int64, Int64)
XPatch.V2StepDownFileData:OnHttpUpdateCB(PatchHttpContext)
XPatch.<CRRequestSend>d__28:MoveNext()
UnityEngine.SetupCoroutine:InvokeMoveNext(IEnumerator, IntPtr)

[25.1631][Log]|[Tracking] report event=loading
UnityEngine.Logger:Log(LogType, Object)
UnityEngine.Debug:Log(Object)
FunPlus.WorldX.Utils.GameLog:Log(Object, Object)
FunPlus.WorldX.SDK.SDKManager:Tracking(Dictionary`2)
XPatch.XPatchSDKLogger:LogEvent(Dictionary`2)
XPatch.XPatchSDKLogger:LogNameType(String, Int32, Dictionary`2)
XPatch.XPatchSDKLogger:LogWithType(XPatchSDKLogType, Dictionary`2, String)
XPatch.XPatchAfFunnelTracker:ReportPatchDownloadProgress(Int64, Int64)
XPatch.XPatchAfFunnelTracker:OnDownloadProgress(IEventMessage)
UniFramework.Event.UniEvent:SendMessage(Int32, IEventMessage)
DownloadProgressUpdate:SendEventMessage(Int32, Int32, Int64, Int64, Int64)
XPatch.V2StepDownFileData:OnHttpUpdateCB(PatchHttpContext)
XPatch.<CRRequestSend>d__28:MoveNext()
UnityEngine.SetupCoroutine:InvokeMoveNext(IEnumerator, IntPtr)

[29.1144][Log]|@fjs XPatchSDKLogger.LogEvent: ev[{

	"event_name": "af_resource_download_30",
	"type": 2,
	"extra": {}
}]
UnityEngine.Logger:LogFormat(LogType, String, Object[])
UnityEngine.Debug:LogFormat(String, Object[])
FunPlus.WorldX.Utils.GameLog:LogFormat(String, Object[])
XPatch.XPatchSDKLogger:LogEvent(Dictionary`2)
XPatch.XPatchAfFunnelTracker:OnDownloadProgress(IEventMessage)
UniFramework.Event.UniEvent:SendMessage(Int32, IEventMessage)
DownloadProgressUpdate:SendEventMessage(Int32, Int32, Int64, Int64, Int64)
XPatch.V2StepDownFileData:OnHttpUpdateCB(PatchHttpContext)
XPatch.<CRRequestSend>d__28:MoveNext()
UnityEngine.SetupCoroutine:InvokeMoveNext(IEnumerator, IntPtr)

[29.1145][Log]|[Tracking] report event=af_resource_download_30
UnityEngine.Logger:Log(LogType, Object)
UnityEngine.Debug:Log(Object)
FunPlus.WorldX.Utils.GameLog:Log(Object, Object)
FunPlus.WorldX.SDK.SDKManager:Tracking(Dictionary`2)
XPatch.XPatchSDKLogger:LogEvent(Dictionary`2)
XPatch.XPatchAfFunnelTracker:OnDownloadProgress(IEventMessage)
UniFramework.Event.UniEvent:SendMessage(Int32, IEventMessage)
DownloadProgressUpdate:SendEventMessage(Int32, Int32, Int64, Int64, Int64)
XPatch.V2StepDownFileData:OnHttpUpdateCB(PatchHttpContext)
XPatch.<CRRequestSend>d__28:MoveNext()
UnityEngine.SetupCoroutine:InvokeMoveNext(IEnumerator, IntPtr)

[29.1375][Log]|@fjs XPatchSDKLogger.LogEvent: ev[{

	"event_name": "loading",
	"type": 1,
	"extra": {

	"loading_percent": 29,
	"loading_time": 1789605064,
	"loading_type": "patch_download",
	"loading_name": "patch_download",
	"loading_id": "patch_download",
	"duration": 3975,
	"is_force": 1
},
	"event_tag": "core"
}]
UnityEngine.Logger:LogFormat(LogType, String, Object[])
UnityEngine.Debug:LogFormat(String, Object[])
FunPlus.WorldX.Utils.GameLog:LogFormat(String, Object[])
XPatch.XPatchSDKLogger:LogEvent(Dictionary`2)
XPatch.XPatchSDKLogger:LogNameType(String, Int32, Dictionary`2)
XPatch.XPatchSDKLogger:LogWithType(XPatchSDKLogType, Dictionary`2, String)
XPatch.XPatchAfFunnelTracker:ReportPatchDownloadProgress(Int64, Int64)
XPatch.XPatchAfFunnelTracker:OnDownloadProgress(IEventMessage)
UniFramework.Event.UniEvent:SendMessage(Int32, IEventMessage)
DownloadProgressUpdate:SendEventMessage(Int32, Int32, Int64, Int64, Int64)
XPatch.V2StepDownFileData:OnHttpUpdateCB(PatchHttpContext)
XPatch.<CRRequestSend>d__28:MoveNext()
UnityEngine.SetupCoroutine:InvokeMoveNext(IEnumerator, IntPtr)

[29.1377][Log]|[Tracking] report event=loading
UnityEngine.Logger:Log(LogType, Object)
UnityEngine.Debug:Log(Object)
FunPlus.WorldX.Utils.GameLog:Log(Object, Object)
FunPlus.WorldX.SDK.SDKManager:Tracking(Dictionary`2)
XPatch.XPatchSDKLogger:LogEvent(Dictionary`2)
XPatch.XPatchSDKLogger:LogNameType(String, Int32, Dictionary`2)
XPatch.XPatchSDKLogger:LogWithType(XPatchSDKLogType, Dictionary`2, String)
XPatch.XPatchAfFunnelTracker:ReportPatchDownloadProgress(Int64, Int64)
XPatch.XPatchAfFunnelTracker:OnDownloadProgress(IEventMessage)
UniFramework.Event.UniEvent:SendMessage(Int32, IEventMessage)
DownloadProgressUpdate:SendEventMessage(Int32, Int32, Int64, Int64, Int64)
XPatch.V2StepDownFileData:OnHttpUpdateCB(PatchHttpContext)
XPatch.<CRRequestSend>d__28:MoveNext()
UnityEngine.SetupCoroutine:InvokeMoveNext(IEnumerator, IntPtr)

[33.6284][Log]|@fjs XPatchSDKLogger.LogEvent: ev[{

	"event_name": "loading",
	"type": 1,
	"extra": {

	"loading_percent": 39,
	"loading_time": 1789605069,
	"loading_type": "patch_download",
	"loading_name": "patch_download",
	"loading_id": "patch_download",
	"duration": 4491,
	"is_force": 1
},
	"event_tag": "core"
}]
UnityEngine.Logger:LogFormat(LogType, String, Object[])
UnityEngine.Debug:LogFormat(String, Object[])
FunPlus.WorldX.Utils.GameLog:LogFormat(String, Object[])
XPatch.XPatchSDKLogger:LogEvent(Dictionary`2)
XPatch.XPatchSDKLogger:LogNameType(String, Int32, Dictionary`2)
XPatch.XPatchSDKLogger:LogWithType(XPatchSDKLogType, Dictionary`2, String)
XPatch.XPatchAfFunnelTracker:ReportPatchDownloadProgress(Int64, Int64)
XPatch.XPatchAfFunnelTracker:OnDownloadProgress(IEventMessage)
UniFramework.Event.UniEvent:SendMessage(Int32, IEventMessage)
DownloadProgressUpdate:SendEventMessage(Int32, Int32, Int64, Int64, Int64)
XPatch.V2StepDownFileData:OnHttpUpdateCB(PatchHttpContext)
XPatch.<CRRequestSend>d__28:MoveNext()
UnityEngine.SetupCoroutine:InvokeMoveNext(IEnumerator, IntPtr)

[33.6286][Log]|[Tracking] report event=loading
UnityEngine.Logger:Log(LogType, Object)
UnityEngine.Debug:Log(Object)
FunPlus.WorldX.Utils.GameLog:Log(Object, Object)
FunPlus.WorldX.SDK.SDKManager:Tracking(Dictionary`2)
XPatch.XPatchSDKLogger:LogEvent(Dictionary`2)
XPatch.XPatchSDKLogger:LogNameType(String, Int32, Dictionary`2)
XPatch.XPatchSDKLogger:LogWithType(XPatchSDKLogType, Dictionary`2, String)
XPatch.XPatchAfFunnelTracker:ReportPatchDownloadProgress(Int64, Int64)
XPatch.XPatchAfFunnelTracker:OnDownloadProgress(IEventMessage)
UniFramework.Event.UniEvent:SendMessage(Int32, IEventMessage)
DownloadProgressUpdate:SendEventMessage(Int32, Int32, Int64, Int64, Int64)
XPatch.V2StepDownFileData:OnHttpUpdateCB(PatchHttpContext)
XPatch.<CRRequestSend>d__28:MoveNext()
UnityEngine.SetupCoroutine:InvokeMoveNext(IEnumerator, IntPtr)

[37.7951][Log]|@fjs XPatchSDKLogger.LogEvent: ev[{

	"event_name": "af_resource_download_50",
	"type": 2,
	"extra": {}
}]
UnityEngine.Logger:LogFormat(LogType, String, Object[])
UnityEngine.Debug:LogFormat(String, Object[])
FunPlus.WorldX.Utils.GameLog:LogFormat(String, Object[])
XPatch.XPatchSDKLogger:LogEvent(Dictionary`2)
XPatch.XPatchAfFunnelTracker:OnDownloadProgress(IEventMessage)
UniFramework.Event.UniEvent:SendMessage(Int32, IEventMessage)
DownloadProgressUpdate:SendEventMessage(Int32, Int32, Int64, Int64, Int64)
XPatch.V2StepDownFileData:OnHttpUpdateCB(PatchHttpContext)
XPatch.<CRRequestSend>d__28:MoveNext()
UnityEngine.SetupCoroutine:InvokeMoveNext(IEnumerator, IntPtr)

[37.7953][Log]|[Tracking] report event=af_resource_download_50
UnityEngine.Logger:Log(LogType, Object)
UnityEngine.Debug:Log(Object)
FunPlus.WorldX.Utils.GameLog:Log(Object, Object)
FunPlus.WorldX.SDK.SDKManager:Tracking(Dictionary`2)
XPatch.XPatchSDKLogger:LogEvent(Dictionary`2)
XPatch.XPatchAfFunnelTracker:OnDownloadProgress(IEventMessage)
UniFramework.Event.UniEvent:SendMessage(Int32, IEventMessage)
DownloadProgressUpdate:SendEventMessage(Int32, Int32, Int64, Int64, Int64)
XPatch.V2StepDownFileData:OnHttpUpdateCB(PatchHttpContext)
XPatch.<CRRequestSend>d__28:MoveNext()
UnityEngine.SetupCoroutine:InvokeMoveNext(IEnumerator, IntPtr)

[37.8194][Log]|@fjs XPatchSDKLogger.LogEvent: ev[{

	"event_name": "loading",
	"type": 1,
	"extra": {

	"loading_percent": 49,
	"loading_time": 1789605073,
	"loading_type": "patch_download",
	"loading_name": "patch_download",
	"loading_id": "patch_download",
	"duration": 4191,
	"is_force": 1
},
	"event_tag": "core"
}]
UnityEngine.Logger:LogFormat(LogType, String, Object[])
UnityEngine.Debug:LogFormat(String, Object[])
FunPlus.WorldX.Utils.GameLog:LogFormat(String, Object[])
XPatch.XPatchSDKLogger:LogEvent(Dictionary`2)
XPatch.XPatchSDKLogger:LogNameType(String, Int32, Dictionary`2)
XPatch.XPatchSDKLogger:LogWithType(XPatchSDKLogType, Dictionary`2, String)
XPatch.XPatchAfFunnelTracker:ReportPatchDownloadProgress(Int64, Int64)
XPatch.XPatchAfFunnelTracker:OnDownloadProgress(IEventMessage)
UniFramework.Event.UniEvent:SendMessage(Int32, IEventMessage)
DownloadProgressUpdate:SendEventMessage(Int32, Int32, Int64, Int64, Int64)
XPatch.V2StepDownFileData:OnHttpUpdateCB(PatchHttpContext)
XPatch.<CRRequestSend>d__28:MoveNext()
UnityEngine.SetupCoroutine:InvokeMoveNext(IEnumerator, IntPtr)

[37.8195][Log]|[Tracking] report event=loading
UnityEngine.Logger:Log(LogType, Object)
UnityEngine.Debug:Log(Object)
FunPlus.WorldX.Utils.GameLog:Log(Object, Object)
FunPlus.WorldX.SDK.SDKManager:Tracking(Dictionary`2)
XPatch.XPatchSDKLogger:LogEvent(Dictionary`2)
XPatch.XPatchSDKLogger:LogNameType(String, Int32, Dictionary`2)
XPatch.XPatchSDKLogger:LogWithType(XPatchSDKLogType, Dictionary`2, String)
XPatch.XPatchAfFunnelTracker:ReportPatchDownloadProgress(Int64, Int64)
XPatch.XPatchAfFunnelTracker:OnDownloadProgress(IEventMessage)
UniFramework.Event.UniEvent:SendMessage(Int32, IEventMessage)
DownloadProgressUpdate:SendEventMessage(Int32, Int32, Int64, Int64, Int64)
XPatch.V2StepDownFileData:OnHttpUpdateCB(PatchHttpContext)
XPatch.<CRRequestSend>d__28:MoveNext()
UnityEngine.SetupCoroutine:InvokeMoveNext(IEnumerator, IntPtr)

[42.0731][Log]|@fjs XPatchSDKLogger.LogEvent: ev[{

	"event_name": "loading",
	"type": 1,
	"extra": {

	"loading_percent": 59,
	"loading_time": 1789605077,
	"loading_type": "patch_download",
	"loading_name": "patch_download",
	"loading_id": "patch_download",
	"duration": 4253,
	"is_force": 1
},
	"event_tag": "core"
}]
UnityEngine.Logger:LogFormat(LogType, String, Object[])
UnityEngine.Debug:LogFormat(String, Object[])
FunPlus.WorldX.Utils.GameLog:LogFormat(String, Object[])
XPatch.XPatchSDKLogger:LogEvent(Dictionary`2)
XPatch.XPatchSDKLogger:LogNameType(String, Int32, Dictionary`2)
XPatch.XPatchSDKLogger:LogWithType(XPatchSDKLogType, Dictionary`2, String)
XPatch.XPatchAfFunnelTracker:ReportPatchDownloadProgress(Int64, Int64)
XPatch.XPatchAfFunnelTracker:OnDownloadProgress(IEventMessage)
UniFramework.Event.UniEvent:SendMessage(Int32, IEventMessage)
DownloadProgressUpdate:SendEventMessage(Int32, Int32, Int64, Int64, Int64)
XPatch.V2StepDownFileData:OnHttpUpdateCB(PatchHttpContext)
XPatch.<CRRequestSend>d__28:MoveNext()
UnityEngine.SetupCoroutine:InvokeMoveNext(IEnumerator, IntPtr)

[42.0733][Log]|[Tracking] report event=loading
UnityEngine.Logger:Log(LogType, Object)
UnityEngine.Debug:Log(Object)
FunPlus.WorldX.Utils.GameLog:Log(Object, Object)
FunPlus.WorldX.SDK.SDKManager:Tracking(Dictionary`2)
XPatch.XPatchSDKLogger:LogEvent(Dictionary`2)
XPatch.XPatchSDKLogger:LogNameType(String, Int32, Dictionary`2)
XPatch.XPatchSDKLogger:LogWithType(XPatchSDKLogType, Dictionary`2, String)
XPatch.XPatchAfFunnelTracker:ReportPatchDownloadProgress(Int64, Int64)
XPatch.XPatchAfFunnelTracker:OnDownloadProgress(IEventMessage)
UniFramework.Event.UniEvent:SendMessage(Int32, IEventMessage)
DownloadProgressUpdate:SendEventMessage(Int32, Int32, Int64, Int64, Int64)
XPatch.V2StepDownFileData:OnHttpUpdateCB(PatchHttpContext)
XPatch.<CRRequestSend>d__28:MoveNext()
UnityEngine.SetupCoroutine:InvokeMoveNext(IEnumerator, IntPtr)

[45.9134][Log]|@fjs XPatchSDKLogger.LogEvent: ev[{

	"event_name": "loading",
	"type": 1,
	"extra": {

	"loading_percent": 69,
	"loading_time": 1789605081,
	"loading_type": "patch_download",
	"loading_name": "patch_download",
	"loading_id": "patch_download",
	"duration": 3841,
	"is_force": 1
},
	"event_tag": "core"
}]
UnityEngine.Logger:LogFormat(LogType, String, Object[])
UnityEngine.Debug:LogFormat(String, Object[])
FunPlus.WorldX.Utils.GameLog:LogFormat(String, Object[])
XPatch.XPatchSDKLogger:LogEvent(Dictionary`2)
XPatch.XPatchSDKLogger:LogNameType(String, Int32, Dictionary`2)
XPatch.XPatchSDKLogger:LogWithType(XPatchSDKLogType, Dictionary`2, String)
XPatch.XPatchAfFunnelTracker:ReportPatchDownloadProgress(Int64, Int64)
XPatch.XPatchAfFunnelTracker:OnDownloadProgress(IEventMessage)
UniFramework.Event.UniEvent:SendMessage(Int32, IEventMessage)
DownloadProgressUpdate:SendEventMessage(Int32, Int32, Int64, Int64, Int64)
XPatch.V2StepDownFileData:OnHttpUpdateCB(PatchHttpContext)
XPatch.<CRRequestSend>d__28:MoveNext()
UnityEngine.SetupCoroutine:InvokeMoveNext(IEnumerator, IntPtr)

[45.9137][Log]|[Tracking] report event=loading
UnityEngine.Logger:Log(LogType, Object)
UnityEngine.Debug:Log(Object)
FunPlus.WorldX.Utils.GameLog:Log(Object, Object)
FunPlus.WorldX.SDK.SDKManager:Tracking(Dictionary`2)
XPatch.XPatchSDKLogger:LogEvent(Dictionary`2)
XPatch.XPatchSDKLogger:LogNameType(String, Int32, Dictionary`2)
XPatch.XPatchSDKLogger:LogWithType(XPatchSDKLogType, Dictionary`2, String)
XPatch.XPatchAfFunnelTracker:ReportPatchDownloadProgress(Int64, Int64)
XPatch.XPatchAfFunnelTracker:OnDownloadProgress(IEventMessage)
UniFramework.Event.UniEvent:SendMessage(Int32, IEventMessage)
DownloadProgressUpdate:SendEventMessage(Int32, Int32, Int64, Int64, Int64)
XPatch.V2StepDownFileData:OnHttpUpdateCB(PatchHttpContext)
XPatch.<CRRequestSend>d__28:MoveNext()
UnityEngine.SetupCoroutine:InvokeMoveNext(IEnumerator, IntPtr)

[49.5110][Log]|@fjs XPatchSDKLogger.LogEvent: ev[{

	"event_name": "af_resource_download_80",
	"type": 2,
	"extra": {}
}]
UnityEngine.Logger:LogFormat(LogType, String, Object[])
UnityEngine.Debug:LogFormat(String, Object[])
FunPlus.WorldX.Utils.GameLog:LogFormat(String, Object[])
XPatch.XPatchSDKLogger:LogEvent(Dictionary`2)
XPatch.XPatchAfFunnelTracker:OnDownloadProgress(IEventMessage)
UniFramework.Event.UniEvent:SendMessage(Int32, IEventMessage)
DownloadProgressUpdate:SendEventMessage(Int32, Int32, Int64, Int64, Int64)
XPatch.V2StepDownFileData:OnHttpUpdateCB(PatchHttpContext)
XPatch.<CRRequestSend>d__28:MoveNext()
UnityEngine.SetupCoroutine:InvokeMoveNext(IEnumerator, IntPtr)

[49.5112][Log]|[Tracking] report event=af_resource_download_80
UnityEngine.Logger:Log(LogType, Object)
UnityEngine.Debug:Log(Object)
FunPlus.WorldX.Utils.GameLog:Log(Object, Object)
FunPlus.WorldX.SDK.SDKManager:Tracking(Dictionary`2)
XPatch.XPatchSDKLogger:LogEvent(Dictionary`2)
XPatch.XPatchAfFunnelTracker:OnDownloadProgress(IEventMessage)
UniFramework.Event.UniEvent:SendMessage(Int32, IEventMessage)
DownloadProgressUpdate:SendEventMessage(Int32, Int32, Int64, Int64, Int64)
XPatch.V2StepDownFileData:OnHttpUpdateCB(PatchHttpContext)
XPatch.<CRRequestSend>d__28:MoveNext()
UnityEngine.SetupCoroutine:InvokeMoveNext(IEnumerator, IntPtr)

[49.5376][Log]|@fjs XPatchSDKLogger.LogEvent: ev[{

	"event_name": "loading",
	"type": 1,
	"extra": {

	"loading_percent": 79,
	"loading_time": 1789605084,
	"loading_type": "patch_download",
	"loading_name": "patch_download",
	"loading_id": "patch_download",
	"duration": 3624,
	"is_force": 1
},
	"event_tag": "core"
}]
UnityEngine.Logger:LogFormat(LogType, String, Object[])
UnityEngine.Debug:LogFormat(String, Object[])
FunPlus.WorldX.Utils.GameLog:LogFormat(String, Object[])
XPatch.XPatchSDKLogger:LogEvent(Dictionary`2)
XPatch.XPatchSDKLogger:LogNameType(String, Int32, Dictionary`2)
XPatch.XPatchSDKLogger:LogWithType(XPatchSDKLogType, Dictionary`2, String)
XPatch.XPatchAfFunnelTracker:ReportPatchDownloadProgress(Int64, Int64)
XPatch.XPatchAfFunnelTracker:OnDownloadProgress(IEventMessage)
UniFramework.Event.UniEvent:SendMessage(Int32, IEventMessage)
DownloadProgressUpdate:SendEventMessage(Int32, Int32, Int64, Int64, Int64)
XPatch.V2StepDownFileData:OnHttpUpdateCB(PatchHttpContext)
XPatch.<CRRequestSend>d__28:MoveNext()
UnityEngine.SetupCoroutine:InvokeMoveNext(IEnumerator, IntPtr)

[49.5378][Log]|[Tracking] report event=loading
UnityEngine.Logger:Log(LogType, Object)
UnityEngine.Debug:Log(Object)
FunPlus.WorldX.Utils.GameLog:Log(Object, Object)
FunPlus.WorldX.SDK.SDKManager:Tracking(Dictionary`2)
XPatch.XPatchSDKLogger:LogEvent(Dictionary`2)
XPatch.XPatchSDKLogger:LogNameType(String, Int32, Dictionary`2)
XPatch.XPatchSDKLogger:LogWithType(XPatchSDKLogType, Dictionary`2, String)
XPatch.XPatchAfFunnelTracker:ReportPatchDownloadProgress(Int64, Int64)
XPatch.XPatchAfFunnelTracker:OnDownloadProgress(IEventMessage)
UniFramework.Event.UniEvent:SendMessage(Int32, IEventMessage)
DownloadProgressUpdate:SendEventMessage(Int32, Int32, Int64, Int64, Int64)
XPatch.V2StepDownFileData:OnHttpUpdateCB(PatchHttpContext)
XPatch.<CRRequestSend>d__28:MoveNext()
UnityEngine.SetupCoroutine:InvokeMoveNext(IEnumerator, IntPtr)

[53.3025][Log]|@fjs XPatchSDKLogger.LogEvent: ev[{

	"event_name": "loading",
	"type": 1,
	"extra": {

	"loading_percent": 89,
	"loading_time": 1789605088,
	"loading_type": "patch_download",
	"loading_name": "patch_download",
	"loading_id": "patch_download",
	"duration": 3765,
	"is_force": 1
},
	"event_tag": "core"
}]
UnityEngine.Logger:LogFormat(LogType, String, Object[])
UnityEngine.Debug:LogFormat(String, Object[])
FunPlus.WorldX.Utils.GameLog:LogFormat(String, Object[])
XPatch.XPatchSDKLogger:LogEvent(Dictionary`2)
XPatch.XPatchSDKLogger:LogNameType(String, Int32, Dictionary`2)
XPatch.XPatchSDKLogger:LogWithType(XPatchSDKLogType, Dictionary`2, String)
XPatch.XPatchAfFunnelTracker:ReportPatchDownloadProgress(Int64, Int64)
XPatch.XPatchAfFunnelTracker:OnDownloadProgress(IEventMessage)
UniFramework.Event.UniEvent:SendMessage(Int32, IEventMessage)
DownloadProgressUpdate:SendEventMessage(Int32, Int32, Int64, Int64, Int64)
XPatch.V2StepDownFileData:OnHttpUpdateCB(PatchHttpContext)
XPatch.<CRRequestSend>d__28:MoveNext()
UnityEngine.SetupCoroutine:InvokeMoveNext(IEnumerator, IntPtr)

[53.3026][Log]|[Tracking] report event=loading
UnityEngine.Logger:Log(LogType, Object)
UnityEngine.Debug:Log(Object)
FunPlus.WorldX.Utils.GameLog:Log(Object, Object)
FunPlus.WorldX.SDK.SDKManager:Tracking(Dictionary`2)
XPatch.XPatchSDKLogger:LogEvent(Dictionary`2)
XPatch.XPatchSDKLogger:LogNameType(String, Int32, Dictionary`2)
XPatch.XPatchSDKLogger:LogWithType(XPatchSDKLogType, Dictionary`2, String)
XPatch.XPatchAfFunnelTracker:ReportPatchDownloadProgress(Int64, Int64)
XPatch.XPatchAfFunnelTracker:OnDownloadProgress(IEventMessage)
UniFramework.Event.UniEvent:SendMessage(Int32, IEventMessage)
DownloadProgressUpdate:SendEventMessage(Int32, Int32, Int64, Int64, Int64)
XPatch.V2StepDownFileData:OnHttpUpdateCB(PatchHttpContext)
XPatch.<CRRequestSend>d__28:MoveNext()
UnityEngine.SetupCoroutine:InvokeMoveNext(IEnumerator, IntPtr)

[57.3478][Log]|[02:31:32.736] CRMain: compl Down, file[29], byte[745191487b, 727726kb, 710mb],
UnityEngine.Logger:LogFormat(LogType, String, Object[])
UnityEngine.Debug:LogFormat(String, Object[])
XPatch.<CRMain>d__1:MoveNext()
UnityEngine.SetupCoroutine:InvokeMoveNext(IEnumerator, IntPtr)

[57.3479][Log]|@fjs XPatchSDKLogger.LogEvent: ev[{

	"event_name": "loading",
	"type": 1,
	"extra": {

	"loading_percent": 100,
	"loading_time": 1789605092,
	"loading_type": "patch_download",
	"loading_name": "patch_download",
	"loading_id": "patch_download",
	"duration": 4045,
	"is_force": 1
},
	"event_tag": "core"
}]
UnityEngine.Logger:LogFormat(LogType, String, Object[])
UnityEngine.Debug:LogFormat(String, Object[])
FunPlus.WorldX.Utils.GameLog:LogFormat(String, Object[])
XPatch.XPatchSDKLogger:LogEvent(Dictionary`2)
XPatch.XPatchSDKLogger:LogNameType(String, Int32, Dictionary`2)
XPatch.XPatchSDKLogger:LogWithType(XPatchSDKLogType, Dictionary`2, String)
XPatch.<CRMain>d__1:MoveNext()
UnityEngine.SetupCoroutine:InvokeMoveNext(IEnumerator, IntPtr)

[57.3479][Log]|[Tracking] report event=loading
UnityEngine.Logger:Log(LogType, Object)
UnityEngine.Debug:Log(Object)
FunPlus.WorldX.Utils.GameLog:Log(Object, Object)
FunPlus.WorldX.SDK.SDKManager:Tracking(Dictionary`2)
XPatch.XPatchSDKLogger:LogEvent(Dictionary`2)
XPatch.XPatchSDKLogger:LogNameType(String, Int32, Dictionary`2)
XPatch.XPatchSDKLogger:LogWithType(XPatchSDKLogType, Dictionary`2, String)
XPatch.<CRMain>d__1:MoveNext()
UnityEngine.SetupCoroutine:InvokeMoveNext(IEnumerator, IntPtr)

[57.3482][Log]|@fjs XPatchSDKLogger.LogEvent: ev[{

	"event_name": "loading",
	"type": 1,
	"extra": {

	"loading_time": 1789605092,
	"loading_type": "LeaveResDownState",
	"loading_name": "LeaveResDownState",
	"loading_id": "LeaveResDownState",
	"duration": 0,
	"is_force": 1
},
	"event_tag": "core"
}]
UnityEngine.Logger:LogFormat(LogType, String, Object[])
UnityEngine.Debug:LogFormat(String, Object[])
FunPlus.WorldX.Utils.GameLog:LogFormat(String, Object[])
XPatch.XPatchSDKLogger:LogEvent(Dictionary`2)
XPatch.XPatchSDKLogger:LogNameType(String, Int32, Dictionary`2)
XPatch.XPatchSDKLogger:LogWithType(XPatchSDKLogType, Dictionary`2, String)
XPatch.<CRMain>d__1:MoveNext()
UnityEngine.SetupCoroutine:InvokeMoveNext(IEnumerator, IntPtr)

[57.3482][Log]|[Tracking] report event=loading
UnityEngine.Logger:Log(LogType, Object)
UnityEngine.Debug:Log(Object)
FunPlus.WorldX.Utils.GameLog:Log(Object, Object)
FunPlus.WorldX.SDK.SDKManager:Tracking(Dictionary`2)
XPatch.XPatchSDKLogger:LogEvent(Dictionary`2)
XPatch.XPatchSDKLogger:LogNameType(String, Int32, Dictionary`2)
XPatch.XPatchSDKLogger:LogWithType(XPatchSDKLogType, Dictionary`2, String)
XPatch.<CRMain>d__1:MoveNext()
UnityEngine.SetupCoroutine:InvokeMoveNext(IEnumerator, IntPtr)

[57.3484][Log]|[02:31:32.738] V2StepPatchFinish.start
UnityEngine.Logger:LogFormat(LogType, String, Object[])
UnityEngine.Debug:LogFormat(String, Object[])
XPatch.<CRStep>d__0:MoveNext()
UnityEngine.SetupCoroutine:InvokeMoveNext(IEnumerator, IntPtr)
XPatch.<CRMain>d__1:MoveNext()
UnityEngine.SetupCoroutine:InvokeMoveNext(IEnumerator, IntPtr)

[57.3512][Log]|[02:31:32.740] CRPatchFinishRunDone
UnityEngine.Logger:LogFormat(LogType, String, Object[])
UnityEngine.Debug:LogFormat(String, Object[])
XPatch.<CRRunPatchDone>d__3:MoveNext()
UnityEngine.SetupCoroutine:InvokeMoveNext(IEnumerator, IntPtr)
XPatch.<CRStep>d__0:MoveNext()
UnityEngine.SetupCoroutine:InvokeMoveNext(IEnumerator, IntPtr)

Unloading 5 Unused Serialized files (Serialized files now loaded: 0)
Unloading 314 unused Assets to reduce memory usage. Loaded Objects now: 12471.
Total: 25.591100 ms (FindLiveObjects: 0.636000 ms CreateObjectMapping: 0.448300 ms MarkObjects: 24.040800 ms  DeleteObjects: 0.465700 ms)

Unloading 0 Unused Serialized files (Serialized files now loaded: 0)
Unloading 0 unused Assets to reduce memory usage. Loaded Objects now: 12471.
Total: 24.014900 ms (FindLiveObjects: 0.511000 ms CreateObjectMapping: 0.436500 ms MarkObjects: 23.055200 ms  DeleteObjects: 0.011900 ms)

Unloading 0 Unused Serialized files (Serialized files now loaded: 0)
Unloading 0 unused Assets to reduce memory usage. Loaded Objects now: 12471.
Total: 24.349200 ms (FindLiveObjects: 0.641600 ms CreateObjectMapping: 0.672000 ms MarkObjects: 23.024700 ms  DeleteObjects: 0.010400 ms)

[59.5269][Log]|UpdateState: ns[Down], per[0], title[Wird heruntergeladen …], tip[Wird aufgeräumt …]
UnityEngine.Logger:LogFormat(LogType, String, Object[])
UnityEngine.Debug:LogFormat(String, Object[])
PatchWindow:UpdateState(PatchState, Int32, String, String, String)
PatchWindow:OnHandleEventMessage(IEventMessage)
UniFramework.Event.UniEvent:SendMessage(Int32, IEventMessage)
XPatch.<CRStep>d__0:MoveNext()
UnityEngine.SetupCoroutine:InvokeMoveNext(IEnumerator, IntPtr)
XPatch.<CRRunPatchDone>d__3:MoveNext()
UnityEngine.SetupCoroutine:InvokeMoveNext(IEnumerator, IntPtr)

[59.5285][Log]|DeleteOldPatchV2Ver: dele ver, dt[ucs], ver[3509129]
UnityEngine.Logger:LogFormat(LogType, String, Object[])
UnityEngine.Debug:LogFormat(String, Object[])
XPatch.V2StepClearOldFiles:DeleteOldPatchV2Ver(XPatchV2ContextModule, XPatchV2ContextGlobal)
XPatch.<CRStep>d__0:MoveNext()
UnityEngine.SetupCoroutine:InvokeMoveNext(IEnumerator, IntPtr)

[59.5296][Log]|DeleteOldPatchV2Ver: dele ver, dt[ucs], ver[3528013]
UnityEngine.Logger:LogFormat(LogType, String, Object[])
UnityEngine.Debug:LogFormat(String, Object[])
XPatch.V2StepClearOldFiles:DeleteOldPatchV2Ver(XPatchV2ContextModule, XPatchV2ContextGlobal)
XPatch.<CRStep>d__0:MoveNext()
UnityEngine.SetupCoroutine:InvokeMoveNext(IEnumerator, IntPtr)

[59.5308][Log]|DeleteOldPatchV2Ver: dele ver, dt[lua], ver[3509129]
UnityEngine.Logger:LogFormat(LogType, String, Object[])
UnityEngine.Debug:LogFormat(String, Object[])
XPatch.V2StepClearOldFiles:DeleteOldPatchV2Ver(XPatchV2ContextModule, XPatchV2ContextGlobal)
XPatch.<CRStep>d__0:MoveNext()
UnityEngine.SetupCoroutine:InvokeMoveNext(IEnumerator, IntPtr)

[59.5319][Log]|DeleteOldPatchV2Ver: dele ver, dt[lua], ver[3528012]
UnityEngine.Logger:LogFormat(LogType, String, Object[])
UnityEngine.Debug:LogFormat(String, Object[])
XPatch.V2StepClearOldFiles:DeleteOldPatchV2Ver(XPatchV2ContextModule, XPatchV2ContextGlobal)
XPatch.<CRStep>d__0:MoveNext()
UnityEngine.SetupCoroutine:InvokeMoveNext(IEnumerator, IntPtr)

[59.5338][Log]|DeleteOldPatchV2Ver: dele ver, dt[xfs], ver[3509129]
UnityEngine.Logger:LogFormat(LogType, String, Object[])
UnityEngine.Debug:LogFormat(String, Object[])
XPatch.V2StepClearOldFiles:DeleteOldPatchV2Ver(XPatchV2ContextModule, XPatchV2ContextGlobal)
XPatch.<CRStep>d__0:MoveNext()
UnityEngine.SetupCoroutine:InvokeMoveNext(IEnumerator, IntPtr)

[59.5452][Log]|DeleteOldPatchV2Ver: dele ver, dt[xfs], ver[3528012]
UnityEngine.Logger:LogFormat(LogType, String, Object[])
UnityEngine.Debug:LogFormat(String, Object[])
XPatch.V2StepClearOldFiles:DeleteOldPatchV2Ver(XPatchV2ContextModule, XPatchV2ContextGlobal)
XPatch.<CRStep>d__0:MoveNext()
UnityEngine.SetupCoroutine:InvokeMoveNext(IEnumerator, IntPtr)

[59.5560][Log]|DeleteOldPatchV2Ver: dele ver, dt[res], ver[3509129]
UnityEngine.Logger:LogFormat(LogType, String, Object[])
UnityEngine.Debug:LogFormat(String, Object[])
XPatch.V2StepClearOldFiles:DeleteOldPatchV2Ver(XPatchV2ContextModule, XPatchV2ContextGlobal)
XPatch.<CRStep>d__0:MoveNext()
UnityEngine.SetupCoroutine:InvokeMoveNext(IEnumerator, IntPtr)

[59.5612][Log]|DeleteOldPatchV2Ver: dele ver, dt[res], ver[3528012]
UnityEngine.Logger:LogFormat(LogType, String, Object[])
UnityEngine.Debug:LogFormat(String, Object[])
XPatch.V2StepClearOldFiles:DeleteOldPatchV2Ver(XPatchV2ContextModule, XPatchV2ContextGlobal)
XPatch.<CRStep>d__0:MoveNext()
UnityEngine.SetupCoroutine:InvokeMoveNext(IEnumerator, IntPtr)

[59.6689][Log]|DeleteFiles: delete file, path[C:/Program Files (x86)/PawPrint/Aniimo/game/worldx_Data/StreamingAssets/Audio/GeneratedSoundBanks/Windows/Media/636730076.wem]
UnityEngine.Logger:LogFormat(LogType, String, Object[])
UnityEngine.Debug:LogFormat(String, Object[])
XPatch.XPatchRuntimeIO:DeleteDirFiles(String, Dictionary`2, Dictionary`2, Boolean, String)
XPatch.<CRDeleteOldXFSModule>d__5:MoveNext()
UnityEngine.SetupCoroutine:InvokeMoveNext(IEnumerator, IntPtr)
XPatch.<CRDeleteOldXFS>d__4:MoveNext()
UnityEngine.SetupCoroutine:InvokeMoveNext(IEnumerator, IntPtr)

[59.7671][Log]|DeleteFiles: delete ab uab file, path[C:/Program Files (x86)/PawPrint/Aniimo/game/Aniimo_Data/cvs/res/uab/win/DefaultPackage/CacheBundleFiles/06/06c877811b4b14ccb8fcd5cbd77d0579/cdata.uab]
UnityEngine.Logger:LogFormat(LogType, String, Object[])
UnityEngine.Debug:LogFormat(String, Object[])
XPatch.<CRDeleteOldRes>d__6:MoveNext()
UnityEngine.SetupCoroutine:InvokeMoveNext(IEnumerator, IntPtr)
XPatch.<CRStep>d__0:MoveNext()
UnityEngine.SetupCoroutine:InvokeMoveNext(IEnumerator, IntPtr)

[59.7680][Log]|DeleteFiles: delete ab uab file, path[C:/Program Files (x86)/PawPrint/Aniimo/game/Aniimo_Data/cvs/res/uab/win/DefaultPackage/CacheBundleFiles/50/5005df572a922e58a93858e94434be3c/cdata.uab]
UnityEngine.Logger:LogFormat(LogType, String, Object[])
UnityEngine.Debug:LogFormat(String, Object[])
XPatch.<CRDeleteOldRes>d__6:MoveNext()
UnityEngine.SetupCoroutine:InvokeMoveNext(IEnumerator, IntPtr)
XPatch.<CRStep>d__0:MoveNext()
UnityEngine.SetupCoroutine:InvokeMoveNext(IEnumerator, IntPtr)

[59.7686][Log]|DeleteFiles: delete ab uab file, path[C:/Program Files (x86)/PawPrint/Aniimo/game/Aniimo_Data/cvs/res/uab/win/DefaultPackage/CacheBundleFiles/6b/6b5171cf88acc6419713e329e7a291c6/cdata.uab]
UnityEngine.Logger:LogFormat(LogType, String, Object[])
UnityEngine.Debug:LogFormat(String, Object[])
XPatch.<CRDeleteOldRes>d__6:MoveNext()
UnityEngine.SetupCoroutine:InvokeMoveNext(IEnumerator, IntPtr)
XPatch.<CRStep>d__0:MoveNext()
UnityEngine.SetupCoroutine:InvokeMoveNext(IEnumerator, IntPtr)

[59.7692][Log]|DeleteFiles: delete ab uab file, path[C:/Program Files (x86)/PawPrint/Aniimo/game/Aniimo_Data/cvs/res/uab/win/DefaultPackage/CacheBundleFiles/94/9423dff03d66e101ef7190045fbbd760/cdata.uab]
UnityEngine.Logger:LogFormat(LogType, String, Object[])
UnityEngine.Debug:LogFormat(String, Object[])
XPatch.<CRDeleteOldRes>d__6:MoveNext()
UnityEngine.SetupCoroutine:InvokeMoveNext(IEnumerator, IntPtr)
XPatch.<CRStep>d__0:MoveNext()
UnityEngine.SetupCoroutine:InvokeMoveNext(IEnumerator, IntPtr)

[59.7695][Log]|DeleteFiles: delete ab uab file, path[C:/Program Files (x86)/PawPrint/Aniimo/game/Aniimo_Data/cvs/res/uab/win/DefaultPackage/CacheBundleFiles/97/97090440fd9192a8ba90d92c5b291e0b/cdata.uab]
UnityEngine.Logger:LogFormat(LogType, String, Object[])
UnityEngine.Debug:LogFormat(String, Object[])
XPatch.<CRDeleteOldRes>d__6:MoveNext()
UnityEngine.SetupCoroutine:InvokeMoveNext(IEnumerator, IntPtr)
XPatch.<CRStep>d__0:MoveNext()
UnityEngine.SetupCoroutine:InvokeMoveNext(IEnumerator, IntPtr)

[59.7699][Log]|DeleteFiles: delete ab uab file, path[C:/Program Files (x86)/PawPrint/Aniimo/game/Aniimo_Data/cvs/res/uab/win/DefaultPackage/CacheBundleFiles/a7/a7e05c43a3eadab52949a99d228fcc91/cdata.uab]
UnityEngine.Logger:LogFormat(LogType, String, Object[])
UnityEngine.Debug:LogFormat(String, Object[])
XPatch.<CRDeleteOldRes>d__6:MoveNext()
UnityEngine.SetupCoroutine:InvokeMoveNext(IEnumerator, IntPtr)
XPatch.<CRStep>d__0:MoveNext()
UnityEngine.SetupCoroutine:InvokeMoveNext(IEnumerator, IntPtr)

[59.7704][Log]|DeleteFiles: delete ab uab file, path[C:/Program Files (x86)/PawPrint/Aniimo/game/Aniimo_Data/cvs/res/uab/win/DefaultPackage/CacheBundleFiles/c9/c9d025fe46d663a07c451fba3839516c/cdata.uab]
UnityEngine.Logger:LogFormat(LogType, String, Object[])
UnityEngine.Debug:LogFormat(String, Object[])
XPatch.<CRDeleteOldRes>d__6:MoveNext()
UnityEngine.SetupCoroutine:InvokeMoveNext(IEnumerator, IntPtr)
XPatch.<CRStep>d__0:MoveNext()
UnityEngine.SetupCoroutine:InvokeMoveNext(IEnumerator, IntPtr)

[59.7708][Log]|DeleteFiles: delete ab uab file, path[C:/Program Files (x86)/PawPrint/Aniimo/game/Aniimo_Data/cvs/res/uab/win/DefaultPackage/CacheBundleFiles/e6/e6a2dbefb2ed54ded66c617ad619cc67/cdata.uab]
UnityEngine.Logger:LogFormat(LogType, String, Object[])
UnityEngine.Debug:LogFormat(String, Object[])
XPatch.<CRDeleteOldRes>d__6:MoveNext()
UnityEngine.SetupCoroutine:InvokeMoveNext(IEnumerator, IntPtr)
XPatch.<CRStep>d__0:MoveNext()
UnityEngine.SetupCoroutine:InvokeMoveNext(IEnumerator, IntPtr)

[59.7711][Log]|DeleteFiles: delete ab uab file, path[C:/Program Files (x86)/PawPrint/Aniimo/game/Aniimo_Data/cvs/res/uab/win/DefaultPackage/CacheBundleFiles/f6/f6ca913bc362238a2fe25444c30eb087/cdata.uab]
UnityEngine.Logger:LogFormat(LogType, String, Object[])
UnityEngine.Debug:LogFormat(String, Object[])
XPatch.<CRDeleteOldRes>d__6:MoveNext()
UnityEngine.SetupCoroutine:InvokeMoveNext(IEnumerator, IntPtr)
XPatch.<CRStep>d__0:MoveNext()
UnityEngine.SetupCoroutine:InvokeMoveNext(IEnumerator, IntPtr)

[59.7714][Log]|DeleteFiles: delete ab uab file, path[C:/Program Files (x86)/PawPrint/Aniimo/game/Aniimo_Data/cvs/res/uab/win/DefaultPackage/CacheBundleFiles/f9/f933c21aceca5222974bc73ac9a26be0/cdata.uab]
UnityEngine.Logger:LogFormat(LogType, String, Object[])
UnityEngine.Debug:LogFormat(String, Object[])
XPatch.<CRDeleteOldRes>d__6:MoveNext()
UnityEngine.SetupCoroutine:InvokeMoveNext(IEnumerator, IntPtr)
XPatch.<CRStep>d__0:MoveNext()
UnityEngine.SetupCoroutine:InvokeMoveNext(IEnumerator, IntPtr)

[60.0095][Log]|[02:31:35.398] CRPatchFinishCommonAfter
UnityEngine.Logger:LogFormat(LogType, String, Object[])
UnityEngine.Debug:LogFormat(String, Object[])
XPatch.<CRCommonAfter>d__4:MoveNext()
UnityEngine.SetupCoroutine:InvokeMoveNext(IEnumerator, IntPtr)
XPatch.<CRStep>d__0:MoveNext()
UnityEngine.SetupCoroutine:InvokeMoveNext(IEnumerator, IntPtr)

[60.0096][Log]|UpdateState: ns[Down], per[0], title[Wird heruntergeladen …], tip[Wird gestartet …]
UnityEngine.Logger:LogFormat(LogType, String, Object[])
UnityEngine.Debug:LogFormat(String, Object[])
PatchWindow:UpdateState(PatchState, Int32, String, String, String)
PatchWindow:OnHandleEventMessage(IEventMessage)
UniFramework.Event.UniEvent:SendMessage(Int32, IEventMessage)
XPatch.<CRCommonAfter>d__4:MoveNext()
UnityEngine.SetupCoroutine:InvokeMoveNext(IEnumerator, IntPtr)
XPatch.<CRStep>d__0:MoveNext()
UnityEngine.SetupCoroutine:InvokeMoveNext(IEnumerator, IntPtr)

[60.0182][Log]|AfterPatchResolveLua: bLocal[False], mode[ModeLocalXdf], path[C:/Program Files (x86)/PawPrint/Aniimo/game/Aniimo_Data/cvs/res/lua/LuaScripts.xdf]
UnityEngine.Logger:LogFormat(LogType, String, Object[])
UnityEngine.Debug:LogFormat(String, Object[])
XPatch.<AfterPatchResolveLua>d__3:MoveNext()
UnityEngine.SetupCoroutine:InvokeMoveNext(IEnumerator, IntPtr)
XPatch.<CRCommonAfter>d__4:MoveNext()
UnityEngine.SetupCoroutine:InvokeMoveNext(IEnumerator, IntPtr)

[60.0526][Log]|@fjs DeserManifestRead: _ATabFakeMode, ignore
UnityEngine.Logger:LogFormat(LogType, String, Object[])
UnityEngine.Debug:LogFormat(String, Object[])
YooAsset.LoadCacheManifestOperation:Start()
YooAsset.HostPlayModeInitializationOperation:Update()
YooAsset.OperationSystem:Update()
YooAsset.YooAssets:Update()

[60.0918][Log]|[PSO] Applied config hotfix, path[C:\Program Files (x86)\PawPrint\Aniimo\game\AssetsExtra\raw\config\PSOConfig.json], psoWarmupEnabled[psoWarmupEnabledDX12:False:False], psoDiskCacheEnabled[psoDiskCacheEnabledDX12:False:False:False], forceWarmupWhenDiskCacheValid[forceWarmupWhenDiskCacheValidDX12:True:True], vulkanWarmupKeepInMemory[False:False], preloadVariantsWhenWarmupSkipped[False:False]
UnityEngine.Logger:LogFormat(LogType, String, Object[])
UnityEngine.Debug:LogFormat(String, Object[])
XPatch.XPatchShaderUtil:ApplyPSOConfigHotfixOnce()
XPatch.<CRCallAfterPatchFlowDoneWarmupPSO>d__19:MoveNext()
UnityEngine.SetupCoroutine:InvokeMoveNext(IEnumerator, IntPtr)
XPatch.XPatchRuntimeEntry:CallAfterPatchFlowDone()
XPatch.<CRCommonAfter>d__4:MoveNext()
UnityEngine.SetupCoroutine:InvokeMoveNext(IEnumerator, IntPtr)

[60.0920][Log]|CallWarmupPSO: started, tStart[1789605095481], tForceEnd[1789605695481], timeoutSeconds[600], ignoreTimeoutForPerf[False], isLuaReviewVersion[False], reviewServerGroup[], configOverride[False]
UnityEngine.Logger:LogFormat(LogType, String, Object[])
UnityEngine.Debug:LogFormat(String, Object[])
XPatch.<CRCallAfterPatchFlowDoneWarmupPSO>d__19:MoveNext()
UnityEngine.SetupCoroutine:InvokeMoveNext(IEnumerator, IntPtr)
XPatch.XPatchRuntimeEntry:CallAfterPatchFlowDone()
XPatch.<CRCommonAfter>d__4:MoveNext()
UnityEngine.SetupCoroutine:InvokeMoveNext(IEnumerator, IntPtr)

[60.0920][Log]|[02:31:35.482] V2StepPatchFinish.compl
UnityEngine.Logger:LogFormat(LogType, String, Object[])
UnityEngine.Debug:LogFormat(String, Object[])
XPatch.<CRStep>d__0:MoveNext()
UnityEngine.SetupCoroutine:InvokeMoveNext(IEnumerator, IntPtr)

[60.0921][Log]|[02:31:35.482] CRMain: compl all patch flow
UnityEngine.Logger:LogFormat(LogType, String, Object[])
UnityEngine.Debug:LogFormat(String, Object[])
XPatch.<CRMain>d__1:MoveNext()
UnityEngine.SetupCoroutine:InvokeMoveNext(IEnumerator, IntPtr)

[60.0921][Log]|CRInitSystemStartPatch: run CRPatchFlowMain compl, ver[2]
UnityEngine.Logger:LogFormat(LogType, String, Object[])
UnityEngine.Debug:LogFormat(String, Object[])
XPatch.<CRInitSystemStartPatch>d__1:MoveNext()
UnityEngine.SetupCoroutine:InvokeMoveNext(IEnumerator, IntPtr)

[60.0921][Log]|@fjs XPatchSDKLogger.LogEvent: ev[{

	"event_name": "loading",
	"type": 1,
	"extra": {

	"loading_time": 1789605095,
	"loading_type": "LeavePatchFlowState",
	"loading_name": "LeavePatchFlowState",
	"loading_id": "LeavePatchFlowState",
	"duration": 2744,
	"is_force": 1
},
	"event_tag": "core"
}]
UnityEngine.Logger:LogFormat(LogType, String, Object[])
UnityEngine.Debug:LogFormat(String, Object[])
FunPlus.WorldX.Utils.GameLog:LogFormat(String, Object[])
XPatch.XPatchSDKLogger:LogEvent(Dictionary`2)
XPatch.XPatchSDKLogger:LogNameType(String, Int32, Dictionary`2)
XPatch.XPatchSDKLogger:LogWithType(XPatchSDKLogType, Dictionary`2, String)
XPatch.<CRStartPatchFlow>d__0:MoveNext()
UnityEngine.SetupCoroutine:InvokeMoveNext(IEnumerator, IntPtr)

[60.0922][Log]|[Tracking] report event=loading
UnityEngine.Logger:Log(LogType, Object)
UnityEngine.Debug:Log(Object)
FunPlus.WorldX.Utils.GameLog:Log(Object, Object)
FunPlus.WorldX.SDK.SDKManager:Tracking(Dictionary`2)
XPatch.XPatchSDKLogger:LogEvent(Dictionary`2)
XPatch.XPatchSDKLogger:LogNameType(String, Int32, Dictionary`2)
XPatch.XPatchSDKLogger:LogWithType(XPatchSDKLogType, Dictionary`2, String)
XPatch.<CRStartPatchFlow>d__0:MoveNext()
UnityEngine.SetupCoroutine:InvokeMoveNext(IEnumerator, IntPtr)

[60.0923][Log]|@fjs XPatchSDKLogger.LogEvent: ev[{

	"event_name": "af_success_resource_download",
	"type": 2,
	"extra": {}
}]
UnityEngine.Logger:LogFormat(LogType, String, Object[])
UnityEngine.Debug:LogFormat(String, Object[])
FunPlus.WorldX.Utils.GameLog:LogFormat(String, Object[])
XPatch.XPatchSDKLogger:LogEvent(Dictionary`2)
XPatch.<CRStartPatchFlow>d__0:MoveNext()
UnityEngine.SetupCoroutine:InvokeMoveNext(IEnumerator, IntPtr)

[60.0923][Log]|[Tracking] report event=af_success_resource_download
UnityEngine.Logger:Log(LogType, Object)
UnityEngine.Debug:Log(Object)
FunPlus.WorldX.Utils.GameLog:Log(Object, Object)
FunPlus.WorldX.SDK.SDKManager:Tracking(Dictionary`2)
XPatch.XPatchSDKLogger:LogEvent(Dictionary`2)
XPatch.<CRStartPatchFlow>d__0:MoveNext()
UnityEngine.SetupCoroutine:InvokeMoveNext(IEnumerator, IntPtr)

[60.2888][Log]|[PSO] Start PSO warmup, file C:/Program Files (x86)/PawPrint/Aniimo/game/AssetsExtra/raw/xrenderPC/PSOCollection\PSOCollection_DirectX.psoc
UnityEngine.Logger:Log(LogType, Object)
UnityEngine.Debug:Log(Object)
XPatch.<CRDoPSOWarmup>d__46:MoveNext()
UnityEngine.SetupCoroutine:InvokeMoveNext(IEnumerator, IntPtr)
XPatch.XShaderPriorityWarmup:StartPSOWarmup()
XPatch.<CRPSOWarmup>d__18:MoveNext()
UnityEngine.SetupCoroutine:InvokeMoveNext(IEnumerator, IntPtr)

Skipped 3 invalid PSO descriptors while loading: C:/Program Files (x86)/PawPrint/Aniimo/game/AssetsExtra/raw/xrenderPC/PSOCollection\PSOCollection_DirectX.psoc (most common reason: rtFormats.sampleCount is zero (3))
XPatch.<CRDoPSOWarmup>d__46:MoveNext()
UnityEngine.SetupCoroutine:InvokeMoveNext(IEnumerator, IntPtr)
XPatch.XShaderPriorityWarmup:StartPSOWarmup()
XPatch.<CRPSOWarmup>d__18:MoveNext()
UnityEngine.SetupCoroutine:InvokeMoveNext(IEnumerator, IntPtr)

[ line -1504781640]

[60.3139][Log]|[PSO] Loaded collection with 13335 PSOs.
UnityEngine.Logger:Log(LogType, Object)
UnityEngine.Debug:Log(Object)
XPatch.<CRDoPSOWarmup>d__46:MoveNext()
UnityEngine.SetupCoroutine:InvokeMoveNext(IEnumerator, IntPtr)
XPatch.XShaderPriorityWarmup:StartPSOWarmup()
XPatch.<CRPSOWarmup>d__18:MoveNext()
UnityEngine.SetupCoroutine:InvokeMoveNext(IEnumerator, IntPtr)

[60.3226][Log]|[PSO] Built shader-grouped warmup order, shaderCount[248], psoCount[13335]
UnityEngine.Logger:LogFormat(LogType, String, Object[])
UnityEngine.Debug:LogFormat(String, Object[])
XPatch.<CRDoPSOWarmup>d__46:MoveNext()
UnityEngine.SetupCoroutine:InvokeMoveNext(IEnumerator, IntPtr)
XPatch.XShaderPriorityWarmup:StartPSOWarmup()
XPatch.<CRPSOWarmup>d__18:MoveNext()
UnityEngine.SetupCoroutine:InvokeMoveNext(IEnumerator, IntPtr)

Shader 'TextMeshPro/Distance Field': fallback shader 'TextMeshPro/Mobile/Distance Field' not found
[64.4138][Log]|[PSO] Load shader completed in: 4099 ms
UnityEngine.Logger:Log(LogType, Object)
XPatch.<CRDoPSOWarmup>d__46:MoveNext()
UnityEngine.SetupCoroutine:InvokeMoveNext(IEnumerator, IntPtr)

[PSO STATS] ShaderBinaryDecompression: Total: 279, UniqueChunks: 278, Duplicates: 1, Failed: 0, CompressedBytes: 77018876, DecompressedBytes: 310151268
[PSO STATS] ShaderBinaryDecompressionCache: Hits: 3234, Misses: 279, Evictions: 45, CachedChunks: 234, CurrentBytes: 133051036, PeakBytes: 134180900, MaxBytes: 134217728
[64.7942][Log]|[PSO] Warmup completed in: 4480 ms
UnityEngine.Logger:Log(LogType, Object)
UnityEngine.Debug:Log(Object)
XPatch.<CRDoPSOWarmup>d__46:MoveNext()
UnityEngine.SetupCoroutine:InvokeMoveNext(IEnumerator, IntPtr)

[64.7944][Log]|UpdateState: ns[Enter], per[0], title[Wird gestartet …], tip[]
UnityEngine.Logger:LogFormat(LogType, String, Object[])
UnityEngine.Debug:LogFormat(String, Object[])
PatchWindow:UpdateState(PatchState, Int32, String, String, String)
PatchWindow:OnHandleEventMessage(IEventMessage)
UniFramework.Event.UniEvent:SendMessage(Int32, IEventMessage)
ShaderWarmInfoUpdate:SendEventMessage(Int32, Int32, Int32, Int64, Int64)
XPatch.<CRCallAfterPatchFlowDoneWarmupPSO>d__19:MoveNext()
UnityEngine.SetupCoroutine:InvokeMoveNext(IEnumerator, IntPtr)

[64.7946][Log]|CallWarmupPSO: complet, tStart[1789605095481], tForceEnd[1789605695481]
UnityEngine.Logger:LogFormat(LogType, String, Object[])
UnityEngine.Debug:LogFormat(String, Object[])
XPatch.<CRCallAfterPatchFlowDoneWarmupPSO>d__19:MoveNext()
UnityEngine.SetupCoroutine:InvokeMoveNext(IEnumerator, IntPtr)

[64.7962][Log]|[PSO] Warmup all processed, status[Completed], issued[13335], total[13335], renderer[Direct3D12]
UnityEngine.Logger:LogFormat(LogType, String, Object[])
UnityEngine.Debug:LogFormat(String, Object[])
XPatch.XShaderPriorityWarmup:OnPSOWarmupCompleted(PSOWarmupCompletedInfo)
UnityEngine.PSOCollection:InvokeWarmupCompleted(Int32, Int32, Int32, Int32)

[65.3233][Log]|XRendererEffectData Initialize Success, effect count: 166
UnityEngine.Logger:Log(LogType, Object)
UnityEngine.Debug:Log(Object)
FunPlus.WorldX.AppFacade:InitAllManager()
FunPlus.WorldX.GlobalUpdater:Init()
FunPlus.WorldX.AppFacade:SetupManager()
FunPlus.WorldX.GlobalGenerator:AfterPatchFlowDone()
XPatch.XPatchRuntimeEntry:DoCallAfterPatchFlowDone()
XPatch.<CRCallAfterPatchFlowDoneWarmupPSO>d__19:MoveNext()
UnityEngine.SetupCoroutine:InvokeMoveNext(IEnumerator, IntPtr)

[65.3258][Log]|[HandheldKbd] Install done: subscribed to UInputField + UTMPInputField (select + deselect)
UnityEngine.Logger:Log(LogType, Object)
UnityEngine.Debug:Log(Object)
FunPlus.WorldX.GlobalGenerator:AfterPatchFlowDone()
XPatch.XPatchRuntimeEntry:DoCallAfterPatchFlowDone()
XPatch.<CRCallAfterPatchFlowDoneWarmupPSO>d__19:MoveNext()
UnityEngine.SetupCoroutine:InvokeMoveNext(IEnumerator, IntPtr)

[66.8685][Log]|[lua][info][2026-09-17 02:31:42.258558]	[info]	[PHONESTCORE_HOOK]	[LuaTimeoutChecker ctor, 0x7ff9b4be3530]	[LuaTimeOutChecker.cpp:24(phonestcore::LuaTimeoutChecker::LuaTimeoutChecker)]
FunPlus.WorldX.Utils.GameLog:SimpleLog(LogType, IntPtr, Int32)
FunPlus.WorldX.Utils.LuaUtils:LogForLua(Int32, IntPtr, Int32)
XLua.CSObjectWrap.FunPlusWorldXUtilsLuaUtilsWrap:_m_LogForLua_xlua_st_(IntPtr)
XLua.LuaFunction:Action(T1, T2, T3, T4, T5, T6, T7)
FunPlus.WorldX.Manager.LuaManager:CommonUpdate()
FunPlus.WorldX.AppFacade:UpdateAllManager()

[66.8687][Log]|[lua][info][2026-09-17 02:31:42.258575]	[info]	[PHONESTCORE_HOOK]	[infinite_loop_timeout_: 0]	[LuaTimeOutChecker.cpp:55(phonestcore::LuaTimeoutChecker::updateInterval)]
FunPlus.WorldX.Utils.GameLog:SimpleLog(LogType, IntPtr, Int32)
FunPlus.WorldX.Utils.LuaUtils:LogForLua(Int32, IntPtr, Int32)
XLua.CSObjectWrap.FunPlusWorldXUtilsLuaUtilsWrap:_m_LogForLua_xlua_st_(IntPtr)
XLua.LuaFunction:Action(T1, T2, T3, T4, T5, T6, T7)
FunPlus.WorldX.Manager.LuaManager:CommonUpdate()
FunPlus.WorldX.AppFacade:UpdateAllManager()

[ABDIAG] cached scene paths name='xpt21_mres_exunity_0.uab' count=1
Unloading 2 Unused Serialized files (Serialized files now loaded: 85)
UnloadTime: 0.072900 ms
Unloading 1086 unused Assets to reduce memory usage. Loaded Objects now: 16966.
Total: 13.242200 ms (FindLiveObjects: 0.622600 ms CreateObjectMapping: 0.238600 ms MarkObjects: 11.974500 ms  DeleteObjects: 0.406400 ms)

[ABDIAG] cached scene paths name='xpt22_mres_exunity_0.uab' count=1
Unloading 1 Unused Serialized files (Serialized files now loaded: 89)
DontDestroyOnLoad only works for root GameObjects or components on root GameObjects.
FunPlus.WorldX.Voxel.VoxelEffectManager:<InitBurstManager>b__29_0(Object, Object)
FunPlus.WorldX.ResourceManager.Runtime.GoInstanceTask:RunCallBackProtected(Action`2, GameObject, Object)
FunPlus.WorldX.ResourceManager.Runtime.GoInstanceTask:ExcuteInstanceCallback(GameObject)
FunPlus.WorldX.ResourceManager.Runtime.GoInstanceTask:WrapperInstanceCallBack(Object, Object)
FunPlus.WorldX.ResourceManager.Runtime.Task:InstantiateAsyncCallback(AsyncOperation)
UnityEngine.AsyncOperation:InvokeCompletionEvent()

[ line -1504778936]

DontDestroyOnLoad only works for root GameObjects or components on root GameObjects.
FunPlus.WorldX.Voxel.VoxelEffectManager:<InitCombineBurstManager>b__30_0(Object, Object)
FunPlus.WorldX.ResourceManager.Runtime.GoInstanceTask:RunCallBackProtected(Action`2, GameObject, Object)
FunPlus.WorldX.ResourceManager.Runtime.GoInstanceTask:ExcuteInstanceCallback(GameObject)
FunPlus.WorldX.ResourceManager.Runtime.GoInstanceTask:WrapperInstanceCallBack(Object, Object)
FunPlus.WorldX.ResourceManager.Runtime.Task:InstantiateAsyncCallback(AsyncOperation)
UnityEngine.AsyncOperation:InvokeCompletionEvent()

[ line -1504778936]

DontDestroyOnLoad only works for root GameObjects or components on root GameObjects.
FunPlus.WorldX.Voxel.VoxelEffectManager:<InitBurstManager>b__29_0(Object, Object)
FunPlus.WorldX.ResourceManager.Runtime.GoInstanceTask:RunCallBackProtected(Action`2, GameObject, Object)
FunPlus.WorldX.ResourceManager.Runtime.GoInstanceTask:ExcuteInstanceCallback(GameObject)
FunPlus.WorldX.ResourceManager.Runtime.GoInstanceTask:WrapperInstanceCallBack(Object, Object)
FunPlus.WorldX.ResourceManager.Runtime.Task:InstantiateAsyncCallback(AsyncOperation)
UnityEngine.AsyncOperation:InvokeCompletionEvent()

[ line -1504778936]

DontDestroyOnLoad only works for root GameObjects or components on root GameObjects.
FunPlus.WorldX.Voxel.VoxelEffectManager:<InitCombineBurstManager>b__30_0(Object, Object)
FunPlus.WorldX.ResourceManager.Runtime.GoInstanceTask:RunCallBackProtected(Action`2, GameObject, Object)
FunPlus.WorldX.ResourceManager.Runtime.GoInstanceTask:ExcuteInstanceCallback(GameObject)
FunPlus.WorldX.ResourceManager.Runtime.GoInstanceTask:WrapperInstanceCallBack(Object, Object)
FunPlus.WorldX.ResourceManager.Runtime.Task:InstantiateAsyncCallback(AsyncOperation)
UnityEngine.AsyncOperation:InvokeCompletionEvent()

[ line -1504778936]

UnloadTime: 0.033200 ms
Unloading 18 unused Assets to reduce memory usage. Loaded Objects now: 17082.
Total: 13.048600 ms (FindLiveObjects: 0.640400 ms CreateObjectMapping: 0.603000 ms MarkObjects: 11.778300 ms  DeleteObjects: 0.026500 ms)

[67.2260][Log]|[lua][info][2026-09-17 02:31:42.553308]	[info]	[PHONESTCORE_HOOK]	[client 0x28ed8824870 connect to eu-prod-ms.worldx-gate.kingsgroupgames.com 10000]	[Client.hpp:26(phonestcore::Client::connect)]
FunPlus.WorldX.Utils.GameLog:SimpleLog(LogType, IntPtr, Int32)
FunPlus.WorldX.Utils.LuaUtils:LogForLua(Int32, IntPtr, Int32)
XLua.CSObjectWrap.FunPlusWorldXUtilsLuaUtilsWrap:_m_LogForLua_xlua_st_(IntPtr)
XLua.LuaFunction:Action(T1, T2, T3, T4, T5, T6, T7)
FunPlus.WorldX.Manager.LuaManager:CommonUpdate()
FunPlus.WorldX.AppFacade:UpdateAllManager()

[67.2262][Log]|[lua][info][2026-09-17 02:31:42.553337]	[info]	[PHONESTCORE_HOOK]	[client 0x28ed8824ab0 connect to worldx-us-prod-ms-gate-close.kingsgroupgames.com 10000]	[Client.hpp:26(phonestcore::Client::connect)]
FunPlus.WorldX.Utils.GameLog:SimpleLog(LogType, IntPtr, Int32)
FunPlus.WorldX.Utils.LuaUtils:LogForLua(Int32, IntPtr, Int32)
XLua.CSObjectWrap.FunPlusWorldXUtilsLuaUtilsWrap:_m_LogForLua_xlua_st_(IntPtr)
XLua.LuaFunction:Action(T1, T2, T3, T4, T5, T6, T7)
FunPlus.WorldX.Manager.LuaManager:CommonUpdate()
FunPlus.WorldX.AppFacade:UpdateAllManager()

[67.2262][Log]|[lua][info][2026-09-17 02:31:42.553351]	[info]	[PHONESTCORE_HOOK]	[client 0x28ed8824f30 connect to worldx-ap-prod-ms-gate-close.kingsgroupgames.com 10000]	[Client.hpp:26(phonestcore::Client::connect)]
FunPlus.WorldX.Utils.GameLog:SimpleLog(LogType, IntPtr, Int32)
FunPlus.WorldX.Utils.LuaUtils:LogForLua(Int32, IntPtr, Int32)
XLua.CSObjectWrap.FunPlusWorldXUtilsLuaUtilsWrap:_m_LogForLua_xlua_st_(IntPtr)
XLua.LuaFunction:Action(T1, T2, T3, T4, T5, T6, T7)
FunPlus.WorldX.Manager.LuaManager:CommonUpdate()
FunPlus.WorldX.AppFacade:UpdateAllManager()

[67.2262][Log]|[lua][info][2026-09-17 02:31:42.588341]	[info]	[PHONESTCORE_HOOK]	[TcpClient(0x28ed8824ab0) onResolve ok, endpointCount=2, firstEndpoint=43.111.224.154:10000, family=IPv4]	[TcpClient.cpp:74(phonestcore::TcpClient::onResolve)]
FunPlus.WorldX.Utils.GameLog:SimpleLog(LogType, IntPtr, Int32)
FunPlus.WorldX.Utils.LuaUtils:LogForLua(Int32, IntPtr, Int32)
XLua.CSObjectWrap.FunPlusWorldXUtilsLuaUtilsWrap:_m_LogForLua_xlua_st_(IntPtr)
XLua.LuaFunction:Action(T1, T2, T3, T4, T5, T6, T7)
FunPlus.WorldX.Manager.LuaManager:CommonUpdate()
FunPlus.WorldX.AppFacade:UpdateAllManager()

[67.2263][Log]|[lua][info][2026-09-17 02:31:42.588397]	[info]	[PHONESTCORE_HOOK]	[TcpClient(0x28ed8824ab0) tryConnect endpoint=43.111.224.154:10000 family=IPv4]	[TcpClient.cpp:119(phonestcore::TcpClient::tryConnect)]
FunPlus.WorldX.Utils.GameLog:SimpleLog(LogType, IntPtr, Int32)
FunPlus.WorldX.Utils.LuaUtils:LogForLua(Int32, IntPtr, Int32)
XLua.CSObjectWrap.FunPlusWorldXUtilsLuaUtilsWrap:_m_LogForLua_xlua_st_(IntPtr)
XLua.LuaFunction:Action(T1, T2, T3, T4, T5, T6, T7)
FunPlus.WorldX.Manager.LuaManager:CommonUpdate()
FunPlus.WorldX.AppFacade:UpdateAllManager()

[67.2263][Log]|[lua][info][2026-09-17 02:31:42.589455]	[info]	[PHONESTCORE_HOOK]	[TcpClient(0x28ed8824f30) onResolve ok, endpointCount=2, firstEndpoint=47.237.218.247:10000, family=IPv4]	[TcpClient.cpp:74(phonestcore::TcpClient::onResolve)]
FunPlus.WorldX.Utils.GameLog:SimpleLog(LogType, IntPtr, Int32)
FunPlus.WorldX.Utils.LuaUtils:LogForLua(Int32, IntPtr, Int32)
XLua.CSObjectWrap.FunPlusWorldXUtilsLuaUtilsWrap:_m_LogForLua_xlua_st_(IntPtr)
XLua.LuaFunction:Action(T1, T2, T3, T4, T5, T6, T7)
FunPlus.WorldX.Manager.LuaManager:CommonUpdate()
FunPlus.WorldX.AppFacade:UpdateAllManager()

[67.2263][Log]|[lua][info][2026-09-17 02:31:42.589489]	[info]	[PHONESTCORE_HOOK]	[TcpClient(0x28ed8824f30) tryConnect endpoint=47.237.218.247:10000 family=IPv4]	[TcpClient.cpp:119(phonestcore::TcpClient::tryConnect)]
FunPlus.WorldX.Utils.GameLog:SimpleLog(LogType, IntPtr, Int32)
FunPlus.WorldX.Utils.LuaUtils:LogForLua(Int32, IntPtr, Int32)
XLua.CSObjectWrap.FunPlusWorldXUtilsLuaUtilsWrap:_m_LogForLua_xlua_st_(IntPtr)
XLua.LuaFunction:Action(T1, T2, T3, T4, T5, T6, T7)
FunPlus.WorldX.Manager.LuaManager:CommonUpdate()
FunPlus.WorldX.AppFacade:UpdateAllManager()

[67.2386][Log]|[lua][info][2026-09-17 02:31:42.622522]	[info]	[PHONESTCORE_HOOK]	[TcpClient(0x28ed8824870) onResolve ok, endpointCount=2, firstEndpoint=47.245.180.147:10000, family=IPv4]	[TcpClient.cpp:74(phonestcore::TcpClient::onResolve)]
FunPlus.WorldX.Utils.GameLog:SimpleLog(LogType, IntPtr, Int32)
FunPlus.WorldX.Utils.LuaUtils:LogForLua(Int32, IntPtr, Int32)
XLua.CSObjectWrap.FunPlusWorldXUtilsLuaUtilsWrap:_m_LogForLua_xlua_st_(IntPtr)
XLua.LuaFunction:Action(T1, T2, T3, T4, T5, T6, T7)
FunPlus.WorldX.Manager.LuaManager:CommonUpdate()
FunPlus.WorldX.AppFacade:UpdateAllManager()

[67.2387][Log]|[lua][info][2026-09-17 02:31:42.622574]	[info]	[PHONESTCORE_HOOK]	[TcpClient(0x28ed8824870) tryConnect endpoint=47.245.180.147:10000 family=IPv4]	[TcpClient.cpp:119(phonestcore::TcpClient::tryConnect)]
FunPlus.WorldX.Utils.GameLog:SimpleLog(LogType, IntPtr, Int32)
FunPlus.WorldX.Utils.LuaUtils:LogForLua(Int32, IntPtr, Int32)
XLua.CSObjectWrap.FunPlusWorldXUtilsLuaUtilsWrap:_m_LogForLua_xlua_st_(IntPtr)
XLua.LuaFunction:Action(T1, T2, T3, T4, T5, T6, T7)
FunPlus.WorldX.Manager.LuaManager:CommonUpdate()
FunPlus.WorldX.AppFacade:UpdateAllManager()

[67.2506][Log]|[lua][info][2026-09-17 02:31:42.638075]	[info]	[PHONESTCORE_HOOK]	[LuaClient(0x28ed8822cb0)::connectCallback status true]	[LuaClient.h:75(phonestcore::LuaClient::connect::<lambda_ffd3430e67ee12999344db9951a5eac4>::operator ())]
FunPlus.WorldX.Utils.GameLog:SimpleLog(LogType, IntPtr, Int32)
FunPlus.WorldX.Utils.LuaUtils:LogForLua(Int32, IntPtr, Int32)
XLua.CSObjectWrap.FunPlusWorldXUtilsLuaUtilsWrap:_m_LogForLua_xlua_st_(IntPtr)
XLua.LuaFunction:Action(T1, T2, T3, T4, T5, T6, T7)
FunPlus.WorldX.Manager.LuaManager:CommonUpdate()
FunPlus.WorldX.AppFacade:UpdateAllManager()

[67.2679][Error]|[lua][error][HandlerManager]	RpcHandlerCallbackOnMethod: funcName=regGlobalGate2Client not found	[[]     ...proj\p4dir\client\LuaScripts\Core\Net\HandlerManager.lua:36]
FunPlus.WorldX.Utils.GameLog:SimpleLog(LogType, IntPtr, Int32)
FunPlus.WorldX.Utils.LuaUtils:LogForLua(Int32, IntPtr, Int32)
XLua.CSObjectWrap.FunPlusWorldXUtilsLuaUtilsWrap:_m_LogForLua_xlua_st_(IntPtr)
XLua.LuaFunction:Action(T1, T2, T3, T4, T5, T6, T7)
FunPlus.WorldX.Manager.LuaManager:CommonUpdate()
FunPlus.WorldX.AppFacade:UpdateAllManager()

[67.2866][Error]|[lua][error][DefaultServerManager]	GateClient:onConfirmEncryptKeyAck: owner.startTTL is not found, owner=DefaultServerManager	[[onConfirmEncryptKeyAck]     ...\proj\p4dir\client\LuaScripts\Core\Client\GateClient.lua:155]
FunPlus.WorldX.Utils.GameLog:SimpleLog(LogType, IntPtr, Int32)
FunPlus.WorldX.Utils.LuaUtils:LogForLua(Int32, IntPtr, Int32)
XLua.CSObjectWrap.FunPlusWorldXUtilsLuaUtilsWrap:_m_LogForLua_xlua_st_(IntPtr)
XLua.LuaFunction:Action(T1, T2, T3, T4, T5, T6, T7)
FunPlus.WorldX.Manager.LuaManager:CommonUpdate()
FunPlus.WorldX.AppFacade:UpdateAllManager()

[67.3148][Log]|[lua][info][2026-09-17 02:31:42.704805]	[info]	[PHONESTCORE_HOOK]	[LuaClient(0x28ed88230f0)::connectCallback status true]	[LuaClient.h:75(phonestcore::LuaClient::connect::<lambda_ffd3430e67ee12999344db9951a5eac4>::operator ())]
FunPlus.WorldX.Utils.GameLog:SimpleLog(LogType, IntPtr, Int32)
FunPlus.WorldX.Utils.LuaUtils:LogForLua(Int32, IntPtr, Int32)
XLua.CSObjectWrap.FunPlusWorldXUtilsLuaUtilsWrap:_m_LogForLua_xlua_st_(IntPtr)
XLua.LuaFunction:Action(T1, T2, T3, T4, T5, T6, T7)
FunPlus.WorldX.Manager.LuaManager:CommonUpdate()
FunPlus.WorldX.AppFacade:UpdateAllManager()

[67.3933][Log]|[lua][info][2026-09-17 02:31:42.783373]	[info]	[PHONESTCORE_HOOK]	[LuaClient(0x28ed8822bf0)::connectCallback status true]	[LuaClient.h:75(phonestcore::LuaClient::connect::<lambda_ffd3430e67ee12999344db9951a5eac4>::operator ())]
FunPlus.WorldX.Utils.GameLog:SimpleLog(LogType, IntPtr, Int32)
FunPlus.WorldX.Utils.LuaUtils:LogForLua(Int32, IntPtr, Int32)
XLua.CSObjectWrap.FunPlusWorldXUtilsLuaUtilsWrap:_m_LogForLua_xlua_st_(IntPtr)
XLua.LuaFunction:Action(T1, T2, T3, T4, T5, T6, T7)
FunPlus.WorldX.Manager.LuaManager:CommonUpdate()
FunPlus.WorldX.AppFacade:UpdateAllManager()

[67.4308][Error]|[lua][error][HandlerManager]	RpcHandlerCallbackOnMethod: funcName=regGlobalGate2Client not found	[[]     ...proj\p4dir\client\LuaScripts\Core\Net\HandlerManager.lua:36]
FunPlus.WorldX.Utils.GameLog:SimpleLog(LogType, IntPtr, Int32)
FunPlus.WorldX.Utils.LuaUtils:LogForLua(Int32, IntPtr, Int32)
XLua.CSObjectWrap.FunPlusWorldXUtilsLuaUtilsWrap:_m_LogForLua_xlua_st_(IntPtr)
XLua.LuaFunction:Action(T1, T2, T3, T4, T5, T6, T7)
FunPlus.WorldX.Manager.LuaManager:CommonUpdate()
FunPlus.WorldX.AppFacade:UpdateAllManager()

[67.5479][Error]|[lua][error][DefaultServerManager]	GateClient:onConfirmEncryptKeyAck: owner.startTTL is not found, owner=DefaultServerManager	[[onConfirmEncryptKeyAck]     ...\proj\p4dir\client\LuaScripts\Core\Client\GateClient.lua:155]
FunPlus.WorldX.Utils.GameLog:SimpleLog(LogType, IntPtr, Int32)
FunPlus.WorldX.Utils.LuaUtils:LogForLua(Int32, IntPtr, Int32)
XLua.CSObjectWrap.FunPlusWorldXUtilsLuaUtilsWrap:_m_LogForLua_xlua_st_(IntPtr)
XLua.LuaFunction:Action(T1, T2, T3, T4, T5, T6, T7)
FunPlus.WorldX.Manager.LuaManager:CommonUpdate()
FunPlus.WorldX.AppFacade:UpdateAllManager()

[67.5872][Error]|[lua][error][HandlerManager]	RpcHandlerCallbackOnMethod: funcName=regGlobalGate2Client not found	[[]     ...proj\p4dir\client\LuaScripts\Core\Net\HandlerManager.lua:36]
FunPlus.WorldX.Utils.GameLog:SimpleLog(LogType, IntPtr, Int32)
FunPlus.WorldX.Utils.LuaUtils:LogForLua(Int32, IntPtr, Int32)
XLua.CSObjectWrap.FunPlusWorldXUtilsLuaUtilsWrap:_m_LogForLua_xlua_st_(IntPtr)
XLua.LuaFunction:Action(T1, T2, T3, T4, T5, T6, T7)
FunPlus.WorldX.Manager.LuaManager:CommonUpdate()
FunPlus.WorldX.AppFacade:UpdateAllManager()

[67.7828][Error]|[lua][error][DefaultServerManager]	GateClient:onConfirmEncryptKeyAck: owner.startTTL is not found, owner=DefaultServerManager	[[onConfirmEncryptKeyAck]     ...\proj\p4dir\client\LuaScripts\Core\Client\GateClient.lua:155]
FunPlus.WorldX.Utils.GameLog:SimpleLog(LogType, IntPtr, Int32)
FunPlus.WorldX.Utils.LuaUtils:LogForLua(Int32, IntPtr, Int32)
XLua.CSObjectWrap.FunPlusWorldXUtilsLuaUtilsWrap:_m_LogForLua_xlua_st_(IntPtr)
XLua.LuaFunction:Action(T1, T2, T3, T4, T5, T6, T7)
FunPlus.WorldX.Manager.LuaManager:CommonUpdate()
FunPlus.WorldX.AppFacade:UpdateAllManager()

[70.1631][Log]|[lua][info][2026-09-17 02:31:45.553084]	[info]	[PHONESTCORE_HOOK]	[client 0x28ed8824870 stop]	[Client.hpp:41(phonestcore::Client::stop)]
FunPlus.WorldX.Utils.GameLog:SimpleLog(LogType, IntPtr, Int32)
FunPlus.WorldX.Utils.LuaUtils:LogForLua(Int32, IntPtr, Int32)
XLua.CSObjectWrap.FunPlusWorldXUtilsLuaUtilsWrap:_m_LogForLua_xlua_st_(IntPtr)
XLua.LuaFunction:Action(T1, T2, T3, T4, T5, T6, T7)
FunPlus.WorldX.Manager.LuaManager:CommonUpdate()
FunPlus.WorldX.AppFacade:UpdateAllManager()

[70.1632][Log]|[lua][info][2026-09-17 02:31:45.553102]	[info]	[PHONESTCORE_HOOK]	[client 0x28ed8824f30 stop]	[Client.hpp:41(phonestcore::Client::stop)]
FunPlus.WorldX.Utils.GameLog:SimpleLog(LogType, IntPtr, Int32)
FunPlus.WorldX.Utils.LuaUtils:LogForLua(Int32, IntPtr, Int32)
XLua.CSObjectWrap.FunPlusWorldXUtilsLuaUtilsWrap:_m_LogForLua_xlua_st_(IntPtr)
XLua.LuaFunction:Action(T1, T2, T3, T4, T5, T6, T7)
FunPlus.WorldX.Manager.LuaManager:CommonUpdate()
FunPlus.WorldX.AppFacade:UpdateAllManager()

[70.1633][Log]|[lua][info][2026-09-17 02:31:45.553109]	[info]	[PHONESTCORE_HOOK]	[client 0x28ed8824ab0 stop]	[Client.hpp:41(phonestcore::Client::stop)]
FunPlus.WorldX.Utils.GameLog:SimpleLog(LogType, IntPtr, Int32)
FunPlus.WorldX.Utils.LuaUtils:LogForLua(Int32, IntPtr, Int32)
XLua.CSObjectWrap.FunPlusWorldXUtilsLuaUtilsWrap:_m_LogForLua_xlua_st_(IntPtr)
XLua.LuaFunction:Action(T1, T2, T3, T4, T5, T6, T7)
FunPlus.WorldX.Manager.LuaManager:CommonUpdate()
FunPlus.WorldX.AppFacade:UpdateAllManager()

[70.1633][Warn]|[lua][warning][2026-09-17 02:31:45.553190]	[warning]	[PHONESTCORE_HOOK]	[0x28ed090f740 onRead error The I/O operation has been aborted because of either a thread exit or an application request]	[TcpConnection.cpp:56(phonestcore::TcpConnection::onRead)]
FunPlus.WorldX.Utils.GameLog:SimpleLog(LogType, IntPtr, Int32)
FunPlus.WorldX.Utils.LuaUtils:LogForLua(Int32, IntPtr, Int32)
XLua.CSObjectWrap.FunPlusWorldXUtilsLuaUtilsWrap:_m_LogForLua_xlua_st_(IntPtr)
XLua.LuaFunction:Action(T1, T2, T3, T4, T5, T6, T7)
FunPlus.WorldX.Manager.LuaManager:CommonUpdate()
FunPlus.WorldX.AppFacade:UpdateAllManager()

[70.1634][Warn]|[lua][warning][2026-09-17 02:31:45.553191]	[warning]	[PHONESTCORE_HOOK]	[0x28ed0910970 onRead error The I/O operation has been aborted because of either a thread exit or an application request]	[TcpConnection.cpp:56(phonestcore::TcpConnection::onRead)]
FunPlus.WorldX.Utils.GameLog:SimpleLog(LogType, IntPtr, Int32)
FunPlus.WorldX.Utils.LuaUtils:LogForLua(Int32, IntPtr, Int32)
XLua.CSObjectWrap.FunPlusWorldXUtilsLuaUtilsWrap:_m_LogForLua_xlua_st_(IntPtr)
XLua.LuaFunction:Action(T1, T2, T3, T4, T5, T6, T7)
FunPlus.WorldX.Manager.LuaManager:CommonUpdate()
FunPlus.WorldX.AppFacade:UpdateAllManager()

[70.1634][Warn]|[lua][warning][2026-09-17 02:31:45.553191]	[warning]	[PHONESTCORE_HOOK]	[0x28ed090f130 onRead error The I/O operation has been aborted because of either a thread exit or an application request]	[TcpConnection.cpp:56(phonestcore::TcpConnection::onRead)]
FunPlus.WorldX.Utils.GameLog:SimpleLog(LogType, IntPtr, Int32)
FunPlus.WorldX.Utils.LuaUtils:LogForLua(Int32, IntPtr, Int32)
XLua.CSObjectWrap.FunPlusWorldXUtilsLuaUtilsWrap:_m_LogForLua_xlua_st_(IntPtr)
XLua.LuaFunction:Action(T1, T2, T3, T4, T5, T6, T7)
FunPlus.WorldX.Manager.LuaManager:CommonUpdate()
FunPlus.WorldX.AppFacade:UpdateAllManager()

[70.7730][Log]|[lua][info][2026-09-17 02:31:46.148199]	[info]	[PHONESTCORE_HOOK]	[0x28da02b3940 connect to http://worldx-global-cdn.kingsgroupgames.com:443/server_list/server_list_publish.json]	[HttpClient.cpp:38(phonestcore::HttpClient::connect)]
FunPlus.WorldX.Utils.GameLog:SimpleLog(LogType, IntPtr, Int32)
FunPlus.WorldX.Utils.LuaUtils:LogForLua(Int32, IntPtr, Int32)
XLua.CSObjectWrap.FunPlusWorldXUtilsLuaUtilsWrap:_m_LogForLua_xlua_st_(IntPtr)
XLua.LuaFunction:Action(T1, T2, T3, T4, T5, T6, T7)
FunPlus.WorldX.Manager.LuaManager:CommonUpdate()
FunPlus.WorldX.AppFacade:UpdateAllManager()

[70.7731][Log]|[lua][info][2026-09-17 02:31:46.148270]	[info]	[PHONESTCORE_HOOK]	[0x28da0245c60 connect to http://worldx-global-cdn-backup.kingsgroupgames.com:443/server_list/server_list_publish.json]	[HttpClient.cpp:38(phonestcore::HttpClient::connect)]
FunPlus.WorldX.Utils.GameLog:SimpleLog(LogType, IntPtr, Int32)
FunPlus.WorldX.Utils.LuaUtils:LogForLua(Int32, IntPtr, Int32)
XLua.CSObjectWrap.FunPlusWorldXUtilsLuaUtilsWrap:_m_LogForLua_xlua_st_(IntPtr)
XLua.LuaFunction:Action(T1, T2, T3, T4, T5, T6, T7)
FunPlus.WorldX.Manager.LuaManager:CommonUpdate()
FunPlus.WorldX.AppFacade:UpdateAllManager()

[70.7732][Log]|[lua][info][2026-09-17 02:31:46.148542]	[info]	[PHONESTCORE_HOOK]	[client 0x28ed88252f0 connect to eu-prod-ms.worldx-gate.kingsgroupgames.com 10000]	[Client.hpp:26(phonestcore::Client::connect)]
FunPlus.WorldX.Utils.GameLog:SimpleLog(LogType, IntPtr, Int32)
FunPlus.WorldX.Utils.LuaUtils:LogForLua(Int32, IntPtr, Int32)
XLua.CSObjectWrap.FunPlusWorldXUtilsLuaUtilsWrap:_m_LogForLua_xlua_st_(IntPtr)
XLua.LuaFunction:Action(T1, T2, T3, T4, T5, T6, T7)
FunPlus.WorldX.Manager.LuaManager:CommonUpdate()
FunPlus.WorldX.AppFacade:UpdateAllManager()

[70.7732][Log]|[lua][info][2026-09-17 02:31:46.148762]	[info]	[PHONESTCORE_HOOK]	[TcpClient(0x28ed88252f0) onResolve ok, endpointCount=2, firstEndpoint=47.245.180.147:10000, family=IPv4]	[TcpClient.cpp:74(phonestcore::TcpClient::onResolve)]
FunPlus.WorldX.Utils.GameLog:SimpleLog(LogType, IntPtr, Int32)
FunPlus.WorldX.Utils.LuaUtils:LogForLua(Int32, IntPtr, Int32)
XLua.CSObjectWrap.FunPlusWorldXUtilsLuaUtilsWrap:_m_LogForLua_xlua_st_(IntPtr)
XLua.LuaFunction:Action(T1, T2, T3, T4, T5, T6, T7)
FunPlus.WorldX.Manager.LuaManager:CommonUpdate()
FunPlus.WorldX.AppFacade:UpdateAllManager()

[70.7732][Log]|[lua][info][2026-09-17 02:31:46.148792]	[info]	[PHONESTCORE_HOOK]	[TcpClient(0x28ed88252f0) tryConnect endpoint=47.245.180.147:10000 family=IPv4]	[TcpClient.cpp:119(phonestcore::TcpClient::tryConnect)]
FunPlus.WorldX.Utils.GameLog:SimpleLog(LogType, IntPtr, Int32)
FunPlus.WorldX.Utils.LuaUtils:LogForLua(Int32, IntPtr, Int32)
XLua.CSObjectWrap.FunPlusWorldXUtilsLuaUtilsWrap:_m_LogForLua_xlua_st_(IntPtr)
XLua.LuaFunction:Action(T1, T2, T3, T4, T5, T6, T7)
FunPlus.WorldX.Manager.LuaManager:CommonUpdate()
FunPlus.WorldX.AppFacade:UpdateAllManager()

[70.7759][Log]|[lua][info][2026-09-17 02:31:46.165199]	[info]	[PHONESTCORE_HOOK]	[LuaClient(0x28ed8822630)::connectCallback status true]	[LuaClient.h:75(phonestcore::LuaClient::connect::<lambda_ffd3430e67ee12999344db9951a5eac4>::operator ())]
FunPlus.WorldX.Utils.GameLog:SimpleLog(LogType, IntPtr, Int32)
FunPlus.WorldX.Utils.LuaUtils:LogForLua(Int32, IntPtr, Int32)
XLua.CSObjectWrap.FunPlusWorldXUtilsLuaUtilsWrap:_m_LogForLua_xlua_st_(IntPtr)
XLua.LuaFunction:Action(T1, T2, T3, T4, T5, T6, T7)
FunPlus.WorldX.Manager.LuaManager:CommonUpdate()
FunPlus.WorldX.AppFacade:UpdateAllManager()

[71.2512][Log]|[lua][info][2026-09-17 02:31:46.641573]	[info]	[PHONESTCORE_HOOK]	[client 0x28ed1306f00 connect to eu-prod-singleworld-1001.worldx-gate.kingsgroupgames.com 20000]	[Client.hpp:26(phonestcore::Client::connect)]
FunPlus.WorldX.Utils.GameLog:SimpleLog(LogType, IntPtr, Int32)
FunPlus.WorldX.Utils.LuaUtils:LogForLua(Int32, IntPtr, Int32)
XLua.CSObjectWrap.FunPlusWorldXUtilsLuaUtilsWrap:_m_LogForLua_xlua_st_(IntPtr)
XLua.LuaFunction:Action(T1, T2, T3, T4, T5, T6, T7)
FunPlus.WorldX.Manager.LuaManager:CommonUpdate()
FunPlus.WorldX.AppFacade:UpdateAllManager()

[71.2902][Log]|[lua][info][2026-09-17 02:31:46.679939]	[info]	[PHONESTCORE_HOOK]	[TcpClient(0x28ed1306f00) onResolve ok, endpointCount=2, firstEndpoint=8.220.104.112:20000, family=IPv4]	[TcpClient.cpp:74(phonestcore::TcpClient::onResolve)]
FunPlus.WorldX.Utils.GameLog:SimpleLog(LogType, IntPtr, Int32)
FunPlus.WorldX.Utils.LuaUtils:LogForLua(Int32, IntPtr, Int32)
XLua.CSObjectWrap.FunPlusWorldXUtilsLuaUtilsWrap:_m_LogForLua_xlua_st_(IntPtr)
XLua.LuaFunction:Action(T1, T2, T3, T4, T5, T6, T7)
FunPlus.WorldX.Manager.LuaManager:CommonUpdate()
FunPlus.WorldX.AppFacade:UpdateAllManager()

[71.2903][Log]|[lua][info][2026-09-17 02:31:46.679977]	[info]	[PHONESTCORE_HOOK]	[TcpClient(0x28ed1306f00) tryConnect endpoint=8.220.104.112:20000 family=IPv4]	[TcpClient.cpp:119(phonestcore::TcpClient::tryConnect)]
FunPlus.WorldX.Utils.GameLog:SimpleLog(LogType, IntPtr, Int32)
FunPlus.WorldX.Utils.LuaUtils:LogForLua(Int32, IntPtr, Int32)
XLua.CSObjectWrap.FunPlusWorldXUtilsLuaUtilsWrap:_m_LogForLua_xlua_st_(IntPtr)
XLua.LuaFunction:Action(T1, T2, T3, T4, T5, T6, T7)
FunPlus.WorldX.Manager.LuaManager:CommonUpdate()
FunPlus.WorldX.AppFacade:UpdateAllManager()

[71.3062][Log]|[lua][info][2026-09-17 02:31:46.696242]	[info]	[PHONESTCORE_HOOK]	[LuaClient(0x28ed8251ec0)::connectCallback status true]	[LuaClient.h:75(phonestcore::LuaClient::connect::<lambda_ffd3430e67ee12999344db9951a5eac4>::operator ())]
FunPlus.WorldX.Utils.GameLog:SimpleLog(LogType, IntPtr, Int32)
FunPlus.WorldX.Utils.LuaUtils:LogForLua(Int32, IntPtr, Int32)
XLua.CSObjectWrap.FunPlusWorldXUtilsLuaUtilsWrap:_m_LogForLua_xlua_st_(IntPtr)
XLua.LuaFunction:Action(T1, T2, T3, T4, T5, T6, T7)
FunPlus.WorldX.Manager.LuaManager:CommonUpdate()
FunPlus.WorldX.AppFacade:UpdateAllManager()

[71.9492][Log]|[lua][info][2026-09-17 02:31:47.219420]	[info]	[PHONESTCORE_HOOK]	[Actor::setIsMainPlayerActor: true, actor_id: 3702758]	[ActorC.h:75(logic::ActorC::setIsMainPlayerActor)]
FunPlus.WorldX.Utils.GameLog:SimpleLog(LogType, IntPtr, Int32)
FunPlus.WorldX.Utils.LuaUtils:LogForLua(Int32, IntPtr, Int32)
XLua.CSObjectWrap.FunPlusWorldXUtilsLuaUtilsWrap:_m_LogForLua_xlua_st_(IntPtr)
XLua.LuaFunction:Action(T1, T2, T3, T4, T5, T6, T7)
FunPlus.WorldX.Manager.LuaManager:CommonUpdate()
FunPlus.WorldX.AppFacade:UpdateAllManager()

[71.9496][Log]|[lua][info][2026-09-17 02:31:47.277530]	[info]	[PHONESTCORE_HOOK]	[createVoxelScene new>>>id:100-202000114279-3000 0x28d4c219e50	ref:1]	[SpaceManagerC.cpp:78(logic::SpaceManagerC::createVoxelScene)]
FunPlus.WorldX.Utils.GameLog:SimpleLog(LogType, IntPtr, Int32)
FunPlus.WorldX.Utils.LuaUtils:LogForLua(Int32, IntPtr, Int32)
XLua.CSObjectWrap.FunPlusWorldXUtilsLuaUtilsWrap:_m_LogForLua_xlua_st_(IntPtr)
XLua.LuaFunction:Action(T1, T2, T3, T4, T5, T6, T7)
FunPlus.WorldX.Manager.LuaManager:CommonUpdate()
FunPlus.WorldX.AppFacade:UpdateAllManager()

[72.0359][Log]|[lua][info][2026-09-17 02:31:47.340197]	[info]	[PHONESTCORE_HOOK]	[0x28ed859cbc0 connect to http://worldx-global-assets.oss-us-east-1.aliyuncs.com:80/eu/prod/pet_jewelry/202000114279?x-oss-credential=LTAI5tS3b81GXuYfXYtgJZ7J%2F20260917%2Fus-east-1%2Foss%2Faliyun_v4_request&x-oss-date=20260917T003147Z&x-oss-expires=300&x-oss-signature=69e3fdbc9ed7c6d685240f9d81e363ff4eb982cffa0881120d4b42959bbf6923&x-oss-signature-version=OSS4-HMAC-SHA256]	[HttpClient.cpp:38(phonestcore::HttpClient::connect)]
FunPlus.WorldX.Utils.GameLog:SimpleLog(LogType, IntPtr, Int32)
FunPlus.WorldX.Utils.LuaUtils:LogForLua(Int32, IntPtr, Int32)
XLua.CSObjectWrap.FunPlusWorldXUtilsLuaUtilsWrap:_m_LogForLua_xlua_st_(IntPtr)
XLua.LuaFunction:Action(T1, T2, T3, T4, T5, T6, T7)
FunPlus.WorldX.Manager.LuaManager:CommonUpdate()
FunPlus.WorldX.AppFacade:UpdateAllManager()

Unloading 2 Unused Serialized files (Serialized files now loaded: 109)
UnloadTime: 0.116500 ms
[72.0741][Log]|[lua][info][2026-09-17 02:31:47.464460]	[info]	[PHONESTCORE_HOOK]	[0x28ed859cef0 connect to http://worldx-global-assets.oss-us-east-1.aliyuncs.com:443/eu/prod/ClientInfo/202000114279_client_info_bin?x-oss-credential=LTAI5tS3b81GXuYfXYtgJZ7J%2F20260917%2Fus-east-1%2Foss%2Faliyun_v4_request&x-oss-date=20260917T003147Z&x-oss-expires=300&x-oss-signature=b140b7fa807a7aedc51dd5446e27b5c3dab6f132ef085573675b171c064bc70b&x-oss-signature-version=OSS4-HMAC-SHA256]	[HttpClient.cpp:38(phonestcore::HttpClient::connect)]
FunPlus.WorldX.Utils.GameLog:SimpleLog(LogType, IntPtr, Int32)
FunPlus.WorldX.Utils.LuaUtils:LogForLua(Int32, IntPtr, Int32)
XLua.CSObjectWrap.FunPlusWorldXUtilsLuaUtilsWrap:_m_LogForLua_xlua_st_(IntPtr)
XLua.LuaFunction:Action(T1, T2, T3, T4, T5, T6, T7)
FunPlus.WorldX.Manager.LuaManager:CommonUpdate()
FunPlus.WorldX.AppFacade:UpdateAllManager()

Unloading 925 unused Assets to reduce memory usage. Loaded Objects now: 36794.
Total: 22.205400 ms (FindLiveObjects: 1.737500 ms CreateObjectMapping: 1.245300 ms MarkObjects: 18.902000 ms  DeleteObjects: 0.320400 ms)

[ABDIAG] cached scene paths name='mres_level_exunity_1.uab' count=57
UnloadTime: 0.122800 ms
The referenced script on this Behaviour (Game Object '35Rad_Sphere_Cloud') is missing!
The referenced script on this Behaviour (Game Object '20Rad_Sphere_Cloud') is missing!
The referenced script on this Behaviour (Game Object '') is missing!
Unloading 1 Unused Serialized files (Serialized files now loaded: 331)
Unloading 1 unused Assets to reduce memory usage. Loaded Objects now: 45649.
Total: 24.211900 ms (FindLiveObjects: 1.844200 ms CreateObjectMapping: 1.429200 ms MarkObjects: 20.908600 ms  DeleteObjects: 0.029700 ms)

The referenced script on this Behaviour (Game Object '<null>') is missing!
Shader 'Particles/Standard Unlit': fallback shader 'VertexLit' not found
The referenced script on this Behaviour (Game Object '35Rad_Sphere_Cloud') is missing!
The referenced script on this Behaviour (Game Object '20Rad_Sphere_Cloud') is missing!
The referenced script on this Behaviour (Game Object '25Rad_Sphere_Cloud (3)') is missing!
The referenced script on this Behaviour (Game Object '<null>') is missing!
YooAsset.BundledAssetProvider:Update()
YooAsset.ProviderBase:WaitForAsyncComplete()
YooAsset.ResourcePackage:LoadAssetInternal(AssetInfo, Boolean)
YooAsset.YooAssets:LoadAssetSync(String, UInt32, Boolean)
FunPlus.WorldX.ResourceManager.Runtime.XYooAssetImpl:NewLoadAssetSync(AssetInfo, String, String, TObject&, Action`2, Object, Boolean)
FunPlus.WorldX.ResourceManager.Runtime.WorldXResourceManager:LoadAssetSyncByID(String, Boolean)
XGUI.UContainer:SetUrlWithCallback(String, Action`1)
XLua.CSObjectWrap.XGUIUContainerWrap:_m_LoadDefaultUrlManually(IntPtr)
XLua.DelegateBridge:Action(T1)
FunPlus.WorldX.Manager.<>c__DisplayClass123_0:<InstantiateItem>b__0(Object, Object)
FunPlus.WorldX.ResourceManager.Runtime.GoInstanceTask:RunCallBackProtected(Action`2, GameObject, Object)
FunPlus.WorldX.ResourceManager.Runtime.GoInstanceTask:ExcuteInstanceCallback(GameObject)
FunPlus.WorldX.ResourceManager.Runtime.GoInstanceTask:WrapperInstanceCallBack(Object, Object)
FunPlus.WorldX.ResourceManager.Runtime.Task:InstantiateAsyncCallback(AsyncOperation)
UnityEngine.AsyncOperation:InvokeCompletionEvent()

[ line -1504782200]

Couldn't create a Convex Mesh from source mesh "SM_Rock_Mountain_04_CM_1160429538" within the maximum polygons limit (256). The partial hull will be used. Consider simplifying your mesh.
Couldn't create a Convex Mesh from source mesh "SM_Rock_Edge_Big_01_CM_1648632610" within the maximum polygons limit (256). The partial hull will be used. Consider simplifying your mesh.
Couldn't create a Convex Mesh from source mesh "SM_Rock_Cliff_Beach_10_Collider_Mesh_1374907504" within the maximum polygons limit (256). The partial hull will be used. Consider simplifying your mesh.
Couldn't create a Convex Mesh from source mesh "SM_Rock_Cliff_Hilly_02_Collider_Mesh_105490436" within the maximum polygons limit (256). The partial hull will be used. Consider simplifying your mesh.
Couldn't create a Convex Mesh from source mesh "SM_Rock_Cliff_Beach_07_CM_278463260" within the maximum polygons limit (256). The partial hull will be used. Consider simplifying your mesh.
Couldn't create a Convex Mesh from source mesh "SM_Rock_Mountain_05_CM_761466786" within the maximum polygons limit (256). The partial hull will be used. Consider simplifying your mesh.
Couldn't create a Convex Mesh from source mesh "SM_Rock_Cliff_Beach_06_CM_606194242" within the maximum polygons limit (256). The partial hull will be used. Consider simplifying your mesh.
Couldn't create a Convex Mesh from source mesh "SM_LVIOT_Rock_Cliff_14_CM_-1344668994" within the maximum polygons limit (256). The partial hull will be used. Consider simplifying your mesh.
Couldn't create a Convex Mesh from source mesh "SM_LVIOT_Rock_Cliff_22_CM_73182600" within the maximum polygons limit (256). The partial hull will be used. Consider simplifying your mesh.
Couldn't create a Convex Mesh from source mesh "SM_LVIOT_Rock_Cliff_16_CM_1806466034" within the maximum polygons limit (256). The partial hull will be used. Consider simplifying your mesh.
Couldn't create a Convex Mesh from source mesh "SM_LVIOT_Rock_Cliff_15_CM_-1066913000" within the maximum polygons limit (256). The partial hull will be used. Consider simplifying your mesh.
Couldn't create a Convex Mesh from source mesh "SM_Rock_Cliff_Beach_12_Collider_Mesh_-628442756" within the maximum polygons limit (256). The partial hull will be used. Consider simplifying your mesh.
[Physics.PhysX] QuickHullConvexHullLib::findSimplex: Simplex input points appers to be coplanar.
Failed to create Convex Mesh from source mesh "SM_LVIOT_Rock_Cliff_24_CM_-639351380". An internal unspecified error has occured that could mean the Quickhull algorithm found the input mesh topologically challenging. 
Couldn't create a Convex Mesh from source mesh "SM_Rock_Cliff_Beach_05_CM_2024070376" within the maximum polygons limit (256). The partial hull will be used. Consider simplifying your mesh.
Couldn't create a Convex Mesh from source mesh "SM_Rock_Cliff_Hilly_05_CM_-894274274" within the maximum polygons limit (256). The partial hull will be used. Consider simplifying your mesh.
Couldn't create a Convex Mesh from source mesh "SM_Rock_Cliff_Hilly_08_CM_-1530425176" within the maximum polygons limit (256). The partial hull will be used. Consider simplifying your mesh.
Couldn't create a Convex Mesh from source mesh "SM_Item_Tree_IrisJaponica_006_D_Collider_Capsule_1953668124" within the maximum polygons limit (256). The partial hull will be used. Consider simplifying your mesh.
Couldn't create a Convex Mesh from source mesh "SM_Item_Tree_IrisJaponica_006_C_Collider_Capsule_-1191953380" within the maximum polygons limit (256). The partial hull will be used. Consider simplifying your mesh.
Couldn't create a Convex Mesh from source mesh "SM_Item_Tree_IrisJaponica_006_F_Collider_Capsule_-1123596388" within the maximum polygons limit (256). The partial hull will be used. Consider simplifying your mesh.
Couldn't create a Convex Mesh from source mesh "SM_Item_Tree_IrisJaponica_006_B_Collider_Capsule_1929271452" within the maximum polygons limit (256). The partial hull will be used. Consider simplifying your mesh.
Couldn't create a Convex Mesh from source mesh "SM_Item_Tree_IrisJaponica_006_E_Collider_Capsule_-963477092" within the maximum polygons limit (256). The partial hull will be used. Consider simplifying your mesh.
Couldn't create a Convex Mesh from source mesh "SM_Item_Tree_IrisJaponica_006_A_Collider_Capsule_2089390748" within the maximum polygons limit (256). The partial hull will be used. Consider simplifying your mesh.
Couldn't create a Convex Mesh from source mesh "SM_Rock_Beachrock_009_D_CM_881445048" within the maximum polygons limit (256). The partial hull will be used. Consider simplifying your mesh.
Couldn't create a Convex Mesh from source mesh "SM_LVIOT_Build_FlowerVillage_Wndmill_001_A_Collider_Convex_Wood_-175679427" within the maximum polygons limit (256). The partial hull will be used. Consider simplifying your mesh.
The referenced script on this Behaviour (Game Object '<null>') is missing!
Unloading 2 Unused Serialized files (Serialized files now loaded: 716)
Unloading 165 unused Assets to reduce memory usage. Loaded Objects now: 99900.
Total: 43.891700 ms (FindLiveObjects: 4.380600 ms CreateObjectMapping: 2.342300 ms MarkObjects: 36.990900 ms  DeleteObjects: 0.177700 ms)

Couldn't create a Convex Mesh from source mesh "SM_Rock_Edge_Mid_01_CM_-1168274782" within the maximum polygons limit (256). The partial hull will be used. Consider simplifying your mesh.
Couldn't create a Convex Mesh from source mesh "SM_Rock_Edge_Big_02_CM_1997472482" within the maximum polygons limit (256). The partial hull will be used. Consider simplifying your mesh.
Couldn't create a Convex Mesh from source mesh "SM_Rock_Cliff_Beach_04_CM_-1533757938" within the maximum polygons limit (256). The partial hull will be used. Consider simplifying your mesh.
Couldn't create a Convex Mesh from source mesh "SM_LVIOT_Tree_Iris_Eff_CM_619886536" within the maximum polygons limit (256). The partial hull will be used. Consider simplifying your mesh.
Unloading 1 Unused Serialized files (Serialized files now loaded: 775)
Unloading 8357 unused Assets to reduce memory usage. Loaded Objects now: 98213.
Total: 50.888900 ms (FindLiveObjects: 5.080100 ms CreateObjectMapping: 3.594500 ms MarkObjects: 39.019300 ms  DeleteObjects: 3.194800 ms)

[81.4173][Error]|[lua][error][SingleGuide]	限制时间内面板未显示结束清空引导	220000	220001	3	BIN DESIGN DATA TABLE:22559434	[[checkTick]     ...oj\p4dir\client\LuaScripts\GameApp\Guide\SingleGuide.lua:181]
FunPlus.WorldX.Utils.GameLog:SimpleLog(LogType, IntPtr, Int32)
FunPlus.WorldX.Utils.LuaUtils:LogForLua(Int32, IntPtr, Int32)
XLua.CSObjectWrap.FunPlusWorldXUtilsLuaUtilsWrap:_m_LogForLua_xlua_st_(IntPtr)
XLua.LuaFunction:Action(T1, T2, T3, T4, T5, T6, T7)
FunPlus.WorldX.Manager.LuaManager:CommonUpdate()
FunPlus.WorldX.AppFacade:UpdateAllManager()

Couldn't create a Convex Mesh from source mesh "SM_Rock_Edge_Mid_04_CM_1505413858" within the maximum polygons limit (256). The partial hull will be used. Consider simplifying your mesh.
Couldn't create a Convex Mesh from source mesh "SM_Item_Props_ProceduralMeshCloud_16_CM_-631677419" within the maximum polygons limit (256). The partial hull will be used. Consider simplifying your mesh.
Couldn't create a Convex Mesh from source mesh "SM_Rock_Cliff_Beach_03_CM_-934479732" within the maximum polygons limit (256). The partial hull will be used. Consider simplifying your mesh.
Couldn't create a Convex Mesh from source mesh "SM_Item_Props_ProceduralMeshCloud_15_CM_-682330211" within the maximum polygons limit (256). The partial hull will be used. Consider simplifying your mesh.
Couldn't create a Convex Mesh from source mesh "SM_Rock_Cliff_Beach_01_CM_811127384" within the maximum polygons limit (256). The partial hull will be used. Consider simplifying your mesh.
Couldn't create a Convex Mesh from source mesh "SM_Rock_Cliff_Hilly_07_CM_1166888786" within the maximum polygons limit (256). The partial hull will be used. Consider simplifying your mesh.
Couldn't create a Convex Mesh from source mesh "SM_Rock_Edge_Big_03_CM_-675274334" within the maximum polygons limit (256). The partial hull will be used. Consider simplifying your mesh.
Couldn't create a Convex Mesh from source mesh "SM_LVIOT_Rock_Cliff_01_C_Collider_Mesh_Stone_518205044" within the maximum polygons limit (256). The partial hull will be used. Consider simplifying your mesh.
[117.1484][Error]|[lua][error][SingleGuide]	限制时间内面板未显示结束清空引导	220000	220001	3	BIN DESIGN DATA TABLE:22559434	[[checkTick]     ...oj\p4dir\client\LuaScripts\GameApp\Guide\SingleGuide.lua:181]
FunPlus.WorldX.Utils.GameLog:SimpleLog(LogType, IntPtr, Int32)
FunPlus.WorldX.Utils.LuaUtils:LogForLua(Int32, IntPtr, Int32)
XLua.CSObjectWrap.FunPlusWorldXUtilsLuaUtilsWrap:_m_LogForLua_xlua_st_(IntPtr)
XLua.LuaFunction:Action(T1, T2, T3, T4, T5, T6, T7)
FunPlus.WorldX.Manager.LuaManager:CommonUpdate()
FunPlus.WorldX.AppFacade:UpdateAllManager()

The referenced script on this Behaviour (Game Object '<null>') is missing!
[157.1895][Error]|[lua][error][ClientSpaceLeylineFlowerComponent]	batchFindMediaMarkerCb error, err=TID_MS_SERVER_BUSY	[[callback]     ...ities\SpaceComponent\ClientSpaceMediaMarkerComponent.lua:158]
FunPlus.WorldX.Utils.GameLog:SimpleLog(LogType, IntPtr, Int32)
FunPlus.WorldX.Utils.LuaUtils:LogForLua(Int32, IntPtr, Int32)
XLua.CSObjectWrap.FunPlusWorldXUtilsLuaUtilsWrap:_m_LogForLua_xlua_st_(IntPtr)
XLua.LuaFunction:Action(T1, T2, T3, T4, T5, T6, T7)
FunPlus.WorldX.Manager.LuaManager:CommonUpdate()
FunPlus.WorldX.AppFacade:UpdateAllManager()

[167.1153][Error]|[lua][error][ClientSpaceLeylineFlowerComponent]	batchFindMediaMarkerCb error, err=TID_MS_SERVER_BUSY	[[callback]     ...ities\SpaceComponent\ClientSpaceMediaMarkerComponent.lua:158]
FunPlus.WorldX.Utils.GameLog:SimpleLog(LogType, IntPtr, Int32)
FunPlus.WorldX.Utils.LuaUtils:LogForLua(Int32, IntPtr, Int32)
XLua.CSObjectWrap.FunPlusWorldXUtilsLuaUtilsWrap:_m_LogForLua_xlua_st_(IntPtr)
XLua.LuaFunction:Action(T1, T2, T3, T4, T5, T6, T7)
FunPlus.WorldX.Manager.LuaManager:CommonUpdate()
FunPlus.WorldX.AppFacade:UpdateAllManager()

The referenced script on this Behaviour (Game Object '<null>') is missing!
The referenced script on this Behaviour (Game Object '<null>') is missing!
Unloading 1 Unused Serialized files (Serialized files now loaded: 812)
Unloading 1983 unused Assets to reduce memory usage. Loaded Objects now: 130826.
Total: 57.695600 ms (FindLiveObjects: 6.918000 ms CreateObjectMapping: 4.001900 ms MarkObjects: 45.599400 ms  DeleteObjects: 1.175900 ms)

Couldn't create a Convex Mesh from source mesh "SM_LVIOT_Rock_Cliff_05_A_Collider_CM_02_1411904746" within the maximum polygons limit (256). The partial hull will be used. Consider simplifying your mesh.
Unloading 1 Unused Serialized files (Serialized files now loaded: 811)
Unloading 11226 unused Assets to reduce memory usage. Loaded Objects now: 105018.
Total: 59.054500 ms (FindLiveObjects: 5.921100 ms CreateObjectMapping: 3.926200 ms MarkObjects: 44.488800 ms  DeleteObjects: 4.718000 ms)

Couldn't create a Convex Mesh from source mesh "SM_LVIOT_Tree_Iris_Eff_CM_619886536" within the maximum polygons limit (256). The partial hull will be used. Consider simplifying your mesh.
[252.1217][Log]|[lua][info][2026-09-17 02:34:47.512062]	[info]	[PHONESTCORE_HOOK]	[0x28da02b9730 connect to http://worldx-global-assets.oss-us-east-1.aliyuncs.com:443/eu/prod/ClientInfo/202000114279_client_info_bin?x-oss-credential=LTAI5tS3b81GXuYfXYtgJZ7J%2F20260917%2Fus-east-1%2Foss%2Faliyun_v4_request&x-oss-date=20260917T003447Z&x-oss-expires=300&x-oss-signature=d967974b089123d4a20dbf68686c6a4921a4c63505659d0d83bd1f87c00660ed&x-oss-signature-version=OSS4-HMAC-SHA256]	[HttpClient.cpp:38(phonestcore::HttpClient::connect)]
FunPlus.WorldX.Utils.GameLog:SimpleLog(LogType, IntPtr, Int32)
FunPlus.WorldX.Utils.LuaUtils:LogForLua(Int32, IntPtr, Int32)
XLua.CSObjectWrap.FunPlusWorldXUtilsLuaUtilsWrap:_m_LogForLua_xlua_st_(IntPtr)
XLua.LuaFunction:Action(T1, T2, T3, T4, T5, T6, T7)
FunPlus.WorldX.Manager.LuaManager:CommonUpdate()
FunPlus.WorldX.AppFacade:UpdateAllManager()

Couldn't create a Convex Mesh from source mesh "SM_Rock_Edge_Mid_04_CM_1505413858" within the maximum polygons limit (256). The partial hull will be used. Consider simplifying your mesh.
Couldn't create a Convex Mesh from source mesh "SM_Rock_Edge_Mid_04_CM_1505413858" within the maximum polygons limit (256). The partial hull will be used. Consider simplifying your mesh.
Couldn't create a Convex Mesh from source mesh "SM_Rock_Cliff_Beach_03_CM_-934479732" within the maximum polygons limit (256). The partial hull will be used. Consider simplifying your mesh.
Couldn't create a Convex Mesh from source mesh "SM_Rock_Edge_Big_03_CM_-675274334" within the maximum polygons limit (256). The partial hull will be used. Consider simplifying your mesh.
The referenced script on this Behaviour (Game Object '<null>') is missing!
The referenced script on this Behaviour (Game Object '<null>') is missing!
Unloading 1 Unused Serialized files (Serialized files now loaded: 833)
Unloading 2261 unused Assets to reduce memory usage. Loaded Objects now: 127706.
Total: 66.988400 ms (FindLiveObjects: 6.831300 ms CreateObjectMapping: 3.907500 ms MarkObjects: 45.855200 ms  DeleteObjects: 10.394200 ms)

Couldn't create a Convex Mesh from source mesh "SM_Rock_Beachrock_009_D_CM_881445048" within the maximum polygons limit (256). The partial hull will be used. Consider simplifying your mesh.
Couldn't create a Convex Mesh from source mesh "SM_LVIOT_Rock_Cliff_01_C_Collider_Mesh_Stone_518205044" within the maximum polygons limit (256). The partial hull will be used. Consider simplifying your mesh.
Couldn't create a Convex Mesh from source mesh "SM_Rock_Edge_Big_07_CM_-1819458910" within the maximum polygons limit (256). The partial hull will be used. Consider simplifying your mesh.
Couldn't create a Convex Mesh from source mesh "SM_Rock_Beachrock_003_B_Collider_Mesh_-646731316" within the maximum polygons limit (256). The partial hull will be used. Consider simplifying your mesh.
Couldn't create a Convex Mesh from source mesh "SM_LVIOT_Rock_Cliff_01_F_CM_-1920994744" within the maximum polygons limit (256). The partial hull will be used. Consider simplifying your mesh.
Couldn't create a Convex Mesh from source mesh "SM_LVIOT_Rock_Cliff_01_B_Collider_Convex_Stone_-2128040324" within the maximum polygons limit (256). The partial hull will be used. Consider simplifying your mesh.
Couldn't create a Convex Mesh from source mesh "SM_Rock_Cliffwall_004_CM_-789190536" within the maximum polygons limit (256). The partial hull will be used. Consider simplifying your mesh.
Couldn't create a Convex Mesh from source mesh "SM_LVIOT_Rock_Cliff_01_A_CM_-1667037262" within the maximum polygons limit (256). The partial hull will be used. Consider simplifying your mesh.
Couldn't create a Convex Mesh from source mesh "SM_Rock_Mountain_02_CM_435822050" within the maximum polygons limit (256). The partial hull will be used. Consider simplifying your mesh.
Couldn't create a Convex Mesh from source mesh "SM_Rock_Beachrock_003_A_Collider_Mesh_-1931667380" within the maximum polygons limit (256). The partial hull will be used. Consider simplifying your mesh.
Couldn't create a Convex Mesh from source mesh "SM_Stone_SmoothStone_009_A_CM_2099548914" within the maximum polygons limit (256). The partial hull will be used. Consider simplifying your mesh.
Couldn't create a Convex Mesh from source mesh "SM_LVIOT_Rock_Cliff_05_A_Collider_CM_02_1411904746" within the maximum polygons limit (256). The partial hull will be used. Consider simplifying your mesh.
Couldn't create a Convex Mesh from source mesh "SM_Rock_Cliff_Beach_10_Collider_Mesh_1374907504" within the maximum polygons limit (256). The partial hull will be used. Consider simplifying your mesh.
Couldn't create a Convex Mesh from source mesh "SM_Rock_Cliff_Beach_05_CM_2024070376" within the maximum polygons limit (256). The partial hull will be used. Consider simplifying your mesh.
Couldn't create a Convex Mesh from source mesh "SM_Rock_Cliffwall_008_CM_1918480376" within the maximum polygons limit (256). The partial hull will be used. Consider simplifying your mesh.
Couldn't create a Convex Mesh from source mesh "SM_Rock_Cliff_Beach_04_CM_-1533757938" within the maximum polygons limit (256). The partial hull will be used. Consider simplifying your mesh.
Setting linear velocity of a kinematic body is not supported.
FunPlus.WorldX.Entities.Components.AttachInfo:OnEnable_Physics(Entity, Entity)
FunPlus.WorldX.Entities.Components.AttachInfo:OnEnable(Entity, Entity)
FunPlus.WorldX.Entities.Components.AttachInfo:LateUpdate(Single)
FunPlus.WorldX.Manager.EntityManager:BeforeRender()
FunPlus.WorldX.AppFacade:BeforeRenderUpdateManager()

[ line -1504778664]

Unloading 1 Unused Serialized files (Serialized files now loaded: 830)
Unloading 512 unused Assets to reduce memory usage. Loaded Objects now: 107614.
Total: 54.958500 ms (FindLiveObjects: 6.276700 ms CreateObjectMapping: 3.795100 ms MarkObjects: 44.232000 ms  DeleteObjects: 0.654500 ms)

The referenced script on this Behaviour (Game Object '<null>') is missing!
The referenced script on this Behaviour (Game Object '<null>') is missing!
Couldn't create a Convex Mesh from source mesh "SM_Item_Tree_Hugevine_001_CM_172620148" within the maximum polygons limit (256). The partial hull will be used. Consider simplifying your mesh.
Couldn't create a Convex Mesh from source mesh "SM_Item_Props_Ore_21_Collider_Mesh_1427908941" within the maximum polygons limit (256). The partial hull will be used. Consider simplifying your mesh.
Setting linear velocity of a kinematic body is not supported.
FunPlus.WorldX.Entities.Components.AttachInfo:OnEnable_Physics(Entity, Entity)
FunPlus.WorldX.Entities.Components.AttachInfo:OnEnable(Entity, Entity)
FunPlus.WorldX.Entities.Components.AttachInfo:LateUpdate(Single)
FunPlus.WorldX.Manager.EntityManager:BeforeRender()
FunPlus.WorldX.AppFacade:BeforeRenderUpdateManager()

[ line -1504778664]

The referenced script on this Behaviour (Game Object '') is missing!
The referenced script on this Behaviour (Game Object '') is missing!
The referenced script on this Behaviour (Game Object 'Water (6)') is missing!
The referenced script on this Behaviour (Game Object '') is missing!
The referenced script on this Behaviour (Game Object '') is missing!
The referenced script on this Behaviour (Game Object 'Water (1)') is missing!
The referenced script on this Behaviour (Game Object '') is missing!
The referenced script on this Behaviour (Game Object '') is missing!
The referenced script on this Behaviour (Game Object 'Water (1)') is missing!
The referenced script on this Behaviour (Game Object 'Water (4)') is missing!
The referenced script on this Behaviour (Game Object 'Water (6)') is missing!
The referenced script on this Behaviour (Game Object 'Water (5)') is missing!
The referenced script on this Behaviour (Game Object 'Water (2)') is missing!
The referenced script on this Behaviour (Game Object 'Water (3)') is missing!
The referenced script on this Behaviour (Game Object 'Water (7)') is missing!
The referenced script on this Behaviour (Game Object 'Water') is missing!
Unloading 1 Unused Serialized files (Serialized files now loaded: 868)
Unloading 10446 unused Assets to reduce memory usage. Loaded Objects now: 127291.
Total: 75.412600 ms (FindLiveObjects: 6.858100 ms CreateObjectMapping: 4.499300 ms MarkObjects: 51.867700 ms  DeleteObjects: 12.187400 ms)

The referenced script on this Behaviour (Game Object '<null>') is missing!
Couldn't create a Convex Mesh from source mesh "SM_Item_Props_SoulEgg_Rare_Collider_Conevx_400907215" within the maximum polygons limit (256). The partial hull will be used. Consider simplifying your mesh.
Couldn't create a Convex Mesh from source mesh "SM_Rock_Cliff_Beach_03_CM_-934479732" within the maximum polygons limit (256). The partial hull will be used. Consider simplifying your mesh.
Couldn't create a Convex Mesh from source mesh "SM_LVIOT_Rock_SplitMountains_004_A_Collider_Mesh_278569052" within the maximum polygons limit (256). The partial hull will be used. Consider simplifying your mesh.
The referenced script on this Behaviour (Game Object '<null>') is missing!
[792.3132][Log]|[lua][info][2026-09-17 02:43:47.703575]	[info]	[PHONESTCORE_HOOK]	[0x28ed8594de0 connect to http://worldx-global-assets.oss-us-east-1.aliyuncs.com:443/eu/prod/ClientInfo/202000114279_client_info_bin?x-oss-credential=LTAI5tS3b81GXuYfXYtgJZ7J%2F20260917%2Fus-east-1%2Foss%2Faliyun_v4_request&x-oss-date=20260917T004347Z&x-oss-expires=300&x-oss-signature=1bdd56b3a32b027a89dc91db50f373c86ec55d04356b1c23ccfca59e407a55c0&x-oss-signature-version=OSS4-HMAC-SHA256]	[HttpClient.cpp:38(phonestcore::HttpClient::connect)]
FunPlus.WorldX.Utils.GameLog:SimpleLog(LogType, IntPtr, Int32)
FunPlus.WorldX.Utils.LuaUtils:LogForLua(Int32, IntPtr, Int32)
XLua.CSObjectWrap.FunPlusWorldXUtilsLuaUtilsWrap:_m_LogForLua_xlua_st_(IntPtr)
XLua.LuaFunction:Action(T1, T2, T3, T4, T5, T6, T7)
FunPlus.WorldX.Manager.LuaManager:CommonUpdate()
FunPlus.WorldX.AppFacade:UpdateAllManager()

Unloading 1 Unused Serialized files (Serialized files now loaded: 909)
Unloading 1144 unused Assets to reduce memory usage. Loaded Objects now: 157500.
Total: 79.550200 ms (FindLiveObjects: 8.411900 ms CreateObjectMapping: 5.035300 ms MarkObjects: 65.091700 ms  DeleteObjects: 1.011200 ms)

Unloading 1 Unused Serialized files (Serialized files now loaded: 909)
Unloading 83 unused Assets to reduce memory usage. Loaded Objects now: 158678.
Total: 73.322900 ms (FindLiveObjects: 7.757400 ms CreateObjectMapping: 4.061000 ms MarkObjects: 61.329200 ms  DeleteObjects: 0.175000 ms)

Couldn't create a Convex Mesh from source mesh "SM_Rock_Beachrock_001_Collider_Mesh_-1736269204" within the maximum polygons limit (256). The partial hull will be used. Consider simplifying your mesh.
Tree prefab at index 0 is missing.
Tree prefab at index 0 is missing.
Setting linear velocity of a kinematic body is not supported.
FunPlus.WorldX.GameApp.Sandbox.PressPlatform:SyncMoverPose()
FunPlus.WorldX.GameApp.Sandbox.PressPlatform:RestorePrefabDefaults()
FunPlus.WorldX.GameApp.Sandbox.LevelItemModel:Destroy()
FunPlus.WorldX.GameApp.Sandbox.Sandbox:Destroy()
FunPlus.WorldX.GameApp.Sandbox.SandboxManager:DestroySandbox(Int32)
XLua.CSObjectWrap.FunPlusWorldXGameAppSandboxSandboxManagerWrap:_m_DestroySandbox(IntPtr)
XLua.LuaFunction:Action(T1, T2, T3, T4, T5, T6, T7)
FunPlus.WorldX.Manager.LuaManager:CommonUpdate()
FunPlus.WorldX.AppFacade:UpdateAllManager()

[ line -1504781096]

Setting angular velocity of a kinematic body is not supported.
FunPlus.WorldX.GameApp.Sandbox.PressPlatform:SyncMoverPose()
FunPlus.WorldX.GameApp.Sandbox.PressPlatform:RestorePrefabDefaults()
FunPlus.WorldX.GameApp.Sandbox.LevelItemModel:Destroy()
FunPlus.WorldX.GameApp.Sandbox.Sandbox:Destroy()
FunPlus.WorldX.GameApp.Sandbox.SandboxManager:DestroySandbox(Int32)
XLua.CSObjectWrap.FunPlusWorldXGameAppSandboxSandboxManagerWrap:_m_DestroySandbox(IntPtr)
XLua.LuaFunction:Action(T1, T2, T3, T4, T5, T6, T7)
FunPlus.WorldX.Manager.LuaManager:CommonUpdate()
FunPlus.WorldX.AppFacade:UpdateAllManager()

[ line -1504781304]

Setting linear velocity of a kinematic body is not supported.
FunPlus.WorldX.GameApp.Sandbox.PressPlatform:SyncMoverPose()
FunPlus.WorldX.GameApp.Sandbox.PressPlatform:RestorePrefabDefaults()
FunPlus.WorldX.GameApp.Sandbox.LevelItemModel:Destroy()
FunPlus.WorldX.GameApp.Sandbox.Sandbox:Destroy()
FunPlus.WorldX.GameApp.Sandbox.SandboxManager:DestroySandbox(Int32)
XLua.CSObjectWrap.FunPlusWorldXGameAppSandboxSandboxManagerWrap:_m_DestroySandbox(IntPtr)
XLua.LuaFunction:Action(T1, T2, T3, T4, T5, T6, T7)
FunPlus.WorldX.Manager.LuaManager:CommonUpdate()
FunPlus.WorldX.AppFacade:UpdateAllManager()

[ line -1504781096]

Setting angular velocity of a kinematic body is not supported.
FunPlus.WorldX.GameApp.Sandbox.PressPlatform:SyncMoverPose()
FunPlus.WorldX.GameApp.Sandbox.PressPlatform:RestorePrefabDefaults()
FunPlus.WorldX.GameApp.Sandbox.LevelItemModel:Destroy()
FunPlus.WorldX.GameApp.Sandbox.Sandbox:Destroy()
FunPlus.WorldX.GameApp.Sandbox.SandboxManager:DestroySandbox(Int32)
XLua.CSObjectWrap.FunPlusWorldXGameAppSandboxSandboxManagerWrap:_m_DestroySandbox(IntPtr)
XLua.LuaFunction:Action(T1, T2, T3, T4, T5, T6, T7)
FunPlus.WorldX.Manager.LuaManager:CommonUpdate()
FunPlus.WorldX.AppFacade:UpdateAllManager()

[ line -1504781304]

Setting linear velocity of a kinematic body is not supported.
FunPlus.WorldX.GameApp.Sandbox.PressPlatform:SyncMoverPose()
FunPlus.WorldX.GameApp.Sandbox.PressPlatform:RestorePrefabDefaults()
FunPlus.WorldX.GameApp.Sandbox.LevelItemModel:Destroy()
FunPlus.WorldX.GameApp.Sandbox.Sandbox:Destroy()
FunPlus.WorldX.GameApp.Sandbox.SandboxManager:DestroySandbox(Int32)
XLua.CSObjectWrap.FunPlusWorldXGameAppSandboxSandboxManagerWrap:_m_DestroySandbox(IntPtr)
XLua.LuaFunction:Action(T1, T2, T3, T4, T5, T6, T7)
FunPlus.WorldX.Manager.LuaManager:CommonUpdate()
FunPlus.WorldX.AppFacade:UpdateAllManager()

[ line -1504781096]

Setting angular velocity of a kinematic body is not supported.
FunPlus.WorldX.GameApp.Sandbox.PressPlatform:SyncMoverPose()
FunPlus.WorldX.GameApp.Sandbox.PressPlatform:RestorePrefabDefaults()
FunPlus.WorldX.GameApp.Sandbox.LevelItemModel:Destroy()
FunPlus.WorldX.GameApp.Sandbox.Sandbox:Destroy()
FunPlus.WorldX.GameApp.Sandbox.SandboxManager:DestroySandbox(Int32)
XLua.CSObjectWrap.FunPlusWorldXGameAppSandboxSandboxManagerWrap:_m_DestroySandbox(IntPtr)
XLua.LuaFunction:Action(T1, T2, T3, T4, T5, T6, T7)
FunPlus.WorldX.Manager.LuaManager:CommonUpdate()
FunPlus.WorldX.AppFacade:UpdateAllManager()

[ line -1504781304]

Setting linear velocity of a kinematic body is not supported.
FunPlus.WorldX.Entities.Components.AttachInfo:OnEnable_Physics(Entity, Entity)
FunPlus.WorldX.Entities.Components.AttachInfo:OnEnable(Entity, Entity)
FunPlus.WorldX.Entities.Components.AttachInfo:LateUpdate(Single)
FunPlus.WorldX.Manager.EntityManager:BeforeRender()
FunPlus.WorldX.AppFacade:BeforeRenderUpdateManager()

[ line -1504778664]

Unloading 1 Unused Serialized files (Serialized files now loaded: 921)
Unloading 16136 unused Assets to reduce memory usage. Loaded Objects now: 144557.
Total: 82.173000 ms (FindLiveObjects: 8.564500 ms CreateObjectMapping: 5.063500 ms MarkObjects: 59.128600 ms  DeleteObjects: 9.416100 ms)

Couldn't create a Convex Mesh from source mesh "SM_Rock_Cliff_Beach_05_CM_2024070376" within the maximum polygons limit (256). The partial hull will be used. Consider simplifying your mesh.
Couldn't create a Convex Mesh from source mesh "SM_Rock_Cliff_Hilly_05_CM_-894274274" within the maximum polygons limit (256). The partial hull will be used. Consider simplifying your mesh.
Setting linear velocity of a kinematic body is not supported.
FunPlus.WorldX.GameApp.Sandbox.PressPlatform:SyncMoverPose()
FunPlus.WorldX.GameApp.Sandbox.PressPlatform:RestorePrefabDefaults()
FunPlus.WorldX.GameApp.Sandbox.LevelItemModel:Destroy()
FunPlus.WorldX.GameApp.Sandbox.Sandbox:Destroy()
FunPlus.WorldX.GameApp.Sandbox.SandboxManager:DestroySandbox(Int32)
XLua.CSObjectWrap.FunPlusWorldXGameAppSandboxSandboxManagerWrap:_m_DestroySandbox(IntPtr)
XLua.LuaFunction:Action(T1, T2, T3, T4, T5, T6, T7)
FunPlus.WorldX.Manager.LuaManager:CommonUpdate()
FunPlus.WorldX.AppFacade:UpdateAllManager()

[ line -1504781096]

Setting angular velocity of a kinematic body is not supported.
FunPlus.WorldX.GameApp.Sandbox.PressPlatform:SyncMoverPose()
FunPlus.WorldX.GameApp.Sandbox.PressPlatform:RestorePrefabDefaults()
FunPlus.WorldX.GameApp.Sandbox.LevelItemModel:Destroy()
FunPlus.WorldX.GameApp.Sandbox.Sandbox:Destroy()
FunPlus.WorldX.GameApp.Sandbox.SandboxManager:DestroySandbox(Int32)
XLua.CSObjectWrap.FunPlusWorldXGameAppSandboxSandboxManagerWrap:_m_DestroySandbox(IntPtr)
XLua.LuaFunction:Action(T1, T2, T3, T4, T5, T6, T7)
FunPlus.WorldX.Manager.LuaManager:CommonUpdate()
FunPlus.WorldX.AppFacade:UpdateAllManager()

[ line -1504781304]

Setting linear velocity of a kinematic body is not supported.
FunPlus.WorldX.GameApp.Sandbox.PressPlatform:SyncMoverPose()
FunPlus.WorldX.GameApp.Sandbox.PressPlatform:RestorePrefabDefaults()
FunPlus.WorldX.GameApp.Sandbox.LevelItemModel:Destroy()
FunPlus.WorldX.GameApp.Sandbox.Sandbox:Destroy()
FunPlus.WorldX.GameApp.Sandbox.SandboxManager:DestroySandbox(Int32)
XLua.CSObjectWrap.FunPlusWorldXGameAppSandboxSandboxManagerWrap:_m_DestroySandbox(IntPtr)
XLua.LuaFunction:Action(T1, T2, T3, T4, T5, T6, T7)
FunPlus.WorldX.Manager.LuaManager:CommonUpdate()
FunPlus.WorldX.AppFacade:UpdateAllManager()

[ line -1504781096]

Setting angular velocity of a kinematic body is not supported.
FunPlus.WorldX.GameApp.Sandbox.PressPlatform:SyncMoverPose()
FunPlus.WorldX.GameApp.Sandbox.PressPlatform:RestorePrefabDefaults()
FunPlus.WorldX.GameApp.Sandbox.LevelItemModel:Destroy()
FunPlus.WorldX.GameApp.Sandbox.Sandbox:Destroy()
FunPlus.WorldX.GameApp.Sandbox.SandboxManager:DestroySandbox(Int32)
XLua.CSObjectWrap.FunPlusWorldXGameAppSandboxSandboxManagerWrap:_m_DestroySandbox(IntPtr)
XLua.LuaFunction:Action(T1, T2, T3, T4, T5, T6, T7)
FunPlus.WorldX.Manager.LuaManager:CommonUpdate()
FunPlus.WorldX.AppFacade:UpdateAllManager()

[ line -1504781304]

Setting linear velocity of a kinematic body is not supported.
FunPlus.WorldX.GameApp.Sandbox.PressPlatform:SyncMoverPose()
FunPlus.WorldX.GameApp.Sandbox.PressPlatform:RestorePrefabDefaults()
FunPlus.WorldX.GameApp.Sandbox.LevelItemModel:Destroy()
FunPlus.WorldX.GameApp.Sandbox.Sandbox:Destroy()
FunPlus.WorldX.GameApp.Sandbox.SandboxManager:DestroySandbox(Int32)
XLua.CSObjectWrap.FunPlusWorldXGameAppSandboxSandboxManagerWrap:_m_DestroySandbox(IntPtr)
XLua.LuaFunction:Action(T1, T2, T3, T4, T5, T6, T7)
FunPlus.WorldX.Manager.LuaManager:CommonUpdate()
FunPlus.WorldX.AppFacade:UpdateAllManager()

[ line -1504781096]

Setting angular velocity of a kinematic body is not supported.
FunPlus.WorldX.GameApp.Sandbox.PressPlatform:SyncMoverPose()
FunPlus.WorldX.GameApp.Sandbox.PressPlatform:RestorePrefabDefaults()
FunPlus.WorldX.GameApp.Sandbox.LevelItemModel:Destroy()
FunPlus.WorldX.GameApp.Sandbox.Sandbox:Destroy()
FunPlus.WorldX.GameApp.Sandbox.SandboxManager:DestroySandbox(Int32)
XLua.CSObjectWrap.FunPlusWorldXGameAppSandboxSandboxManagerWrap:_m_DestroySandbox(IntPtr)
XLua.LuaFunction:Action(T1, T2, T3, T4, T5, T6, T7)
FunPlus.WorldX.Manager.LuaManager:CommonUpdate()
FunPlus.WorldX.AppFacade:UpdateAllManager()

[ line -1504781304]

The referenced script on this Behaviour (Game Object '<null>') is missing!
The referenced script on this Behaviour (Game Object '<null>') is missing!
[972.3416][Log]|[lua][info][2026-09-17 02:46:47.731948]	[info]	[PHONESTCORE_HOOK]	[0x28db08eb450 connect to http://worldx-global-assets.oss-us-east-1.aliyuncs.com:443/eu/prod/ClientInfo/202000114279_client_info_bin?x-oss-credential=LTAI5tS3b81GXuYfXYtgJZ7J%2F20260917%2Fus-east-1%2Foss%2Faliyun_v4_request&x-oss-date=20260917T004647Z&x-oss-expires=300&x-oss-signature=9dc6853ea29f4a8a57b46f5e036a86f294675cc57094b1640419af2754b078a7&x-oss-signature-version=OSS4-HMAC-SHA256]	[HttpClient.cpp:38(phonestcore::HttpClient::connect)]
FunPlus.WorldX.Utils.GameLog:SimpleLog(LogType, IntPtr, Int32)
FunPlus.WorldX.Utils.LuaUtils:LogForLua(Int32, IntPtr, Int32)
XLua.CSObjectWrap.FunPlusWorldXUtilsLuaUtilsWrap:_m_LogForLua_xlua_st_(IntPtr)
XLua.LuaFunction:Action(T1, T2, T3, T4, T5, T6, T7)
FunPlus.WorldX.Manager.LuaManager:CommonUpdate()
FunPlus.WorldX.AppFacade:UpdateAllManager()

The referenced script on this Behaviour (Game Object '<null>') is missing!
YooAsset.BundledAssetProvider:Update()
YooAsset.ProviderBase:WaitForAsyncComplete()
YooAsset.ResourcePackage:LoadAssetInternal(AssetInfo, Boolean)
YooAsset.YooAssets:LoadAssetSync(String, UInt32, Boolean)
FunPlus.WorldX.ResourceManager.Runtime.XYooAssetImpl:NewLoadAssetSync(AssetInfo, String, String, TObject&, Action`2, Object, Boolean)
FunPlus.WorldX.ResourceManager.Runtime.XYooAssetImpl:LoadAssetSyncByID(String, Action`2, Object, Boolean)
FunPlus.WorldX.ResourceManager.Runtime.WorldXResourceManager:LoadAssetSyncByID(String, Action`2, Object, Boolean, Boolean)
FunPlus.WorldX.ResourceManager.Runtime.GoInstanceTask:GetAssetAndInstance()
FunPlus.WorldX.ResourceManager.Runtime.GameObjectCacheManager:GetInstance(String, Action`2, GOCacheType, Object, Transform, Boolean, InstantiatePriority, AsyncLoadPriority)
FunPlus.WorldX.Load.ResourcesManager:GetInstanceFromCache(String, Action`2, GOCacheType, Object, Transform, Boolean, InstantiatePriority, AsyncLoadPriority)
FunPlus.WorldX.Manager.UIManager:InstantiateUIView(String, String, Boolean, Boolean, Action`1)
XLua.CSObjectWrap.FunPlusWorldXManagerUIManagerWrap:_m_InstantiateUIView(IntPtr)
XLua.LuaFunction:Action(T1, T2, T3, T4, T5, T6, T7)
FunPlus.WorldX.Manager.LuaManager:CommonUpdate()
FunPlus.WorldX.AppFacade:UpdateAllManager()

[ line -1504783560]

[976.3844][Log]|[lua][info][2026-09-17 02:46:51.771426]	[info]	[PHONESTCORE_HOOK]	[0x28db08eadf0 connect to http://priv-platform-yimoo-api.funplus.com:443/api/game/red-dot]	[HttpClient.cpp:38(phonestcore::HttpClient::connect)]
FunPlus.WorldX.Utils.GameLog:SimpleLog(LogType, IntPtr, Int32)
FunPlus.WorldX.Utils.LuaUtils:LogForLua(Int32, IntPtr, Int32)
XLua.CSObjectWrap.FunPlusWorldXUtilsLuaUtilsWrap:_m_LogForLua_xlua_st_(IntPtr)
XLua.LuaFunction:Action(T1, T2, T3, T4, T5, T6, T7)
FunPlus.WorldX.Manager.LuaManager:CommonUpdate()
FunPlus.WorldX.AppFacade:UpdateAllManager()

[976.3845][Log]|[lua][info][2026-09-17 02:46:51.771810]	[info]	[PHONESTCORE_HOOK]	[0x28db08eb780 connect to http://announcement-web.funplus.com:443/api/announce/list]	[HttpClient.cpp:38(phonestcore::HttpClient::connect)]
FunPlus.WorldX.Utils.GameLog:SimpleLog(LogType, IntPtr, Int32)
FunPlus.WorldX.Utils.LuaUtils:LogForLua(Int32, IntPtr, Int32)
XLua.CSObjectWrap.FunPlusWorldXUtilsLuaUtilsWrap:_m_LogForLua_xlua_st_(IntPtr)
XLua.LuaFunction:Action(T1, T2, T3, T4, T5, T6, T7)
FunPlus.WorldX.Manager.LuaManager:CommonUpdate()
FunPlus.WorldX.AppFacade:UpdateAllManager()

The referenced script on this Behaviour (Game Object '<null>') is missing!
The referenced script on this Behaviour (Game Object '') is missing!
The referenced script on this Behaviour (Game Object '<null>') is missing!
The referenced script on this Behaviour (Game Object '<null>') is missing!
The referenced script on this Behaviour (Game Object '<null>') is missing!
The referenced script on this Behaviour (Game Object '<null>') is missing!
The referenced script on this Behaviour (Game Object '<null>') is missing!
The referenced script on this Behaviour (Game Object '<null>') is missing!
Can't add 'SkinnedMeshBatch' to M_Parmon_10371_Body02 because a 'SkinnedMeshBatch' is already added to the game object!
UnityEngine.GameObject:AddComponent()
XRender.Pipeline.Modules.SkinnedMeshCombine.SkinnedMeshBufferMgr:AddSkinnedComponent(SkinnedMeshRenderer)

[ line -1504780888]

The referenced script on this Behaviour (Game Object '<null>') is missing!
The referenced script on this Behaviour (Game Object '<null>') is missing!
The referenced script on this Behaviour (Game Object '<null>') is missing!
The referenced script on this Behaviour (Game Object '<null>') is missing!
The referenced script on this Behaviour (Game Object '<null>') is missing!
Can't add 'SkinnedMeshBatch' to M_Parmon_10371_Body02 because a 'SkinnedMeshBatch' is already added to the game object!
UnityEngine.GameObject:AddComponent()
XRender.Pipeline.Modules.SkinnedMeshCombine.SkinnedMeshBufferMgr:AddSkinnedComponent(SkinnedMeshRenderer)
FunPlus.WorldX.Entities.EntityBase:SetActive(Boolean)
XLua.CSObjectWrap.FunPlusWorldXEntitiesEntityBaseWrap:_m_SetActive(IntPtr)
XLua.DelegateBridge:__Gen_Delegate_Imp2()
XGUI.UContent:OnPress(FPointerEventData)
XGUI.EventSystems.BaseEventListener:InvokeEvent(PointerEventDelegate, PointerEventData, EEventFlags)
XGUI.EventSystems.ClickEventListener:OnPointerDown(PointerEventData)
FunPlus.WorldX.GUIS.Panels.Utils.KeyBindingPro:OnActionTriggered(InputInfo&, Boolean)
FunPlus.WorldX.Manager.InputManager:TriggerUIAction(String, InputInfo&)
FunPlus.WorldX.Manager.InputManager:InnerHandleInputInfo(InputInfo&)
FunPlus.WorldX.Manager.InputManager:OnActionTriggered(CallbackContext)
UnityEngine.InputSystem.Utilities.DelegateHelpers:InvokeCallbacksSafe(CallbackArray`1&, TValue, String, Object)
UnityEngine.InputSystem.PlayerInput:OnActionTriggered(CallbackContext)
UnityEngine.InputSystem.Utilities.DelegateHelpers:InvokeCallbacksSafe(CallbackArray`1&, TValue, String, Object)
UnityEngine.InputSystem.InputActionState:CallActionListeners(Int32, InputActionMap, InputActionPhase, CallbackArray`1&, String)
UnityEngine.InputSystem.InputActionState:ChangePhaseOfActionInternal(Int32, TriggerState*, InputActionPhase, TriggerState&)
UnityEngine.InputSystem.InputActionState:ChangePhaseOfAction(InputActionPhase, TriggerState&, InputActionPhase)
UnityEngine.InputSystem.InputActionState:ProcessDefaultInteraction(TriggerState&, Int32)
UnityEngine.InputSystem.InputActionState:ProcessControlStateChange(Int32, Int32, Int32, Double, InputEventPtr)
UnityEngine.InputSystem.InputActionState:UnityEngine.InputSystem.LowLevel.IInputStateChangeMonitor.NotifyControlStateChanged(InputControl, Double, InputEventPtr, Int64)
UnityEngine.InputSystem.InputManager:FireStateChangeNotifications(Int32, Double, InputEvent*)
UnityEngine.InputSystem.InputManager:UpdateState(InputDevice, InputUpdateType, Void*, UInt32, UInt32, Double, InputEventPtr)
UnityEngine.InputSystem.InputManager:UpdateState(InputDevice, InputEvent*, InputUpdateType)
UnityEngine.InputSystem.InputManager:OnUpdate(InputUpdateType, InputEventBuffer&)
UnityEngine.InputSystem.LowLevel.<>c__DisplayClass7_0:<set_onUpdate>b__0(NativeInputUpdateType, NativeInputEventBuffer*)
FunPlus.WorldX.Manager.InputManager:CommonUpdate()
FunPlus.WorldX.AppFacade:UpdateAllManager()

[ line -1504785160]

[1152.3707][Log]|[lua][info][2026-09-17 02:49:47.761052]	[info]	[PHONESTCORE_HOOK]	[0x28ecfe1f130 connect to http://worldx-global-assets.oss-us-east-1.aliyuncs.com:443/eu/prod/ClientInfo/202000114279_client_info_bin?x-oss-credential=LTAI5tS3b81GXuYfXYtgJZ7J%2F20260917%2Fus-east-1%2Foss%2Faliyun_v4_request&x-oss-date=20260917T004947Z&x-oss-expires=300&x-oss-signature=6eb2e8a3a77e4828bebf1e02ab6e4f40dc0406f9ea72e54c5e7a00c6c67d0b5a&x-oss-signature-version=OSS4-HMAC-SHA256]	[HttpClient.cpp:38(phonestcore::HttpClient::connect)]
FunPlus.WorldX.Utils.GameLog:SimpleLog(LogType, IntPtr, Int32)
FunPlus.WorldX.Utils.LuaUtils:LogForLua(Int32, IntPtr, Int32)
XLua.CSObjectWrap.FunPlusWorldXUtilsLuaUtilsWrap:_m_LogForLua_xlua_st_(IntPtr)
XLua.LuaFunction:Action(T1, T2, T3, T4, T5, T6, T7)
FunPlus.WorldX.Manager.LuaManager:CommonUpdate()
FunPlus.WorldX.AppFacade:UpdateAllManager()

Can't add 'SkinnedMeshBatch' to M_Parmon_10371_Body02 because a 'SkinnedMeshBatch' is already added to the game object!
UnityEngine.GameObject:AddComponent()
XRender.Pipeline.Modules.SkinnedMeshCombine.SkinnedMeshBufferMgr:AddSkinnedComponent(SkinnedMeshRenderer)

[ line -1504780888]

Unloading 2 Unused Serialized files (Serialized files now loaded: 948)
Unloading 21485 unused Assets to reduce memory usage. Loaded Objects now: 191384.
Total: 119.476100 ms (FindLiveObjects: 11.141100 ms CreateObjectMapping: 7.156300 ms MarkObjects: 75.413200 ms  DeleteObjects: 25.765400 ms)

[1247.0802][Log]|[lua][info][2026-09-17 02:51:22.466716]	[info]	[PHONESTCORE_HOOK]	[0x28da0245c60 connect to http://priv-platform-yimoo-api.funplus.com:443/api/game/red-dot]	[HttpClient.cpp:38(phonestcore::HttpClient::connect)]
FunPlus.WorldX.Utils.GameLog:SimpleLog(LogType, IntPtr, Int32)
FunPlus.WorldX.Utils.LuaUtils:LogForLua(Int32, IntPtr, Int32)
XLua.CSObjectWrap.FunPlusWorldXUtilsLuaUtilsWrap:_m_LogForLua_xlua_st_(IntPtr)
XLua.LuaFunction:Action(T1, T2, T3, T4, T5, T6, T7)
FunPlus.WorldX.Manager.LuaManager:CommonUpdate()
FunPlus.WorldX.AppFacade:UpdateAllManager()

[1247.0803][Log]|[lua][info][2026-09-17 02:51:22.467190]	[info]	[PHONESTCORE_HOOK]	[0x28edd1d43c0 connect to http://announcement-web.funplus.com:443/api/announce/list]	[HttpClient.cpp:38(phonestcore::HttpClient::connect)]
FunPlus.WorldX.Utils.GameLog:SimpleLog(LogType, IntPtr, Int32)
FunPlus.WorldX.Utils.LuaUtils:LogForLua(Int32, IntPtr, Int32)
XLua.CSObjectWrap.FunPlusWorldXUtilsLuaUtilsWrap:_m_LogForLua_xlua_st_(IntPtr)
XLua.LuaFunction:Action(T1, T2, T3, T4, T5, T6, T7)
FunPlus.WorldX.Manager.LuaManager:CommonUpdate()
FunPlus.WorldX.AppFacade:UpdateAllManager()

The referenced script on this Behaviour (Game Object '<null>') is missing!
[1272.1047][Error]|[lua][error][ClientLeylineFlowerComponent]	[快速联结] : 角色身上未找到对应的宠物，请检查配置是否与预期一致!!!	[[]     ...s\SpaceEntities\PlayerComponent\ClientEventComponent.lua:2510]
FunPlus.WorldX.Utils.GameLog:SimpleLog(LogType, IntPtr, Int32)
FunPlus.WorldX.Utils.LuaUtils:LogForLua(Int32, IntPtr, Int32)
XLua.CSObjectWrap.FunPlusWorldXUtilsLuaUtilsWrap:_m_LogForLua_xlua_st_(IntPtr)
XLua.LuaFunction:Action(T1, T2, T3, T4, T5, T6, T7)
FunPlus.WorldX.Manager.LuaManager:CommonUpdate()
FunPlus.WorldX.AppFacade:UpdateAllManager()

Couldn't create a Convex Mesh from source mesh "M_Item_SceneObject_BouncePlantBig_Grow_A" within the maximum polygons limit (256). The partial hull will be used. Consider simplifying your mesh.
Couldn't create a Convex Mesh from source mesh "M_Item_SceneObject_BouncePlantBig_Dry_A" within the maximum polygons limit (256). The partial hull will be used. Consider simplifying your mesh.
[1280.8781][Log]|[lua][info][2026-09-17 02:51:56.265119]	[info]	[PHONESTCORE_HOOK]	[0x28e259ae4c0 connect to http://priv-platform-yimoo-api.funplus.com:443/api/game/red-dot]	[HttpClient.cpp:38(phonestcore::HttpClient::connect)]
FunPlus.WorldX.Utils.GameLog:SimpleLog(LogType, IntPtr, Int32)
FunPlus.WorldX.Utils.LuaUtils:LogForLua(Int32, IntPtr, Int32)
XLua.CSObjectWrap.FunPlusWorldXUtilsLuaUtilsWrap:_m_LogForLua_xlua_st_(IntPtr)
XLua.LuaFunction:Action(T1, T2, T3, T4, T5, T6, T7)
FunPlus.WorldX.Manager.LuaManager:CommonUpdate()
FunPlus.WorldX.AppFacade:UpdateAllManager()

[1280.8782][Log]|[lua][info][2026-09-17 02:51:56.265510]	[info]	[PHONESTCORE_HOOK]	[0x28e259aee50 connect to http://announcement-web.funplus.com:443/api/announce/list]	[HttpClient.cpp:38(phonestcore::HttpClient::connect)]
FunPlus.WorldX.Utils.GameLog:SimpleLog(LogType, IntPtr, Int32)
FunPlus.WorldX.Utils.LuaUtils:LogForLua(Int32, IntPtr, Int32)
XLua.CSObjectWrap.FunPlusWorldXUtilsLuaUtilsWrap:_m_LogForLua_xlua_st_(IntPtr)
XLua.LuaFunction:Action(T1, T2, T3, T4, T5, T6, T7)
FunPlus.WorldX.Manager.LuaManager:CommonUpdate()
FunPlus.WorldX.AppFacade:UpdateAllManager()

Setting linear velocity of a kinematic body is not supported.
FunPlus.WorldX.Entities.Components.AttachInfo:OnEnable_Physics(Entity, Entity)
FunPlus.WorldX.Entities.Components.AttachInfo:OnEnable(Entity, Entity)
FunPlus.WorldX.Entities.Components.AttachInfo:LateUpdate(Single)
FunPlus.WorldX.Manager.EntityManager:BeforeRender()
FunPlus.WorldX.AppFacade:BeforeRenderUpdateManager()

[ line -1504778664]

[1351.4173][Log]|[lua][info][2026-09-17 02:53:06.804126]	[info]	[PHONESTCORE_HOOK]	[0x28d9f97a5d0 connect to http://priv-platform-yimoo-api.funplus.com:443/api/game/red-dot]	[HttpClient.cpp:38(phonestcore::HttpClient::connect)]
FunPlus.WorldX.Utils.GameLog:SimpleLog(LogType, IntPtr, Int32)
FunPlus.WorldX.Utils.LuaUtils:LogForLua(Int32, IntPtr, Int32)
XLua.CSObjectWrap.FunPlusWorldXUtilsLuaUtilsWrap:_m_LogForLua_xlua_st_(IntPtr)
XLua.LuaFunction:Action(T1, T2, T3, T4, T5, T6, T7)
FunPlus.WorldX.Manager.LuaManager:CommonUpdate()
FunPlus.WorldX.AppFacade:UpdateAllManager()

[1351.4175][Log]|[lua][info][2026-09-17 02:53:06.804511]	[info]	[PHONESTCORE_HOOK]	[0x28d9f97ac30 connect to http://announcement-web.funplus.com:443/api/announce/list]	[HttpClient.cpp:38(phonestcore::HttpClient::connect)]
FunPlus.WorldX.Utils.GameLog:SimpleLog(LogType, IntPtr, Int32)
FunPlus.WorldX.Utils.LuaUtils:LogForLua(Int32, IntPtr, Int32)
XLua.CSObjectWrap.FunPlusWorldXUtilsLuaUtilsWrap:_m_LogForLua_xlua_st_(IntPtr)
XLua.LuaFunction:Action(T1, T2, T3, T4, T5, T6, T7)
FunPlus.WorldX.Manager.LuaManager:CommonUpdate()
FunPlus.WorldX.AppFacade:UpdateAllManager()

Couldn't create a Convex Mesh from source mesh "SM_Rock_Cliffwall_001_Collider_Mesh_-2008044692" within the maximum polygons limit (256). The partial hull will be used. Consider simplifying your mesh.
Couldn't create a Convex Mesh from source mesh "SM_Rock_Cliff_Beach_10_Collider_Mesh_1374907504" within the maximum polygons limit (256). The partial hull will be used. Consider simplifying your mesh.
Couldn't create a Convex Mesh from source mesh "SM_Rock_Mountain_04_CM_1160429538" within the maximum polygons limit (256). The partial hull will be used. Consider simplifying your mesh.
Couldn't create a Convex Mesh from source mesh "SM_Rock_Cliff_Beach_01_CM_811127384" within the maximum polygons limit (256). The partial hull will be used. Consider simplifying your mesh.
Setting linear velocity of a kinematic body is not supported.
FunPlus.WorldX.GameApp.Sandbox.PressPlatform:SyncMoverPose()
FunPlus.WorldX.GameApp.Sandbox.PressPlatform:RestorePrefabDefaults()
FunPlus.WorldX.GameApp.Sandbox.LevelItemModel:Destroy()
FunPlus.WorldX.GameApp.Sandbox.Sandbox:Destroy()
FunPlus.WorldX.GameApp.Sandbox.SandboxManager:DestroySandbox(Int32)
XLua.CSObjectWrap.FunPlusWorldXGameAppSandboxSandboxManagerWrap:_m_DestroySandbox(IntPtr)
XLua.LuaFunction:Action(T1, T2, T3, T4, T5, T6, T7)
FunPlus.WorldX.Manager.LuaManager:CommonUpdate()
FunPlus.WorldX.AppFacade:UpdateAllManager()

[ line -1504781096]

Setting angular velocity of a kinematic body is not supported.
FunPlus.WorldX.GameApp.Sandbox.PressPlatform:SyncMoverPose()
FunPlus.WorldX.GameApp.Sandbox.PressPlatform:RestorePrefabDefaults()
FunPlus.WorldX.GameApp.Sandbox.LevelItemModel:Destroy()
FunPlus.WorldX.GameApp.Sandbox.Sandbox:Destroy()
FunPlus.WorldX.GameApp.Sandbox.SandboxManager:DestroySandbox(Int32)
XLua.CSObjectWrap.FunPlusWorldXGameAppSandboxSandboxManagerWrap:_m_DestroySandbox(IntPtr)
XLua.LuaFunction:Action(T1, T2, T3, T4, T5, T6, T7)
FunPlus.WorldX.Manager.LuaManager:CommonUpdate()
FunPlus.WorldX.AppFacade:UpdateAllManager()

[ line -1504781304]

Setting linear velocity of a kinematic body is not supported.
FunPlus.WorldX.GameApp.Sandbox.PressPlatform:SyncMoverPose()
FunPlus.WorldX.GameApp.Sandbox.PressPlatform:RestorePrefabDefaults()
FunPlus.WorldX.GameApp.Sandbox.LevelItemModel:Destroy()
FunPlus.WorldX.GameApp.Sandbox.Sandbox:Destroy()
FunPlus.WorldX.GameApp.Sandbox.SandboxManager:DestroySandbox(Int32)
XLua.CSObjectWrap.FunPlusWorldXGameAppSandboxSandboxManagerWrap:_m_DestroySandbox(IntPtr)
XLua.LuaFunction:Action(T1, T2, T3, T4, T5, T6, T7)
FunPlus.WorldX.Manager.LuaManager:CommonUpdate()
FunPlus.WorldX.AppFacade:UpdateAllManager()

[ line -1504781096]

Setting angular velocity of a kinematic body is not supported.
FunPlus.WorldX.GameApp.Sandbox.PressPlatform:SyncMoverPose()
FunPlus.WorldX.GameApp.Sandbox.PressPlatform:RestorePrefabDefaults()
FunPlus.WorldX.GameApp.Sandbox.LevelItemModel:Destroy()
FunPlus.WorldX.GameApp.Sandbox.Sandbox:Destroy()
FunPlus.WorldX.GameApp.Sandbox.SandboxManager:DestroySandbox(Int32)
XLua.CSObjectWrap.FunPlusWorldXGameAppSandboxSandboxManagerWrap:_m_DestroySandbox(IntPtr)
XLua.LuaFunction:Action(T1, T2, T3, T4, T5, T6, T7)
FunPlus.WorldX.Manager.LuaManager:CommonUpdate()
FunPlus.WorldX.AppFacade:UpdateAllManager()

[ line -1504781304]

Setting linear velocity of a kinematic body is not supported.
FunPlus.WorldX.GameApp.Sandbox.PressPlatform:SyncMoverPose()
FunPlus.WorldX.GameApp.Sandbox.PressPlatform:RestorePrefabDefaults()
FunPlus.WorldX.GameApp.Sandbox.LevelItemModel:Destroy()
FunPlus.WorldX.GameApp.Sandbox.Sandbox:Destroy()
FunPlus.WorldX.GameApp.Sandbox.SandboxManager:DestroySandbox(Int32)
XLua.CSObjectWrap.FunPlusWorldXGameAppSandboxSandboxManagerWrap:_m_DestroySandbox(IntPtr)
XLua.LuaFunction:Action(T1, T2, T3, T4, T5, T6, T7)
FunPlus.WorldX.Manager.LuaManager:CommonUpdate()
FunPlus.WorldX.AppFacade:UpdateAllManager()

[ line -1504781096]

Setting angular velocity of a kinematic body is not supported.
FunPlus.WorldX.GameApp.Sandbox.PressPlatform:SyncMoverPose()
FunPlus.WorldX.GameApp.Sandbox.PressPlatform:RestorePrefabDefaults()
FunPlus.WorldX.GameApp.Sandbox.LevelItemModel:Destroy()
FunPlus.WorldX.GameApp.Sandbox.Sandbox:Destroy()
FunPlus.WorldX.GameApp.Sandbox.SandboxManager:DestroySandbox(Int32)
XLua.CSObjectWrap.FunPlusWorldXGameAppSandboxSandboxManagerWrap:_m_DestroySandbox(IntPtr)
XLua.LuaFunction:Action(T1, T2, T3, T4, T5, T6, T7)
FunPlus.WorldX.Manager.LuaManager:CommonUpdate()
FunPlus.WorldX.AppFacade:UpdateAllManager()

[ line -1504781304]

The referenced script on this Behaviour (Game Object '<null>') is missing!
The referenced script on this Behaviour (Game Object '<null>') is missing!
The referenced script on this Behaviour (Game Object '<null>') is missing!
The referenced script on this Behaviour (Game Object '<null>') is missing!
Couldn't create a Convex Mesh from source mesh "SM_Rock_Cliffwall_002_Collider_Mesh_-866322356" within the maximum polygons limit (256). The partial hull will be used. Consider simplifying your mesh.
Couldn't create a Convex Mesh from source mesh "SM_Item_Props_Chest_Shell01_Bottom_CM_-1245903479" within the maximum polygons limit (256). The partial hull will be used. Consider simplifying your mesh.
Couldn't create a Convex Mesh from source mesh "SM_Item_Props_Chest_Shell01_Top_CM_-1599723075" within the maximum polygons limit (256). The partial hull will be used. Consider simplifying your mesh.
The referenced script on this Behaviour (Game Object '<null>') is missing!
The referenced script on this Behaviour (Game Object '<null>') is missing!
The referenced script on this Behaviour (Game Object '<null>') is missing!
UnityEngine.Object:Instantiate(Object, Transform, Boolean)
UnityEngine.Object:Instantiate(T, Transform, Boolean)
FunPlus.WorldX.ResourceManager.Runtime.InstantiateQueue:PushTask(Object, InstantiationParameters, Action`2, InstantiatePriority, Object)
FunPlus.WorldX.ResourceManager.Runtime.InstanceImpl:ResInstantiateAsync(Object, Action`2, InstantiationParameters, InstantiatePriority, Object)
FunPlus.WorldX.ResourceManager.Runtime.WorldXResourceManager:ResInstantiateAsync(Object, Action`2, Transform, Boolean, InstantiatePriority, Object)
FunPlus.WorldX.ResourceManager.Runtime.GoInstanceTask:OnLoadAsset(Object, Object)
FunPlus.WorldX.ResourceManager.Runtime.XYooAssetImpl:NewLoadAssetSync(AssetInfo, String, String, TObject&, Action`2, Object, Boolean)
FunPlus.WorldX.ResourceManager.Runtime.XYooAssetImpl:LoadAssetSyncByID(String, Action`2, Object, Boolean)
FunPlus.WorldX.ResourceManager.Runtime.WorldXResourceManager:LoadAssetSyncByID(String, Action`2, Object, Boolean, Boolean)
FunPlus.WorldX.ResourceManager.Runtime.GoInstanceTask:GetAssetAndInstance()
FunPlus.WorldX.Load.ResourcesManager:GetInstanceFromCacheWithoutActivation(String, Action`2, GOCacheType, Object, Transform, Boolean, InstantiatePriority, AsyncLoadPriority)
FunPlus.WorldX.Effect.EffectItem:PlayEffect()
FunPlus.WorldX.Effect.EffectGenerator:PlayEffect(String, EffectConfigInfo, Int32, Boolean)
XLua.CSObjectWrap.FunPlusWorldXEntitiesEntityWrap:_ec_FunPlusWorldXEntitiesComponentsEffectComponent_m_PlayEffect(IntPtr)
XLua.CSObjectWrap.FunPlusWorldXEntitiesEntityWrap:_em_PlayEffect(IntPtr)
XLua.LuaFunction:Action(T1, T2, T3, T4, T5, T6, T7)
FunPlus.WorldX.Manager.LuaManager:CommonUpdate()
FunPlus.WorldX.AppFacade:UpdateAllManager()

[ line -1504783064]

The referenced script on this Behaviour (Game Object 'All') is missing!
UnityEngine.Object:Instantiate(Object, Transform, Boolean)
UnityEngine.Object:Instantiate(T, Transform, Boolean)
FunPlus.WorldX.ResourceManager.Runtime.InstantiateQueue:PushTask(Object, InstantiationParameters, Action`2, InstantiatePriority, Object)
FunPlus.WorldX.ResourceManager.Runtime.InstanceImpl:ResInstantiateAsync(Object, Action`2, InstantiationParameters, InstantiatePriority, Object)
FunPlus.WorldX.ResourceManager.Runtime.WorldXResourceManager:ResInstantiateAsync(Object, Action`2, Transform, Boolean, InstantiatePriority, Object)
FunPlus.WorldX.ResourceManager.Runtime.GoInstanceTask:OnLoadAsset(Object, Object)
FunPlus.WorldX.ResourceManager.Runtime.XYooAssetImpl:NewLoadAssetSync(AssetInfo, String, String, TObject&, Action`2, Object, Boolean)
FunPlus.WorldX.ResourceManager.Runtime.XYooAssetImpl:LoadAssetSyncByID(String, Action`2, Object, Boolean)
FunPlus.WorldX.ResourceManager.Runtime.WorldXResourceManager:LoadAssetSyncByID(String, Action`2, Object, Boolean, Boolean)
FunPlus.WorldX.ResourceManager.Runtime.GoInstanceTask:GetAssetAndInstance()
FunPlus.WorldX.Load.ResourcesManager:GetInstanceFromCacheWithoutActivation(String, Action`2, GOCacheType, Object, Transform, Boolean, InstantiatePriority, AsyncLoadPriority)
FunPlus.WorldX.Effect.EffectItem:PlayEffect()
FunPlus.WorldX.Effect.EffectGenerator:PlayEffect(String, EffectConfigInfo, Int32, Boolean)
XLua.CSObjectWrap.FunPlusWorldXEntitiesEntityWrap:_ec_FunPlusWorldXEntitiesComponentsEffectComponent_m_PlayEffect(IntPtr)
XLua.CSObjectWrap.FunPlusWorldXEntitiesEntityWrap:_em_PlayEffect(IntPtr)
XLua.LuaFunction:Action(T1, T2, T3, T4, T5, T6, T7)
FunPlus.WorldX.Manager.LuaManager:CommonUpdate()
FunPlus.WorldX.AppFacade:UpdateAllManager()

[ line -1504782312]

The referenced script on this Behaviour (Game Object 'All') is missing!
UnityEngine.Object:Instantiate(Object, Transform, Boolean)
UnityEngine.Object:Instantiate(T, Transform, Boolean)
FunPlus.WorldX.ResourceManager.Runtime.InstantiateQueue:PushTask(Object, InstantiationParameters, Action`2, InstantiatePriority, Object)
FunPlus.WorldX.ResourceManager.Runtime.InstanceImpl:ResInstantiateAsync(Object, Action`2, InstantiationParameters, InstantiatePriority, Object)
FunPlus.WorldX.ResourceManager.Runtime.WorldXResourceManager:ResInstantiateAsync(Object, Action`2, Transform, Boolean, InstantiatePriority, Object)
FunPlus.WorldX.ResourceManager.Runtime.GoInstanceTask:OnLoadAsset(Object, Object)
FunPlus.WorldX.ResourceManager.Runtime.XYooAssetImpl:NewLoadAssetSync(AssetInfo, String, String, TObject&, Action`2, Object, Boolean)
FunPlus.WorldX.ResourceManager.Runtime.XYooAssetImpl:LoadAssetSyncByID(String, Action`2, Object, Boolean)
FunPlus.WorldX.ResourceManager.Runtime.WorldXResourceManager:LoadAssetSyncByID(String, Action`2, Object, Boolean, Boolean)
FunPlus.WorldX.ResourceManager.Runtime.GoInstanceTask:GetAssetAndInstance()
FunPlus.WorldX.Load.ResourcesManager:GetInstanceFromCacheWithoutActivation(String, Action`2, GOCacheType, Object, Transform, Boolean, InstantiatePriority, AsyncLoadPriority)
FunPlus.WorldX.Effect.EffectItem:PlayEffect()
FunPlus.WorldX.Effect.EffectGenerator:PlayEffect(String, EffectConfigInfo, Int32, Boolean)
XLua.CSObjectWrap.FunPlusWorldXEntitiesEntityWrap:_ec_FunPlusWorldXEntitiesComponentsEffectComponent_m_PlayEffect(IntPtr)
XLua.CSObjectWrap.FunPlusWorldXEntitiesEntityWrap:_em_PlayEffect(IntPtr)
XLua.LuaFunction:Action(T1, T2, T3, T4, T5, T6, T7)
FunPlus.WorldX.Manager.LuaManager:CommonUpdate()
FunPlus.WorldX.AppFacade:UpdateAllManager()

[ line -1504782312]

Look rotation viewing vector is zero
FunPlus.WorldX.Entities.KCC.KinematicCharacterManager:SimulatePhase1(List`1, Int32)
FunPlus.WorldX.Entities.KCC.KinematicCharacterManager:Simulate(Single, List`1, List`1)
FunPlus.WorldX.Entities.KCC.KinematicCharacterManager:AfterAnimation()
FunPlus.WorldX.AppFacade:AfterAnimationUpdate()

[ line -1504779880]

[1512.4654][Log]|[lua][info][2026-09-17 02:55:47.855784]	[info]	[PHONESTCORE_HOOK]	[0x28edd7b70b0 connect to http://worldx-global-assets.oss-us-east-1.aliyuncs.com:443/eu/prod/ClientInfo/202000114279_client_info_bin?x-oss-credential=LTAI5tS3b81GXuYfXYtgJZ7J%2F20260917%2Fus-east-1%2Foss%2Faliyun_v4_request&x-oss-date=20260917T005548Z&x-oss-expires=300&x-oss-signature=c63bbcfe3cc4e6608db2e09a870d19844f1b0667ae6fb5cde6ba88041d8b4020&x-oss-signature-version=OSS4-HMAC-SHA256]	[HttpClient.cpp:38(phonestcore::HttpClient::connect)]
FunPlus.WorldX.Utils.GameLog:SimpleLog(LogType, IntPtr, Int32)
FunPlus.WorldX.Utils.LuaUtils:LogForLua(Int32, IntPtr, Int32)
XLua.CSObjectWrap.FunPlusWorldXUtilsLuaUtilsWrap:_m_LogForLua_xlua_st_(IntPtr)
XLua.LuaFunction:Action(T1, T2, T3, T4, T5, T6, T7)
FunPlus.WorldX.Manager.LuaManager:CommonUpdate()
FunPlus.WorldX.AppFacade:UpdateAllManager()

The referenced script on this Behaviour (Game Object '<null>') is missing!
UnityEngine.Object:Instantiate(Object, Transform, Boolean)
UnityEngine.Object:Instantiate(T, Transform, Boolean)
FunPlus.WorldX.ResourceManager.Runtime.InstantiateQueue:PushTask(Object, InstantiationParameters, Action`2, InstantiatePriority, Object)
FunPlus.WorldX.ResourceManager.Runtime.InstanceImpl:ResInstantiateAsync(Object, Action`2, InstantiationParameters, InstantiatePriority, Object)
FunPlus.WorldX.ResourceManager.Runtime.WorldXResourceManager:ResInstantiateAsync(Object, Action`2, Transform, Boolean, InstantiatePriority, Object)
FunPlus.WorldX.ResourceManager.Runtime.GoInstanceTask:OnLoadAsset(Object, Object)
FunPlus.WorldX.ResourceManager.Runtime.XYooAssetImpl:NewLoadAssetSync(AssetInfo, String, String, TObject&, Action`2, Object, Boolean)
FunPlus.WorldX.ResourceManager.Runtime.XYooAssetImpl:LoadAssetSyncByID(String, Action`2, Object, Boolean)
FunPlus.WorldX.ResourceManager.Runtime.WorldXResourceManager:LoadAssetSyncByID(String, Action`2, Object, Boolean, Boolean)
FunPlus.WorldX.ResourceManager.Runtime.GoInstanceTask:GetAssetAndInstance()
FunPlus.WorldX.Load.ResourcesManager:GetInstanceFromCacheWithoutActivation(String, Action`2, GOCacheType, Object, Transform, Boolean, InstantiatePriority, AsyncLoadPriority)
FunPlus.WorldX.Effect.EffectItem:PlayEffect()
FunPlus.WorldX.Effect.EffectGenerator:PlayEffect(String, EffectConfigInfo, Int32, Boolean)
XLua.CSObjectWrap.FunPlusWorldXEntitiesEntityWrap:_ec_FunPlusWorldXEntitiesComponentsEffectComponent_m_PlayEffect(IntPtr)
XLua.CSObjectWrap.FunPlusWorldXEntitiesEntityWrap:_em_PlayEffect(IntPtr)
XLua.LuaFunction:Action(T1, T2, T3, T4, T5, T6, T7)
FunPlus.WorldX.Manager.LuaManager:CommonUpdate()
FunPlus.WorldX.AppFacade:UpdateAllManager()

[ line -1504783064]

The referenced script on this Behaviour (Game Object 'All') is missing!
UnityEngine.Object:Instantiate(Object, Transform, Boolean)
UnityEngine.Object:Instantiate(T, Transform, Boolean)
FunPlus.WorldX.ResourceManager.Runtime.InstantiateQueue:PushTask(Object, InstantiationParameters, Action`2, InstantiatePriority, Object)
FunPlus.WorldX.ResourceManager.Runtime.InstanceImpl:ResInstantiateAsync(Object, Action`2, InstantiationParameters, InstantiatePriority, Object)
FunPlus.WorldX.ResourceManager.Runtime.WorldXResourceManager:ResInstantiateAsync(Object, Action`2, Transform, Boolean, InstantiatePriority, Object)
FunPlus.WorldX.ResourceManager.Runtime.GoInstanceTask:OnLoadAsset(Object, Object)
FunPlus.WorldX.ResourceManager.Runtime.XYooAssetImpl:NewLoadAssetSync(AssetInfo, String, String, TObject&, Action`2, Object, Boolean)
FunPlus.WorldX.ResourceManager.Runtime.XYooAssetImpl:LoadAssetSyncByID(String, Action`2, Object, Boolean)
FunPlus.WorldX.ResourceManager.Runtime.WorldXResourceManager:LoadAssetSyncByID(String, Action`2, Object, Boolean, Boolean)
FunPlus.WorldX.ResourceManager.Runtime.GoInstanceTask:GetAssetAndInstance()
FunPlus.WorldX.Load.ResourcesManager:GetInstanceFromCacheWithoutActivation(String, Action`2, GOCacheType, Object, Transform, Boolean, InstantiatePriority, AsyncLoadPriority)
FunPlus.WorldX.Effect.EffectItem:PlayEffect()
FunPlus.WorldX.Effect.EffectGenerator:PlayEffect(String, EffectConfigInfo, Int32, Boolean)
XLua.CSObjectWrap.FunPlusWorldXEntitiesEntityWrap:_ec_FunPlusWorldXEntitiesComponentsEffectComponent_m_PlayEffect(IntPtr)
XLua.CSObjectWrap.FunPlusWorldXEntitiesEntityWrap:_em_PlayEffect(IntPtr)
XLua.LuaFunction:Action(T1, T2, T3, T4, T5, T6, T7)
FunPlus.WorldX.Manager.LuaManager:CommonUpdate()
FunPlus.WorldX.AppFacade:UpdateAllManager()

[ line -1504782312]

The referenced script on this Behaviour (Game Object 'All') is missing!
UnityEngine.Object:Instantiate(Object, Transform, Boolean)
UnityEngine.Object:Instantiate(T, Transform, Boolean)
FunPlus.WorldX.ResourceManager.Runtime.InstantiateQueue:PushTask(Object, InstantiationParameters, Action`2, InstantiatePriority, Object)
FunPlus.WorldX.ResourceManager.Runtime.InstanceImpl:ResInstantiateAsync(Object, Action`2, InstantiationParameters, InstantiatePriority, Object)
FunPlus.WorldX.ResourceManager.Runtime.WorldXResourceManager:ResInstantiateAsync(Object, Action`2, Transform, Boolean, InstantiatePriority, Object)
FunPlus.WorldX.ResourceManager.Runtime.GoInstanceTask:OnLoadAsset(Object, Object)
FunPlus.WorldX.ResourceManager.Runtime.XYooAssetImpl:NewLoadAssetSync(AssetInfo, String, String, TObject&, Action`2, Object, Boolean)
FunPlus.WorldX.ResourceManager.Runtime.XYooAssetImpl:LoadAssetSyncByID(String, Action`2, Object, Boolean)
FunPlus.WorldX.ResourceManager.Runtime.WorldXResourceManager:LoadAssetSyncByID(String, Action`2, Object, Boolean, Boolean)
FunPlus.WorldX.ResourceManager.Runtime.GoInstanceTask:GetAssetAndInstance()
FunPlus.WorldX.Load.ResourcesManager:GetInstanceFromCacheWithoutActivation(String, Action`2, GOCacheType, Object, Transform, Boolean, InstantiatePriority, AsyncLoadPriority)
FunPlus.WorldX.Effect.EffectItem:PlayEffect()
FunPlus.WorldX.Effect.EffectGenerator:PlayEffect(String, EffectConfigInfo, Int32, Boolean)
XLua.CSObjectWrap.FunPlusWorldXEntitiesEntityWrap:_ec_FunPlusWorldXEntitiesComponentsEffectComponent_m_PlayEffect(IntPtr)
XLua.CSObjectWrap.FunPlusWorldXEntitiesEntityWrap:_em_PlayEffect(IntPtr)
XLua.LuaFunction:Action(T1, T2, T3, T4, T5, T6, T7)
FunPlus.WorldX.Manager.LuaManager:CommonUpdate()
FunPlus.WorldX.AppFacade:UpdateAllManager()

[ line -1504782312]

[1562.0082][Log]|[lua][info][2026-09-17 02:56:37.394149]	[info]	[PHONESTCORE_HOOK]	[0x28edd7b7a40 connect to http://priv-platform-yimoo-api.funplus.com:443/api/game/red-dot]	[HttpClient.cpp:38(phonestcore::HttpClient::connect)]
FunPlus.WorldX.Utils.GameLog:SimpleLog(LogType, IntPtr, Int32)
FunPlus.WorldX.Utils.LuaUtils:LogForLua(Int32, IntPtr, Int32)
XLua.CSObjectWrap.FunPlusWorldXUtilsLuaUtilsWrap:_m_LogForLua_xlua_st_(IntPtr)
XLua.LuaFunction:Action(T1, T2, T3, T4, T5, T6, T7)
FunPlus.WorldX.Manager.LuaManager:CommonUpdate()
FunPlus.WorldX.AppFacade:UpdateAllManager()

[1562.0084][Log]|[lua][info][2026-09-17 02:56:37.394710]	[info]	[PHONESTCORE_HOOK]	[0x28edd7b7710 connect to http://announcement-web.funplus.com:443/api/announce/list]	[HttpClient.cpp:38(phonestcore::HttpClient::connect)]
FunPlus.WorldX.Utils.GameLog:SimpleLog(LogType, IntPtr, Int32)
FunPlus.WorldX.Utils.LuaUtils:LogForLua(Int32, IntPtr, Int32)
XLua.CSObjectWrap.FunPlusWorldXUtilsLuaUtilsWrap:_m_LogForLua_xlua_st_(IntPtr)
XLua.LuaFunction:Action(T1, T2, T3, T4, T5, T6, T7)
FunPlus.WorldX.Manager.LuaManager:CommonUpdate()
FunPlus.WorldX.AppFacade:UpdateAllManager()

The referenced script on this Behaviour (Game Object '<null>') is missing!
Can't add 'SkinnedMeshBatch' to M_Parmon_10371_Body02 because a 'SkinnedMeshBatch' is already added to the game object!
UnityEngine.GameObject:AddComponent()
XRender.Pipeline.Modules.SkinnedMeshCombine.SkinnedMeshBufferMgr:AddSkinnedComponent(SkinnedMeshRenderer)
FunPlus.WorldX.Model.PrefabLoadTask:Destroy()
FunPlus.WorldX.Model.PhysiqueModel:DestroyModel()
FunPlus.WorldX.Model.ModelView:DestroyAllModel(Boolean)
FunPlus.WorldX.Model.ModelView:Destroy()
FunPlus.WorldX.Entities.Components.ModelComponent:Destroy()
FunPlus.WorldX.Entities.EntityBase:DelAllComponent()
FunPlus.WorldX.Entities.EntityBase:OnDestroy()
FunPlus.WorldX.Manager.EntityManager:DestroyEModel(Entity)
XLua.CSObjectWrap.FunPlusWorldXManagerEntityManagerWrap:_m_DestroyEModel(IntPtr)
XLua.LuaFunction:Func(T1, T2)
FunPlus.WorldX.Cutscene.CutsceneItem:CmdLua(String, Object[])
FunPlus.WorldX.Cutscene.CutsceneRoot:DestroyAssets()
FunPlus.WorldX.Cutscene.CutsceneInitializer:Dispose()
XLua.CSObjectWrap.FunPlusWorldXManagerCutsceneManagerWrap:_m_DestroyCutscene(IntPtr)
XLua.LuaFunction:Action(T1, T2, T3, T4, T5, T6, T7)
FunPlus.WorldX.Manager.LuaManager:CommonUpdate()
FunPlus.WorldX.AppFacade:UpdateAllManager()

[ line -1504784648]

[1573.4599][Log]|[lua][info][2026-09-17 02:56:48.847243]	[info]	[PHONESTCORE_HOOK]	[clearSpace is_destroy:true id:100-202000114279-3000 actor count:0]	[Space.cpp:30(logic::Space::clearSpace)]
FunPlus.WorldX.Utils.GameLog:SimpleLog(LogType, IntPtr, Int32)
FunPlus.WorldX.Utils.LuaUtils:LogForLua(Int32, IntPtr, Int32)
XLua.CSObjectWrap.FunPlusWorldXUtilsLuaUtilsWrap:_m_LogForLua_xlua_st_(IntPtr)
XLua.LuaFunction:Action(T1, T2, T3, T4, T5, T6, T7)
FunPlus.WorldX.Manager.LuaManager:CommonUpdate()
FunPlus.WorldX.AppFacade:UpdateAllManager()

[1573.6450][Log]|[lua][info][2026-09-17 02:56:49.035169]	[info]	[PHONESTCORE_HOOK]	[client 0x28ed1306f00 stop]	[Client.hpp:41(phonestcore::Client::stop)]
FunPlus.WorldX.Utils.GameLog:SimpleLog(LogType, IntPtr, Int32)
FunPlus.WorldX.Utils.LuaUtils:LogForLua(Int32, IntPtr, Int32)
XLua.CSObjectWrap.FunPlusWorldXUtilsLuaUtilsWrap:_m_LogForLua_xlua_st_(IntPtr)
XLua.LuaFunction:Action(T1, T2, T3, T4, T5, T6, T7)
FunPlus.WorldX.Manager.LuaManager:CommonUpdate()
FunPlus.WorldX.AppFacade:UpdateAllManager()

[1573.6452][Warn]|[lua][warning][2026-09-17 02:56:49.035343]	[warning]	[PHONESTCORE_HOOK]	[0x28da0444920 onRead error The I/O operation has been aborted because of either a thread exit or an application request]	[TcpConnection.cpp:56(phonestcore::TcpConnection::onRead)]
FunPlus.WorldX.Utils.GameLog:SimpleLog(LogType, IntPtr, Int32)
FunPlus.WorldX.Utils.LuaUtils:LogForLua(Int32, IntPtr, Int32)
XLua.CSObjectWrap.FunPlusWorldXUtilsLuaUtilsWrap:_m_LogForLua_xlua_st_(IntPtr)
XLua.LuaFunction:Action(T1, T2, T3, T4, T5, T6, T7)
FunPlus.WorldX.Manager.LuaManager:CommonUpdate()
FunPlus.WorldX.AppFacade:UpdateAllManager()

[1573.6453][Log]|[lua][info][2026-09-17 02:56:49.035367]	[info]	[PHONESTCORE_HOOK]	[client 0x28ecfef6cd0 connect to eu-prod-line-2002.worldx-gate.kingsgroupgames.com 20000]	[Client.hpp:26(phonestcore::Client::connect)]
FunPlus.WorldX.Utils.GameLog:SimpleLog(LogType, IntPtr, Int32)
FunPlus.WorldX.Utils.LuaUtils:LogForLua(Int32, IntPtr, Int32)
XLua.CSObjectWrap.FunPlusWorldXUtilsLuaUtilsWrap:_m_LogForLua_xlua_st_(IntPtr)
XLua.LuaFunction:Action(T1, T2, T3, T4, T5, T6, T7)
FunPlus.WorldX.Manager.LuaManager:CommonUpdate()
FunPlus.WorldX.AppFacade:UpdateAllManager()

[1573.6835][Log]|[lua][info][2026-09-17 02:56:49.069151]	[info]	[PHONESTCORE_HOOK]	[TcpClient(0x28ecfef6cd0) onResolve ok, endpointCount=2, firstEndpoint=47.245.171.220:20000, family=IPv4]	[TcpClient.cpp:74(phonestcore::TcpClient::onResolve)]
FunPlus.WorldX.Utils.GameLog:SimpleLog(LogType, IntPtr, Int32)
FunPlus.WorldX.Utils.LuaUtils:LogForLua(Int32, IntPtr, Int32)
XLua.CSObjectWrap.FunPlusWorldXUtilsLuaUtilsWrap:_m_LogForLua_xlua_st_(IntPtr)
XLua.LuaFunction:Action(T1, T2, T3, T4, T5, T6, T7)
FunPlus.WorldX.Manager.LuaManager:CommonUpdate()
FunPlus.WorldX.AppFacade:UpdateAllManager()

[1573.6837][Log]|[lua][info][2026-09-17 02:56:49.069197]	[info]	[PHONESTCORE_HOOK]	[TcpClient(0x28ecfef6cd0) tryConnect endpoint=47.245.171.220:20000 family=IPv4]	[TcpClient.cpp:119(phonestcore::TcpClient::tryConnect)]
FunPlus.WorldX.Utils.GameLog:SimpleLog(LogType, IntPtr, Int32)
FunPlus.WorldX.Utils.LuaUtils:LogForLua(Int32, IntPtr, Int32)
XLua.CSObjectWrap.FunPlusWorldXUtilsLuaUtilsWrap:_m_LogForLua_xlua_st_(IntPtr)
XLua.LuaFunction:Action(T1, T2, T3, T4, T5, T6, T7)
FunPlus.WorldX.Manager.LuaManager:CommonUpdate()
FunPlus.WorldX.AppFacade:UpdateAllManager()

[1573.6992][Log]|[lua][info][2026-09-17 02:56:49.086160]	[info]	[PHONESTCORE_HOOK]	[LuaClient(0x28edd6c5e70)::connectCallback status true]	[LuaClient.h:75(phonestcore::LuaClient::connect::<lambda_ffd3430e67ee12999344db9951a5eac4>::operator ())]
FunPlus.WorldX.Utils.GameLog:SimpleLog(LogType, IntPtr, Int32)
FunPlus.WorldX.Utils.LuaUtils:LogForLua(Int32, IntPtr, Int32)
XLua.CSObjectWrap.FunPlusWorldXUtilsLuaUtilsWrap:_m_LogForLua_xlua_st_(IntPtr)
XLua.LuaFunction:Action(T1, T2, T3, T4, T5, T6, T7)
FunPlus.WorldX.Manager.LuaManager:CommonUpdate()
FunPlus.WorldX.AppFacade:UpdateAllManager()

[1574.2787][Log]|[lua][info][2026-09-17 02:56:49.639964]	[info]	[PHONESTCORE_HOOK]	[Actor::setIsMainPlayerActor: true, actor_id: 169864]	[ActorC.h:75(logic::ActorC::setIsMainPlayerActor)]
FunPlus.WorldX.Utils.GameLog:SimpleLog(LogType, IntPtr, Int32)
FunPlus.WorldX.Utils.LuaUtils:LogForLua(Int32, IntPtr, Int32)
XLua.CSObjectWrap.FunPlusWorldXUtilsLuaUtilsWrap:_m_LogForLua_xlua_st_(IntPtr)
XLua.LuaFunction:Action(T1, T2, T3, T4, T5, T6, T7)
FunPlus.WorldX.Manager.LuaManager:CommonUpdate()
FunPlus.WorldX.AppFacade:UpdateAllManager()

[1574.2788][Log]|[lua][info][2026-09-17 02:56:49.655457]	[info]	[PHONESTCORE_HOOK]	[createVoxelScene new>>>id:aqoixl3AST_iUyq1 0x28d4c219280	ref:1]	[SpaceManagerC.cpp:78(logic::SpaceManagerC::createVoxelScene)]
FunPlus.WorldX.Utils.GameLog:SimpleLog(LogType, IntPtr, Int32)
FunPlus.WorldX.Utils.LuaUtils:LogForLua(Int32, IntPtr, Int32)
XLua.CSObjectWrap.FunPlusWorldXUtilsLuaUtilsWrap:_m_LogForLua_xlua_st_(IntPtr)
XLua.LuaFunction:Action(T1, T2, T3, T4, T5, T6, T7)
FunPlus.WorldX.Manager.LuaManager:CommonUpdate()
FunPlus.WorldX.AppFacade:UpdateAllManager()

[1574.3945][Error]|[lua][error][CustomDict]	IntIntMap init property skipped, key declare maybe deleted	[[init]     ...p4dir\client\LuaScripts\Core\PropertySync\CustomDict.lua:295]
FunPlus.WorldX.Utils.GameLog:SimpleLog(LogType, IntPtr, Int32)
FunPlus.WorldX.Utils.LuaUtils:LogForLua(Int32, IntPtr, Int32)
XLua.CSObjectWrap.FunPlusWorldXUtilsLuaUtilsWrap:_m_LogForLua_xlua_st_(IntPtr)
XLua.LuaFunction:Action(T1, T2, T3, T4, T5, T6, T7)
FunPlus.WorldX.Manager.LuaManager:CommonUpdate()
FunPlus.WorldX.AppFacade:UpdateAllManager()

[1574.3960][Error]|[lua][error][CustomDict]	IntIntMap init property skipped, key declare maybe deleted	[[init]     ...p4dir\client\LuaScripts\Core\PropertySync\CustomDict.lua:295]
FunPlus.WorldX.Utils.GameLog:SimpleLog(LogType, IntPtr, Int32)
FunPlus.WorldX.Utils.LuaUtils:LogForLua(Int32, IntPtr, Int32)
XLua.CSObjectWrap.FunPlusWorldXUtilsLuaUtilsWrap:_m_LogForLua_xlua_st_(IntPtr)
XLua.LuaFunction:Action(T1, T2, T3, T4, T5, T6, T7)
FunPlus.WorldX.Manager.LuaManager:CommonUpdate()
FunPlus.WorldX.AppFacade:UpdateAllManager()

[1574.3973][Error]|[lua][error][CustomDict]	IntIntMap init property skipped, key declare maybe deleted	[[init]     ...p4dir\client\LuaScripts\Core\PropertySync\CustomDict.lua:295]
FunPlus.WorldX.Utils.GameLog:SimpleLog(LogType, IntPtr, Int32)
FunPlus.WorldX.Utils.LuaUtils:LogForLua(Int32, IntPtr, Int32)
XLua.CSObjectWrap.FunPlusWorldXUtilsLuaUtilsWrap:_m_LogForLua_xlua_st_(IntPtr)
XLua.LuaFunction:Action(T1, T2, T3, T4, T5, T6, T7)
FunPlus.WorldX.Manager.LuaManager:CommonUpdate()
FunPlus.WorldX.AppFacade:UpdateAllManager()

[1574.3983][Error]|[lua][error][CustomDict]	IntIntMap init property skipped, key declare maybe deleted	[[init]     ...p4dir\client\LuaScripts\Core\PropertySync\CustomDict.lua:295]
FunPlus.WorldX.Utils.GameLog:SimpleLog(LogType, IntPtr, Int32)
FunPlus.WorldX.Utils.LuaUtils:LogForLua(Int32, IntPtr, Int32)
XLua.CSObjectWrap.FunPlusWorldXUtilsLuaUtilsWrap:_m_LogForLua_xlua_st_(IntPtr)
XLua.LuaFunction:Action(T1, T2, T3, T4, T5, T6, T7)
FunPlus.WorldX.Manager.LuaManager:CommonUpdate()
FunPlus.WorldX.AppFacade:UpdateAllManager()

[1574.3994][Error]|[lua][error][CustomDict]	IntIntMap init property skipped, key declare maybe deleted	[[init]     ...p4dir\client\LuaScripts\Core\PropertySync\CustomDict.lua:295]
FunPlus.WorldX.Utils.GameLog:SimpleLog(LogType, IntPtr, Int32)
FunPlus.WorldX.Utils.LuaUtils:LogForLua(Int32, IntPtr, Int32)
XLua.CSObjectWrap.FunPlusWorldXUtilsLuaUtilsWrap:_m_LogForLua_xlua_st_(IntPtr)
XLua.LuaFunction:Action(T1, T2, T3, T4, T5, T6, T7)
FunPlus.WorldX.Manager.LuaManager:CommonUpdate()
FunPlus.WorldX.AppFacade:UpdateAllManager()

[1574.9170][Error]|[lua][error][CustomDict]	IntIntMap init property skipped, key declare maybe deleted	[[init]     ...p4dir\client\LuaScripts\Core\PropertySync\CustomDict.lua:295]
FunPlus.WorldX.Utils.GameLog:SimpleLog(LogType, IntPtr, Int32)
FunPlus.WorldX.Utils.LuaUtils:LogForLua(Int32, IntPtr, Int32)
XLua.CSObjectWrap.FunPlusWorldXUtilsLuaUtilsWrap:_m_LogForLua_xlua_st_(IntPtr)
XLua.LuaFunction:Action(T1, T2, T3, T4, T5, T6, T7)
FunPlus.WorldX.Manager.LuaManager:CommonUpdate()
FunPlus.WorldX.AppFacade:UpdateAllManager()

The referenced script on this Behaviour (Game Object '<null>') is missing!
The referenced script on this Behaviour (Game Object '<null>') is missing!
The referenced script on this Behaviour (Game Object '<null>') is missing!
The referenced script on this Behaviour (Game Object '<null>') is missing!
The referenced script on this Behaviour (Game Object '<null>') is missing!
[1575.6452][Error]|@sxy 未查询到bindPose矩阵，bone:Bone R Hair Catgirl E 02 的父骨骼：Bone R Hair Catgirl E 01
UnityEngine.Logger:Log(LogType, Object)
UnityEngine.Debug:LogError(Object)
FunPlus.WorldX.Avatar.AvatarUtils:ApplyHairSkeleton(Dictionary`2, RendererInfoBase, Animator, AvatarHairReaction, AvatarHairReactionData)
FunPlus.WorldX.Model.SkeletonView:RefreshHairSkeleton(AvatarHairRuntimeData, Dictionary`2, RendererInfoBase)
FunPlus.WorldX.Model.AvatarPartModel:ProcessRuntimeData(ModelView)
FunPlus.WorldX.Model.AvatarPartModel:ProcessAllModel()
FunPlus.WorldX.Model.PrefabLoadTask:OnAssetLoaded(Object, Object)
FunPlus.WorldX.ResourceManager.Runtime.GoInstanceTask:RunCallBackProtected(Action`2, GameObject, Object)
FunPlus.WorldX.ResourceManager.Runtime.GoInstanceTask:ExcuteInstanceCallback(GameObject)
FunPlus.WorldX.ResourceManager.Runtime.GoInstanceTask:WrapperInstanceCallBack(Object, Object)
FunPlus.WorldX.ResourceManager.Runtime.Task:InstantiateAsyncCallback(AsyncOperation)
UnityEngine.AsyncOperation:InvokeCompletionEvent()

[1575.6456][Error]|@sxy 未查询到bindPose矩阵，bone:Bone L Hair Catgirl E 02 的父骨骼：Bone L Hair Catgirl E 01
UnityEngine.Logger:Log(LogType, Object)
UnityEngine.Debug:LogError(Object)
FunPlus.WorldX.Avatar.AvatarUtils:ApplyHairSkeleton(Dictionary`2, RendererInfoBase, Animator, AvatarHairReaction, AvatarHairReactionData)
FunPlus.WorldX.Model.SkeletonView:RefreshHairSkeleton(AvatarHairRuntimeData, Dictionary`2, RendererInfoBase)
FunPlus.WorldX.Model.AvatarPartModel:ProcessRuntimeData(ModelView)
FunPlus.WorldX.Model.AvatarPartModel:ProcessAllModel()
FunPlus.WorldX.Model.PrefabLoadTask:OnAssetLoaded(Object, Object)
FunPlus.WorldX.ResourceManager.Runtime.GoInstanceTask:RunCallBackProtected(Action`2, GameObject, Object)
FunPlus.WorldX.ResourceManager.Runtime.GoInstanceTask:ExcuteInstanceCallback(GameObject)
FunPlus.WorldX.ResourceManager.Runtime.GoInstanceTask:WrapperInstanceCallBack(Object, Object)
FunPlus.WorldX.ResourceManager.Runtime.Task:InstantiateAsyncCallback(AsyncOperation)
UnityEngine.AsyncOperation:InvokeCompletionEvent()

[1575.6457][Error]|@sxy 未查询到bindPose矩阵，bone:Bone R Hair Catgirl A 02 的父骨骼：Bone R Hair Catgirl A 01
UnityEngine.Logger:Log(LogType, Object)
UnityEngine.Debug:LogError(Object)
FunPlus.WorldX.Avatar.AvatarUtils:ApplyHairSkeleton(Dictionary`2, RendererInfoBase, Animator, AvatarHairReaction, AvatarHairReactionData)
FunPlus.WorldX.Model.SkeletonView:RefreshHairSkeleton(AvatarHairRuntimeData, Dictionary`2, RendererInfoBase)
FunPlus.WorldX.Model.AvatarPartModel:ProcessRuntimeData(ModelView)
FunPlus.WorldX.Model.AvatarPartModel:ProcessAllModel()
FunPlus.WorldX.Model.PrefabLoadTask:OnAssetLoaded(Object, Object)
FunPlus.WorldX.ResourceManager.Runtime.GoInstanceTask:RunCallBackProtected(Action`2, GameObject, Object)
FunPlus.WorldX.ResourceManager.Runtime.GoInstanceTask:ExcuteInstanceCallback(GameObject)
FunPlus.WorldX.ResourceManager.Runtime.GoInstanceTask:WrapperInstanceCallBack(Object, Object)
FunPlus.WorldX.ResourceManager.Runtime.Task:InstantiateAsyncCallback(AsyncOperation)
UnityEngine.AsyncOperation:InvokeCompletionEvent()

Can't add 'SkinnedMeshBatch' to M_Parmon_10371_Body02 because a 'SkinnedMeshBatch' is already added to the game object!
UnityEngine.GameObject:AddComponent()
XRender.Pipeline.Modules.SkinnedMeshCombine.SkinnedMeshBufferMgr:AddSkinnedComponent(SkinnedMeshRenderer)

[ line -1504780888]

[1575.7658][Exception]|ParamTableApplyException: Exception of type 'XRender.Pipeline.ParamTableApplyException' was thrown.
  at XRender.Pipeline.Modules.AvatarDecal.__Proxy_576115381.__ApplyToCommandComputeShaderParam (XRender.RenderGraph.XRenderGraphContext ctx, UnityEngine.ComputeShader cs, System.Int32 kernel) [0x00000] in <00000000000000000000000000000000>:0 
  at XRender.Pipeline.Modules.AvatarDecal.RenderPassModuleAvatarDecalCombine+<>c.<CombineAvatarDecal>b__18_0 (XRender.Pipeline.Modules.AvatarDecal.RenderPassModuleAvatarDecalCombine+CombineDecalPassData data, XRender.RenderGraph.XRenderGraphContext ctx) [0x00000] in <00000000000000000000000000000000>:0 
  at XRender.RenderGraph.RenderGraphRegistry.ExecutePass (XRender.RenderGraph.RenderPassBase pass, XRender.RenderGraph.XRenderGraphContext context, XRender.RenderGraph.XRenderGraph+Config config) [0x00000] in <00000000000000000000000000000000>:0 
  at XRender.RenderGraph.RenderGraphRegistry.Execute (XRender.RenderGraph.RenderPassBase[] passes, System.Int32 passCount, XRender.RenderGraph.XRenderGraphContext context, XRender.RenderGraph.XRenderGraph+Config config) [0x00000] in <00000000000000000000000000000000>:0 
  at XRender.RenderGraph.XRenderGraph.AssembleAndExecute (UnityEngine.Rendering.ScriptableRenderContext context, UnityEngine.Rendering.CommandBuffer2 cmd, System.Int32 index, XRender.Pipeline.XRenderRequest request) [0x00000] in <00000000000000000000000000000000>:0 
  at XRender.Pipeline.XRenderPipeline.ExecuteRenderRequest (UnityEngine.Rendering.ScriptableRenderContext context, UnityEngine.Rendering.CommandBuffer2 command, XRender.Pipeline.XRenderRequest request, XRender.Pipeline.XRenderRequest uiRequest) [0x00000] in <00000000000000000000000000000000>:0 
  at XRender.Pipeline.XRenderPipeline.Render (UnityEngine.Rendering.ScriptableRenderContext context, System.Collections.Generic.List`1[T] cameras) [0x00000] in <00000000000000000000000000000000>:0 
  at UnityEngine.Rendering.RenderPipelineManager.DoRenderLoop_Internal (UnityEngine.Rendering.RenderPipelineAsset pipe, System.IntPtr loopPtr, UnityEngine.Object renderRequest) [0x00000] in <00000000000000000000000000000000>:0 
Rethrow as RenderGraphException: Pass Execute XRender.RenderGraph.RenderPass`1[XRender.Pipeline.Modules.AvatarDecal.RenderPassModuleAvatarDecalCombine+CombineDecalPassData] throw exception
  at XRender.RenderGraph.RenderGraphRegistry.ExecutePass (XRender.RenderGraph.RenderPassBase pass, XRender.RenderGraph.XRenderGraphContext context, XRender.RenderGraph.XRenderGraph+Config config) [0x00000] in <00000000000000000000000000000000>:0 
  at XRender.RenderGraph.RenderGraphRegistry.Execute (XRender.RenderGraph.RenderPassBase[] passes, System.Int32 passCount, XRender.RenderGraph.XRenderGraphContext context, XRender.RenderGraph.XRenderGraph+Config config) [0x00000] in <00000000000000000000000000000000>:0 
  at XRender.RenderGraph.XRenderGraph.AssembleAndExecute (UnityEngine.Rendering.ScriptableRenderContext context, UnityEngine.Rendering.CommandBuffer2 cmd, System.Int32 index, XRender.Pipeline.XRenderRequest request) [0x00000] in <00000000000000000000000000000000>:0 
  at XRender.Pipeline.XRenderPipeline.ExecuteRenderRequest (UnityEngine.Rendering.ScriptableRenderContext context, UnityEngine.Rendering.CommandBuffer2 command, XRender.Pipeline.XRenderRequest request, XRender.Pipeline.XRenderRequest uiRequest) [0x00000] in <00000000000000000000000000000000>:0 
  at XRender.Pipeline.XRenderPipeline.Render (UnityEngine.Rendering.ScriptableRenderContext context, System.Collections.Generic.List`1[T] cameras) [0x00000] in <00000000000000000000000000000000>:0 
  at UnityEngine.Rendering.RenderPipelineManager.DoRenderLoop_Internal (UnityEngine.Rendering.RenderPipelineAsset pipe, System.IntPtr loopPtr, UnityEngine.Object renderRequest) [0x00000] in <00000000000000000000000000000000>:0 
UnityEngine.Logger:LogException(Exception, Object)
UnityEngine.Debug:LogException(Exception)
XRender.RenderGraph.XRenderGraph:AssembleAndExecute(ScriptableRenderContext, CommandBuffer2, Int32, XRenderRequest)
XRender.Pipeline.XRenderPipeline:ExecuteRenderRequest(ScriptableRenderContext, CommandBuffer2, XRenderRequest, XRenderRequest)
XRender.Pipeline.XRenderPipeline:Render(ScriptableRenderContext, List`1)
UnityEngine.Rendering.RenderPipelineManager:DoRenderLoop_Internal(RenderPipelineAsset, IntPtr, Object)

Unloading 2 Unused Serialized files (Serialized files now loaded: 1049)
Unloading 48720 unused Assets to reduce memory usage. Loaded Objects now: 162750.
Total: 122.866700 ms (FindLiveObjects: 9.910300 ms CreateObjectMapping: 8.845300 ms MarkObjects: 72.944100 ms  DeleteObjects: 31.166700 ms)

[1596.0185][Error]|[lua][error][CustomDict]	IntIntMap init property skipped, key declare maybe deleted	[[init]     ...p4dir\client\LuaScripts\Core\PropertySync\CustomDict.lua:295]
FunPlus.WorldX.Utils.GameLog:SimpleLog(LogType, IntPtr, Int32)
FunPlus.WorldX.Utils.LuaUtils:LogForLua(Int32, IntPtr, Int32)
XLua.CSObjectWrap.FunPlusWorldXUtilsLuaUtilsWrap:_m_LogForLua_xlua_st_(IntPtr)
XLua.LuaFunction:Action(T1, T2, T3, T4, T5, T6, T7)
FunPlus.WorldX.Manager.LuaManager:CommonUpdate()
FunPlus.WorldX.AppFacade:UpdateAllManager()

[1596.3301][Error]|[lua][error][CustomDict]	IntIntMap init property skipped, key declare maybe deleted	[[init]     ...p4dir\client\LuaScripts\Core\PropertySync\CustomDict.lua:295]
FunPlus.WorldX.Utils.GameLog:SimpleLog(LogType, IntPtr, Int32)
FunPlus.WorldX.Utils.LuaUtils:LogForLua(Int32, IntPtr, Int32)
XLua.CSObjectWrap.FunPlusWorldXUtilsLuaUtilsWrap:_m_LogForLua_xlua_st_(IntPtr)
XLua.LuaFunction:Action(T1, T2, T3, T4, T5, T6, T7)
FunPlus.WorldX.Manager.LuaManager:CommonUpdate()
FunPlus.WorldX.AppFacade:UpdateAllManager()

[1596.4767][Error]|@sxy 未查询到bindPose矩阵，bone:Bone R Hair Catgirl E 02 的父骨骼：Bone R Hair Catgirl E 01
UnityEngine.Logger:Log(LogType, Object)
UnityEngine.Debug:LogError(Object)
FunPlus.WorldX.Avatar.AvatarUtils:ApplyHairSkeleton(Dictionary`2, RendererInfoBase, Animator, AvatarHairReaction, AvatarHairReactionData)
FunPlus.WorldX.Model.SkeletonView:RefreshHairSkeleton(AvatarHairRuntimeData, Dictionary`2, RendererInfoBase)
FunPlus.WorldX.Model.AvatarPartModel:ProcessRuntimeData(ModelView)
FunPlus.WorldX.Model.AvatarPartModel:ProcessAllModel()
FunPlus.WorldX.Model.PrefabLoadTask:OnAssetLoaded(Object, Object)
FunPlus.WorldX.ResourceManager.Runtime.GoInstanceTask:RunCallBackProtected(Action`2, GameObject, Object)
FunPlus.WorldX.ResourceManager.Runtime.GoInstanceTask:ExcuteInstanceCallback(GameObject)
FunPlus.WorldX.ResourceManager.Runtime.GoInstanceTask:WrapperInstanceCallBack(Object, Object)
FunPlus.WorldX.ResourceManager.Runtime.Task:InstantiateAsyncCallback(AsyncOperation)
UnityEngine.AsyncOperation:InvokeCompletionEvent()

[1596.4770][Error]|@sxy 未查询到bindPose矩阵，bone:Bone L Hair Catgirl E 02 的父骨骼：Bone L Hair Catgirl E 01
UnityEngine.Logger:Log(LogType, Object)
UnityEngine.Debug:LogError(Object)
FunPlus.WorldX.Avatar.AvatarUtils:ApplyHairSkeleton(Dictionary`2, RendererInfoBase, Animator, AvatarHairReaction, AvatarHairReactionData)
FunPlus.WorldX.Model.SkeletonView:RefreshHairSkeleton(AvatarHairRuntimeData, Dictionary`2, RendererInfoBase)
FunPlus.WorldX.Model.AvatarPartModel:ProcessRuntimeData(ModelView)
FunPlus.WorldX.Model.AvatarPartModel:ProcessAllModel()
FunPlus.WorldX.Model.PrefabLoadTask:OnAssetLoaded(Object, Object)
FunPlus.WorldX.ResourceManager.Runtime.GoInstanceTask:RunCallBackProtected(Action`2, GameObject, Object)
FunPlus.WorldX.ResourceManager.Runtime.GoInstanceTask:ExcuteInstanceCallback(GameObject)
FunPlus.WorldX.ResourceManager.Runtime.GoInstanceTask:WrapperInstanceCallBack(Object, Object)
FunPlus.WorldX.ResourceManager.Runtime.Task:InstantiateAsyncCallback(AsyncOperation)
UnityEngine.AsyncOperation:InvokeCompletionEvent()

[1596.4772][Error]|@sxy 未查询到bindPose矩阵，bone:Bone R Hair Catgirl A 02 的父骨骼：Bone R Hair Catgirl A 01
UnityEngine.Logger:Log(LogType, Object)
UnityEngine.Debug:LogError(Object)
FunPlus.WorldX.Avatar.AvatarUtils:ApplyHairSkeleton(Dictionary`2, RendererInfoBase, Animator, AvatarHairReaction, AvatarHairReactionData)
FunPlus.WorldX.Model.SkeletonView:RefreshHairSkeleton(AvatarHairRuntimeData, Dictionary`2, RendererInfoBase)
FunPlus.WorldX.Model.AvatarPartModel:ProcessRuntimeData(ModelView)
FunPlus.WorldX.Model.AvatarPartModel:ProcessAllModel()
FunPlus.WorldX.Model.PrefabLoadTask:OnAssetLoaded(Object, Object)
FunPlus.WorldX.ResourceManager.Runtime.GoInstanceTask:RunCallBackProtected(Action`2, GameObject, Object)
FunPlus.WorldX.ResourceManager.Runtime.GoInstanceTask:ExcuteInstanceCallback(GameObject)
FunPlus.WorldX.ResourceManager.Runtime.GoInstanceTask:WrapperInstanceCallBack(Object, Object)
FunPlus.WorldX.ResourceManager.Runtime.Task:InstantiateAsyncCallback(AsyncOperation)
UnityEngine.AsyncOperation:InvokeCompletionEvent()

The referenced script on this Behaviour (Game Object '<null>') is missing!
[1618.2372][Error]|[lua][error][CustomDict]	IntIntMap init property skipped, key declare maybe deleted	[[init]     ...p4dir\client\LuaScripts\Core\PropertySync\CustomDict.lua:295]
FunPlus.WorldX.Utils.GameLog:SimpleLog(LogType, IntPtr, Int32)
FunPlus.WorldX.Utils.LuaUtils:LogForLua(Int32, IntPtr, Int32)
XLua.CSObjectWrap.FunPlusWorldXUtilsLuaUtilsWrap:_m_LogForLua_xlua_st_(IntPtr)
XLua.LuaFunction:Action(T1, T2, T3, T4, T5, T6, T7)
FunPlus.WorldX.Manager.LuaManager:CommonUpdate()
FunPlus.WorldX.AppFacade:UpdateAllManager()

[1633.7335][Error]|[lua][error][CustomDict]	IntIntMap init property skipped, key declare maybe deleted	[[init]     ...p4dir\client\LuaScripts\Core\PropertySync\CustomDict.lua:295]
FunPlus.WorldX.Utils.GameLog:SimpleLog(LogType, IntPtr, Int32)
FunPlus.WorldX.Utils.LuaUtils:LogForLua(Int32, IntPtr, Int32)
XLua.CSObjectWrap.FunPlusWorldXUtilsLuaUtilsWrap:_m_LogForLua_xlua_st_(IntPtr)
XLua.LuaFunction:Action(T1, T2, T3, T4, T5, T6, T7)
FunPlus.WorldX.Manager.LuaManager:CommonUpdate()
FunPlus.WorldX.AppFacade:UpdateAllManager()

[1633.8034][Error]|[lua][error][CustomDict]	IntIntMap init property skipped, key declare maybe deleted	[[init]     ...p4dir\client\LuaScripts\Core\PropertySync\CustomDict.lua:295]
FunPlus.WorldX.Utils.GameLog:SimpleLog(LogType, IntPtr, Int32)
FunPlus.WorldX.Utils.LuaUtils:LogForLua(Int32, IntPtr, Int32)
XLua.CSObjectWrap.FunPlusWorldXUtilsLuaUtilsWrap:_m_LogForLua_xlua_st_(IntPtr)
XLua.LuaFunction:Action(T1, T2, T3, T4, T5, T6, T7)
FunPlus.WorldX.Manager.LuaManager:CommonUpdate()
FunPlus.WorldX.AppFacade:UpdateAllManager()

[1636.3096][Log]|[lua][info][2026-09-17 02:57:51.696387]	[info]	[PHONESTCORE_HOOK]	[0x28ee50e06b0 connect to http://priv-platform-yimoo-api.funplus.com:443/api/game/red-dot]	[HttpClient.cpp:38(phonestcore::HttpClient::connect)]
FunPlus.WorldX.Utils.GameLog:SimpleLog(LogType, IntPtr, Int32)
FunPlus.WorldX.Utils.LuaUtils:LogForLua(Int32, IntPtr, Int32)
XLua.CSObjectWrap.FunPlusWorldXUtilsLuaUtilsWrap:_m_LogForLua_xlua_st_(IntPtr)
XLua.LuaFunction:Action(T1, T2, T3, T4, T5, T6, T7)
FunPlus.WorldX.Manager.LuaManager:CommonUpdate()
FunPlus.WorldX.AppFacade:UpdateAllManager()

[1636.3097][Log]|[lua][info][2026-09-17 02:57:51.696772]	[info]	[PHONESTCORE_HOOK]	[0x28ee50e0380 connect to http://announcement-web.funplus.com:443/api/announce/list]	[HttpClient.cpp:38(phonestcore::HttpClient::connect)]
FunPlus.WorldX.Utils.GameLog:SimpleLog(LogType, IntPtr, Int32)
FunPlus.WorldX.Utils.LuaUtils:LogForLua(Int32, IntPtr, Int32)
XLua.CSObjectWrap.FunPlusWorldXUtilsLuaUtilsWrap:_m_LogForLua_xlua_st_(IntPtr)
XLua.LuaFunction:Action(T1, T2, T3, T4, T5, T6, T7)
FunPlus.WorldX.Manager.LuaManager:CommonUpdate()
FunPlus.WorldX.AppFacade:UpdateAllManager()

The referenced script on this Behaviour (Game Object '<null>') is missing!
The referenced script on this Behaviour (Game Object '<null>') is missing!
[1692.4855][Log]|[lua][info][2026-09-17 02:58:47.875916]	[info]	[PHONESTCORE_HOOK]	[0x28ed8456bd0 connect to http://worldx-global-assets.oss-us-east-1.aliyuncs.com:443/eu/prod/ClientInfo/202000114279_client_info_bin?x-oss-credential=LTAI5tS3b81GXuYfXYtgJZ7J%2F20260917%2Fus-east-1%2Foss%2Faliyun_v4_request&x-oss-date=20260917T005848Z&x-oss-expires=300&x-oss-signature=dac8b2f22b57af389e28f13b191eab5e28cde637be9eaa822a5591de551b1f2e&x-oss-signature-version=OSS4-HMAC-SHA256]	[HttpClient.cpp:38(phonestcore::HttpClient::connect)]
FunPlus.WorldX.Utils.GameLog:SimpleLog(LogType, IntPtr, Int32)
FunPlus.WorldX.Utils.LuaUtils:LogForLua(Int32, IntPtr, Int32)
XLua.CSObjectWrap.FunPlusWorldXUtilsLuaUtilsWrap:_m_LogForLua_xlua_st_(IntPtr)
XLua.LuaFunction:Action(T1, T2, T3, T4, T5, T6, T7)
FunPlus.WorldX.Manager.LuaManager:CommonUpdate()
FunPlus.WorldX.AppFacade:UpdateAllManager()

[1695.9324][Error]|[lua][error][CustomDict]	IntIntMap init property skipped, key declare maybe deleted	[[init]     ...p4dir\client\LuaScripts\Core\PropertySync\CustomDict.lua:295]
FunPlus.WorldX.Utils.GameLog:SimpleLog(LogType, IntPtr, Int32)
FunPlus.WorldX.Utils.LuaUtils:LogForLua(Int32, IntPtr, Int32)
XLua.CSObjectWrap.FunPlusWorldXUtilsLuaUtilsWrap:_m_LogForLua_xlua_st_(IntPtr)
XLua.LuaFunction:Action(T1, T2, T3, T4, T5, T6, T7)
FunPlus.WorldX.Manager.LuaManager:CommonUpdate()
FunPlus.WorldX.AppFacade:UpdateAllManager()

The referenced script on this Behaviour (Game Object '<null>') is missing!
[1804.9285][Error]|[lua][error][CustomDict]	IntIntMap init property skipped, key declare maybe deleted	[[init]     ...p4dir\client\LuaScripts\Core\PropertySync\CustomDict.lua:295]
FunPlus.WorldX.Utils.GameLog:SimpleLog(LogType, IntPtr, Int32)
FunPlus.WorldX.Utils.LuaUtils:LogForLua(Int32, IntPtr, Int32)
XLua.CSObjectWrap.FunPlusWorldXUtilsLuaUtilsWrap:_m_LogForLua_xlua_st_(IntPtr)
XLua.LuaFunction:Action(T1, T2, T3, T4, T5, T6, T7)
FunPlus.WorldX.Manager.LuaManager:CommonUpdate()
FunPlus.WorldX.AppFacade:UpdateAllManager()

The referenced script on this Behaviour (Game Object '<null>') is missing!
The referenced script on this Behaviour (Game Object '<null>') is missing!
Unloading 1 Unused Serialized files (Serialized files now loaded: 1170)
Unloading 76292 unused Assets to reduce memory usage. Loaded Objects now: 266257.
Total: 152.989600 ms (FindLiveObjects: 19.760100 ms CreateObjectMapping: 9.221100 ms MarkObjects: 87.329800 ms  DeleteObjects: 36.678200 ms)

Can't add 'SkinnedMeshBatch' to M_Parmon_10371_Body02 because a 'SkinnedMeshBatch' is already added to the game object!
UnityEngine.GameObject:AddComponent()
XRender.Pipeline.Modules.SkinnedMeshCombine.SkinnedMeshBufferMgr:AddSkinnedComponent(SkinnedMeshRenderer)
FunPlus.WorldX.Model.PrefabLoadTask:Destroy()
FunPlus.WorldX.Model.PhysiqueModel:DestroyModel()
FunPlus.WorldX.Model.ModelView:DestroyAllModel(Boolean)
FunPlus.WorldX.Model.ModelView:Destroy()
FunPlus.WorldX.Entities.Components.ModelComponent:Destroy()
FunPlus.WorldX.Entities.EntityBase:DelAllComponent()
FunPlus.WorldX.Entities.EntityBase:OnDestroy()
FunPlus.WorldX.Manager.EntityManager:DestroyEModel(Entity)
XLua.CSObjectWrap.FunPlusWorldXManagerEntityManagerWrap:_m_DestroyEModel(IntPtr)
XLua.LuaFunction:Func(T1, T2)
FunPlus.WorldX.Cutscene.CutsceneItem:CmdLua(String, Object[])
FunPlus.WorldX.Cutscene.CutsceneRoot:DestroyAssets()
FunPlus.WorldX.Cutscene.CutsceneInitializer:Dispose()
XLua.CSObjectWrap.FunPlusWorldXManagerCutsceneManagerWrap:_m_DestroyCutscene(IntPtr)
XLua.LuaFunction:Action(T1, T2, T3, T4, T5, T6, T7)
FunPlus.WorldX.Manager.LuaManager:CommonUpdate()
FunPlus.WorldX.AppFacade:UpdateAllManager()

[ line -1504784648]

[1862.8202][Log]|[lua][info][2026-09-17 03:01:38.193017]	[info]	[PHONESTCORE_HOOK]	[clearSpace is_destroy:true id:aqoixl3AST_iUyq1 actor count:0]	[Space.cpp:30(logic::Space::clearSpace)]
FunPlus.WorldX.Utils.GameLog:SimpleLog(LogType, IntPtr, Int32)
FunPlus.WorldX.Utils.LuaUtils:LogForLua(Int32, IntPtr, Int32)
XLua.CSObjectWrap.FunPlusWorldXUtilsLuaUtilsWrap:_m_LogForLua_xlua_st_(IntPtr)
XLua.LuaFunction:Action(T1, T2, T3, T4, T5, T6, T7)
FunPlus.WorldX.Manager.LuaManager:CommonUpdate()
FunPlus.WorldX.AppFacade:UpdateAllManager()

[1862.9440][Log]|[lua][info][2026-09-17 03:01:38.334347]	[info]	[PHONESTCORE_HOOK]	[client 0x28ecfef6cd0 stop]	[Client.hpp:41(phonestcore::Client::stop)]
FunPlus.WorldX.Utils.GameLog:SimpleLog(LogType, IntPtr, Int32)
FunPlus.WorldX.Utils.LuaUtils:LogForLua(Int32, IntPtr, Int32)
XLua.CSObjectWrap.FunPlusWorldXUtilsLuaUtilsWrap:_m_LogForLua_xlua_st_(IntPtr)
XLua.LuaFunction:Action(T1, T2, T3, T4, T5, T6, T7)
FunPlus.WorldX.Manager.LuaManager:CommonUpdate()
FunPlus.WorldX.AppFacade:UpdateAllManager()

[1862.9441][Log]|[lua][info][2026-09-17 03:01:38.334400]	[info]	[PHONESTCORE_HOOK]	[client 0x28f31d67960 connect to eu-prod-singleworld-1001.worldx-gate.kingsgroupgames.com 20000]	[Client.hpp:26(phonestcore::Client::connect)]
FunPlus.WorldX.Utils.GameLog:SimpleLog(LogType, IntPtr, Int32)
FunPlus.WorldX.Utils.LuaUtils:LogForLua(Int32, IntPtr, Int32)
XLua.CSObjectWrap.FunPlusWorldXUtilsLuaUtilsWrap:_m_LogForLua_xlua_st_(IntPtr)
XLua.LuaFunction:Action(T1, T2, T3, T4, T5, T6, T7)
FunPlus.WorldX.Manager.LuaManager:CommonUpdate()
FunPlus.WorldX.AppFacade:UpdateAllManager()

[1862.9444][Warn]|[lua][warning][2026-09-17 03:01:38.334434]	[warning]	[PHONESTCORE_HOOK]	[0x28ed090f740 onRead error The I/O operation has been aborted because of either a thread exit or an application request]	[TcpConnection.cpp:56(phonestcore::TcpConnection::onRead)]
FunPlus.WorldX.Utils.GameLog:SimpleLog(LogType, IntPtr, Int32)
FunPlus.WorldX.Utils.LuaUtils:LogForLua(Int32, IntPtr, Int32)
XLua.CSObjectWrap.FunPlusWorldXUtilsLuaUtilsWrap:_m_LogForLua_xlua_st_(IntPtr)
XLua.LuaFunction:Action(T1, T2, T3, T4, T5, T6, T7)
FunPlus.WorldX.Manager.LuaManager:CommonUpdate()
FunPlus.WorldX.AppFacade:UpdateAllManager()

[1863.0018][Log]|[lua][info][2026-09-17 03:01:38.381091]	[info]	[PHONESTCORE_HOOK]	[TcpClient(0x28f31d67960) onResolve ok, endpointCount=2, firstEndpoint=47.245.170.133:20000, family=IPv4]	[TcpClient.cpp:74(phonestcore::TcpClient::onResolve)]
FunPlus.WorldX.Utils.GameLog:SimpleLog(LogType, IntPtr, Int32)
FunPlus.WorldX.Utils.LuaUtils:LogForLua(Int32, IntPtr, Int32)
XLua.CSObjectWrap.FunPlusWorldXUtilsLuaUtilsWrap:_m_LogForLua_xlua_st_(IntPtr)
XLua.LuaFunction:Action(T1, T2, T3, T4, T5, T6, T7)
FunPlus.WorldX.Manager.LuaManager:CommonUpdate()
FunPlus.WorldX.AppFacade:UpdateAllManager()

[1863.0019][Log]|[lua][info][2026-09-17 03:01:38.381147]	[info]	[PHONESTCORE_HOOK]	[TcpClient(0x28f31d67960) tryConnect endpoint=47.245.170.133:20000 family=IPv4]	[TcpClient.cpp:119(phonestcore::TcpClient::tryConnect)]
FunPlus.WorldX.Utils.GameLog:SimpleLog(LogType, IntPtr, Int32)
FunPlus.WorldX.Utils.LuaUtils:LogForLua(Int32, IntPtr, Int32)
XLua.CSObjectWrap.FunPlusWorldXUtilsLuaUtilsWrap:_m_LogForLua_xlua_st_(IntPtr)
XLua.LuaFunction:Action(T1, T2, T3, T4, T5, T6, T7)
FunPlus.WorldX.Manager.LuaManager:CommonUpdate()
FunPlus.WorldX.AppFacade:UpdateAllManager()

[1863.0114][Log]|[lua][info][2026-09-17 03:01:38.397897]	[info]	[PHONESTCORE_HOOK]	[LuaClient(0x28ee56c41b0)::connectCallback status true]	[LuaClient.h:75(phonestcore::LuaClient::connect::<lambda_ffd3430e67ee12999344db9951a5eac4>::operator ())]
FunPlus.WorldX.Utils.GameLog:SimpleLog(LogType, IntPtr, Int32)
FunPlus.WorldX.Utils.LuaUtils:LogForLua(Int32, IntPtr, Int32)
XLua.CSObjectWrap.FunPlusWorldXUtilsLuaUtilsWrap:_m_LogForLua_xlua_st_(IntPtr)
XLua.LuaFunction:Action(T1, T2, T3, T4, T5, T6, T7)
FunPlus.WorldX.Manager.LuaManager:CommonUpdate()
FunPlus.WorldX.AppFacade:UpdateAllManager()

[1863.7888][Log]|[lua][info][2026-09-17 03:01:39.044413]	[info]	[PHONESTCORE_HOOK]	[Actor::setIsMainPlayerActor: true, actor_id: 7392945]	[ActorC.h:75(logic::ActorC::setIsMainPlayerActor)]
FunPlus.WorldX.Utils.GameLog:SimpleLog(LogType, IntPtr, Int32)
FunPlus.WorldX.Utils.LuaUtils:LogForLua(Int32, IntPtr, Int32)
XLua.CSObjectWrap.FunPlusWorldXUtilsLuaUtilsWrap:_m_LogForLua_xlua_st_(IntPtr)
XLua.LuaFunction:Action(T1, T2, T3, T4, T5, T6, T7)
FunPlus.WorldX.Manager.LuaManager:CommonUpdate()
FunPlus.WorldX.AppFacade:UpdateAllManager()

[1863.7899][Log]|[lua][info][2026-09-17 03:01:39.163172]	[info]	[PHONESTCORE_HOOK]	[createVoxelScene new>>>id:100-202000114279-3000 0x28d4c218e90	ref:1]	[SpaceManagerC.cpp:78(logic::SpaceManagerC::createVoxelScene)]
FunPlus.WorldX.Utils.GameLog:SimpleLog(LogType, IntPtr, Int32)
FunPlus.WorldX.Utils.LuaUtils:LogForLua(Int32, IntPtr, Int32)
XLua.CSObjectWrap.FunPlusWorldXUtilsLuaUtilsWrap:_m_LogForLua_xlua_st_(IntPtr)
XLua.LuaFunction:Action(T1, T2, T3, T4, T5, T6, T7)
FunPlus.WorldX.Manager.LuaManager:CommonUpdate()
FunPlus.WorldX.AppFacade:UpdateAllManager()

Couldn't create a Convex Mesh from source mesh "SM_LVIOT_Build_AntHole_Base_001_CM_1182345947" within the maximum polygons limit (256). The partial hull will be used. Consider simplifying your mesh.
Couldn't create a Convex Mesh from source mesh "SM_LVIOT_Rock_Cliff_14_CM_-1344668994" within the maximum polygons limit (256). The partial hull will be used. Consider simplifying your mesh.
Couldn't create a Convex Mesh from source mesh "SM_LVIOT_Stone_AntHole_StoneCave_001_CM_1718250016" within the maximum polygons limit (256). The partial hull will be used. Consider simplifying your mesh.
Couldn't create a Convex Mesh from source mesh "SM_LVIOT_Rock_Cliff_16_CM_1806466034" within the maximum polygons limit (256). The partial hull will be used. Consider simplifying your mesh.
Couldn't create a Convex Mesh from source mesh "SM_Rock_Edge_Big_03_CM_-675274334" within the maximum polygons limit (256). The partial hull will be used. Consider simplifying your mesh.
Couldn't create a Convex Mesh from source mesh "SM_LVIOT_Rock_Cliff_19_CM_725570248" within the maximum polygons limit (256). The partial hull will be used. Consider simplifying your mesh.
Couldn't create a Convex Mesh from source mesh "SM_LVIOT_Rock_Cliff_22_CM_73182600" within the maximum polygons limit (256). The partial hull will be used. Consider simplifying your mesh.
Couldn't create a Convex Mesh from source mesh "SM_LVIOT_Build_AntHole_Base_002_CM_-824644645" within the maximum polygons limit (256). The partial hull will be used. Consider simplifying your mesh.
Couldn't create a Convex Mesh from source mesh "SM_LVIOT_Rock_Cliff_14_CM_-1344668994" within the maximum polygons limit (256). The partial hull will be used. Consider simplifying your mesh.
Couldn't create a Convex Mesh from source mesh "SM_Rock_Cliff_Hilly_05_CM_-894274274" within the maximum polygons limit (256). The partial hull will be used. Consider simplifying your mesh.
Couldn't create a Convex Mesh from source mesh "SM_LVIOT_Rock_Cliff_15_CM_-1066913000" within the maximum polygons limit (256). The partial hull will be used. Consider simplifying your mesh.
Couldn't create a Convex Mesh from source mesh "SM_Rock_Mountain_01_CM_1905651362" within the maximum polygons limit (256). The partial hull will be used. Consider simplifying your mesh.
Couldn't create a Convex Mesh from source mesh "SM_Rock_Mountain_04_CM_1160429538" within the maximum polygons limit (256). The partial hull will be used. Consider simplifying your mesh.
Couldn't create a Convex Mesh from source mesh "SM_LVIOT_Build_AntHole_001_Combine_CM_1798747499" within the maximum polygons limit (256). The partial hull will be used. Consider simplifying your mesh.
Couldn't create a Convex Mesh from source mesh "SM_LVIOT_Build_FlowerVillage_Wndmill_001_A_Collider_Convex_Wood_-175679427" within the maximum polygons limit (256). The partial hull will be used. Consider simplifying your mesh.
Couldn't create a Convex Mesh from source mesh "SM_Item_Props_SoulEgg_Rare_Collider_Conevx_400907215" within the maximum polygons limit (256). The partial hull will be used. Consider simplifying your mesh.
Setting linear velocity of a kinematic body is not supported.
FunPlus.WorldX.Entities.Components.AttachInfo:OnEnable_Physics(Entity, Entity)
FunPlus.WorldX.Entities.Components.AttachInfo:OnEnable(Entity, Entity)
FunPlus.WorldX.Entities.Components.AttachInfo:LateUpdate(Single)
FunPlus.WorldX.Manager.EntityManager:BeforeRender()
FunPlus.WorldX.AppFacade:BeforeRenderUpdateManager()

[ line -1504778664]

Can't add 'SkinnedMeshBatch' to M_Parmon_10371_Body02 because a 'SkinnedMeshBatch' is already added to the game object!
UnityEngine.GameObject:AddComponent()
XRender.Pipeline.Modules.SkinnedMeshCombine.SkinnedMeshBufferMgr:AddSkinnedComponent(SkinnedMeshRenderer)

[ line -1504780888]

Look rotation viewing vector is zero
Look rotation viewing vector is zero
Unloading 1 Unused Serialized files (Serialized files now loaded: 1113)
Unloading 1231 unused Assets to reduce memory usage. Loaded Objects now: 159640.
Total: 90.861100 ms (FindLiveObjects: 9.192600 ms CreateObjectMapping: 5.120300 ms MarkObjects: 74.930500 ms  DeleteObjects: 1.617400 ms)

[1872.5524][Log]|[lua][info][2026-09-17 03:01:47.942790]	[info]	[PHONESTCORE_HOOK]	[0x28f31b2c130 connect to http://worldx-global-assets.oss-us-east-1.aliyuncs.com:443/eu/prod/ClientInfo/202000114279_client_info_bin?x-oss-credential=LTAI5tS3b81GXuYfXYtgJZ7J%2F20260917%2Fus-east-1%2Foss%2Faliyun_v4_request&x-oss-date=20260917T010148Z&x-oss-expires=300&x-oss-signature=93aac9967442365571e951232088b36477572f8e2fd91521040dbc7e8d98f260&x-oss-signature-version=OSS4-HMAC-SHA256]	[HttpClient.cpp:38(phonestcore::HttpClient::connect)]
FunPlus.WorldX.Utils.GameLog:SimpleLog(LogType, IntPtr, Int32)
FunPlus.WorldX.Utils.LuaUtils:LogForLua(Int32, IntPtr, Int32)
XLua.CSObjectWrap.FunPlusWorldXUtilsLuaUtilsWrap:_m_LogForLua_xlua_st_(IntPtr)
XLua.LuaFunction:Action(T1, T2, T3, T4, T5, T6, T7)
FunPlus.WorldX.Manager.LuaManager:CommonUpdate()
FunPlus.WorldX.AppFacade:UpdateAllManager()

Couldn't create a Convex Mesh from source mesh "SM_Rock_Mountain_05_CM_761466786" within the maximum polygons limit (256). The partial hull will be used. Consider simplifying your mesh.
Couldn't create a Convex Mesh from source mesh "SM_Item_Props_Chest_Shell01_Bottom_CM_-1245903479" within the maximum polygons limit (256). The partial hull will be used. Consider simplifying your mesh.
Couldn't create a Convex Mesh from source mesh "SM_Item_Props_Chest_Shell01_Top_CM_-1599723075" within the maximum polygons limit (256). The partial hull will be used. Consider simplifying your mesh.
Couldn't create a Convex Mesh from source mesh "SM_LVIOT_Rock_MagmaSpan_C_CM_933099714" within the maximum polygons limit (256). The partial hull will be used. Consider simplifying your mesh.
Unloading 1 Unused Serialized files (Serialized files now loaded: 1138)
Unloading 39158 unused Assets to reduce memory usage. Loaded Objects now: 143902.
Total: 114.825400 ms (FindLiveObjects: 10.235500 ms CreateObjectMapping: 6.220000 ms MarkObjects: 81.078000 ms  DeleteObjects: 17.291500 ms)

[1989.9624][Error]|Failed to load asset : Assets/Res_Temp/Environment/Common/Decal/Material/MI_Decal_Rock_Magma_002.mat AssetType : UnityEngine.Material AssetBundle : art_temp_all.uab
UnityEngine.Logger:Log(LogType, Object)
UnityEngine.Debug:LogError(Object)
YooAsset.BundledAssetProvider:Update()
YooAsset.AssetSystemImpl:Update()
YooAsset.YooAssets:Update()

[1989.9879][Error]|Failed to load asset : Assets/Res_Temp/Environment/Common/Decal/Material/MI_Decal_Rock_Magma_003.mat AssetType : UnityEngine.Material AssetBundle : art_temp_all.uab
UnityEngine.Logger:Log(LogType, Object)
UnityEngine.Debug:LogError(Object)
YooAsset.BundledAssetProvider:Update()
YooAsset.AssetSystemImpl:Update()
YooAsset.YooAssets:Update()

The referenced script on this Behaviour (Game Object '<null>') is missing!
The referenced script on this Behaviour (Game Object '<null>') is missing!
The referenced script on this Behaviour (Game Object '<null>') is missing!
The referenced script on this Behaviour (Game Object '<null>') is missing!
The referenced script on this Behaviour (Game Object '<null>') is missing!
The referenced script on this Behaviour (Game Object '<null>') is missing!
The referenced script on this Behaviour (Game Object '<null>') is missing!
The referenced script on this Behaviour (Game Object '<null>') is missing!
The referenced script on this Behaviour (Game Object '<null>') is missing!
The referenced script on this Behaviour (Game Object '<null>') is missing!
The referenced script on this Behaviour (Game Object '<null>') is missing!
The referenced script on this Behaviour (Game Object '<null>') is missing!
The referenced script on this Behaviour (Game Object '<null>') is missing!
The referenced script on this Behaviour (Game Object '<null>') is missing!
The referenced script on this Behaviour (Game Object '<null>') is missing!
The referenced script on this Behaviour (Game Object '<null>') is missing!
Couldn't create a Convex Mesh from source mesh "SM_Rock_Edge_Mid_04_CM_1505413858" within the maximum polygons limit (256). The partial hull will be used. Consider simplifying your mesh.
Couldn't create a Convex Mesh from source mesh "SM_Rock_Cliff_Hilly_07_CM_1166888786" within the maximum polygons limit (256). The partial hull will be used. Consider simplifying your mesh.
The referenced script on this Behaviour (Game Object '<null>') is missing!
[2021.3403][Error]|Failed to load asset : Assets/Res_Temp/Environment/Common/Decal/Material/MI_Decal_Rock_Magma_001_B.mat AssetType : UnityEngine.Material AssetBundle : art_temp_all.uab
UnityEngine.Logger:Log(LogType, Object)
UnityEngine.Debug:LogError(Object)
YooAsset.BundledAssetProvider:Update()
YooAsset.AssetSystemImpl:Update()
YooAsset.YooAssets:Update()

The referenced script on this Behaviour (Game Object '') is missing!
The referenced script on this Behaviour (Game Object 'P_Item_Bath') is missing!
[2052.5852][Log]|[lua][info][2026-09-17 03:04:47.975586]	[info]	[PHONESTCORE_HOOK]	[0x28b68064bc0 connect to http://worldx-global-assets.oss-us-east-1.aliyuncs.com:443/eu/prod/ClientInfo/202000114279_client_info_bin?x-oss-credential=LTAI5tS3b81GXuYfXYtgJZ7J%2F20260917%2Fus-east-1%2Foss%2Faliyun_v4_request&x-oss-date=20260917T010448Z&x-oss-expires=300&x-oss-signature=378a2f812f15b1aa9a0408083da36a23f6f37d5eaffdc00305804e003709f80c&x-oss-signature-version=OSS4-HMAC-SHA256]	[HttpClient.cpp:38(phonestcore::HttpClient::connect)]
FunPlus.WorldX.Utils.GameLog:SimpleLog(LogType, IntPtr, Int32)
FunPlus.WorldX.Utils.LuaUtils:LogForLua(Int32, IntPtr, Int32)
XLua.CSObjectWrap.FunPlusWorldXUtilsLuaUtilsWrap:_m_LogForLua_xlua_st_(IntPtr)
XLua.LuaFunction:Action(T1, T2, T3, T4, T5, T6, T7)
FunPlus.WorldX.Manager.LuaManager:CommonUpdate()
FunPlus.WorldX.AppFacade:UpdateAllManager()

[2116.5749][Error]|[lua][error][SafeCallback]	SafeCallback traceback occurred 
	...proj\p4dir\client\LuaScripts\Guis\Utils\UIStringPool.lua:10: bad argument #2 to 'format' (number expected, got nil)
stack traceback:
	[C]: in function 'format'
	...proj\p4dir\client\LuaScripts\Guis\Utils\UIStringPool.lua:10: in function 'getTwoDigitText'
	...s\Guis\Panels\HudV2\BaseComponent\PetListUIComponent.lua:561: in function 'refreshPetSupportSkillEpCost'
	...s\Guis\Panels\HudV2\BaseComponent\PetListUIComponent.lua:676: in function <...s\Guis\Panels\HudV2\BaseComponent\PetListUIComponent.lua:670>
	[C]: in function 'xpcall'
	...\p4dir\client\LuaScripts\Core\Framework\SafeCallback.lua:10: in function 'SafeCallback'
	...nPublish\proj\p4dir\client\LuaScripts\Guis\UIAdapter.lua:459: in function 'onMessage'
	...\proj\p4dir\client\LuaScripts\GameApp\Core\LuaFacade.lua:59: in function 'sendMsgToUI'
	...Entities\CommonComponent\ClientCombatEntityComponent.lua:1275: in function 'notifyFunc'
	...cripts\Common\Ability\Attribute\ActorCombatAttribute.lua:123: in function 'notifyAttributeChange'
	...cripts\Common\Ability\Attribute\ActorCombatAttribute.lua:178: in function 'onAttributeChange'
	...SpaceEntities\CommonComponent\ClientAbilityComponent.lua:3103: in function 'method'
	...r\client\LuaScripts\Core\Client\GateClientRpcHandler.lua:348: in function <...r\client\LuaScripts\Core\Client\GateClientRpcHandler.lua:316>
	...proj\p4dir\client\LuaScripts\Core\Net\HandlerManager.lua:39: in function <...proj\p4dir\client\LuaScripts\Core\Net\HandlerManager.lua:27>
	[C]: in function 'pullIO'
	...lish\proj\p4dir\client\LuaScripts\Core\Net\Scheduler.lua:13: in function 'poll'
	...nPublish\proj\p4dir\client\LuaScripts\Network\Client.lua:399: in function <...nPublish\proj\p4dir\client\LuaScripts\Network\Client.lua:398>
	[C]: in function 'xpcall'
	...roj\p4dir\client\LuaScripts\Core\Framework\Exception.lua:39: in function 'try'
	...nPublish\proj\p4dir\client\LuaScripts\Network\Client.lua:369: in function 'update'
	...ce\XWinPublish\proj\p4dir\client\LuaScripts\Lib\Main.lua:84: in function <...ce\XWinPublish\proj\p4dir\client\LuaScripts\Lib\Main.lua:79>	[[SafeCallback]     ...\p4dir\client\LuaScripts\Core\Framework\SafeCallback.lua:13]
FunPlus.WorldX.Utils.GameLog:SimpleLog(LogType, IntPtr, Int32)
FunPlus.WorldX.Utils.LuaUtils:LogForLua(Int32, IntPtr, Int32)
XLua.CSObjectWrap.FunPlusWorldXUtilsLuaUtilsWrap:_m_LogForLua_xlua_st_(IntPtr)
XLua.LuaFunction:Action(T1, T2, T3, T4, T5, T6, T7)
FunPlus.WorldX.Manager.LuaManager:CommonUpdate()
FunPlus.WorldX.AppFacade:UpdateAllManager()

The referenced script on this Behaviour (Game Object 'P_Item_Bath') is missing!
[2208.7974][Error]|[lua][error][ClientLeylineFlowerComponent]	[快速联结] : 当前不满足快速联结的条件!!!	[[]     ...s\SpaceEntities\PlayerComponent\ClientEventComponent.lua:2489]
FunPlus.WorldX.Utils.GameLog:SimpleLog(LogType, IntPtr, Int32)
FunPlus.WorldX.Utils.LuaUtils:LogForLua(Int32, IntPtr, Int32)
XLua.CSObjectWrap.FunPlusWorldXUtilsLuaUtilsWrap:_m_LogForLua_xlua_st_(IntPtr)
XLua.LuaFunction:Action(T1, T2, T3, T4, T5, T6, T7)
FunPlus.WorldX.Manager.LuaManager:CommonUpdate()
FunPlus.WorldX.AppFacade:UpdateAllManager()

[2232.6592][Log]|[lua][info][2026-09-17 03:07:48.049531]	[info]	[PHONESTCORE_HOOK]	[0x28edc7f1ec0 connect to http://worldx-global-assets.oss-us-east-1.aliyuncs.com:443/eu/prod/ClientInfo/202000114279_client_info_bin?x-oss-credential=LTAI5tS3b81GXuYfXYtgJZ7J%2F20260917%2Fus-east-1%2Foss%2Faliyun_v4_request&x-oss-date=20260917T010748Z&x-oss-expires=300&x-oss-signature=070efe7ef16fdd1f0f574d4bdd271b52627c0531e7a26b5bd49880dd1eed73d7&x-oss-signature-version=OSS4-HMAC-SHA256]	[HttpClient.cpp:38(phonestcore::HttpClient::connect)]
FunPlus.WorldX.Utils.GameLog:SimpleLog(LogType, IntPtr, Int32)
FunPlus.WorldX.Utils.LuaUtils:LogForLua(Int32, IntPtr, Int32)
XLua.CSObjectWrap.FunPlusWorldXUtilsLuaUtilsWrap:_m_LogForLua_xlua_st_(IntPtr)
XLua.LuaFunction:Action(T1, T2, T3, T4, T5, T6, T7)
FunPlus.WorldX.Manager.LuaManager:CommonUpdate()
FunPlus.WorldX.AppFacade:UpdateAllManager()

The referenced script on this Behaviour (Game Object 'P_Item_Bath') is missing!
The referenced script on this Behaviour (Game Object '<null>') is missing!
The referenced script on this Behaviour (Game Object 'P_Item_Bath') is missing!
[2332.9425][Error]|[lua][error][ClientLeylineFlowerComponent]	[快速联结] : 角色身上未找到对应的宠物，请检查配置是否与预期一致!!!	[[]     ...s\SpaceEntities\PlayerComponent\ClientEventComponent.lua:2510]
FunPlus.WorldX.Utils.GameLog:SimpleLog(LogType, IntPtr, Int32)
FunPlus.WorldX.Utils.LuaUtils:LogForLua(Int32, IntPtr, Int32)
XLua.CSObjectWrap.FunPlusWorldXUtilsLuaUtilsWrap:_m_LogForLua_xlua_st_(IntPtr)
XLua.LuaFunction:Action(T1, T2, T3, T4, T5, T6, T7)
FunPlus.WorldX.Manager.LuaManager:CommonUpdate()
FunPlus.WorldX.AppFacade:UpdateAllManager()

The referenced script on this Behaviour (Game Object 'P_Item_Bath') is missing!
The referenced script on this Behaviour (Game Object 'P_Item_Bath') is missing!
The referenced script on this Behaviour (Game Object 'P_Item_Bath') is missing!
The referenced script on this Behaviour (Game Object 'P_Item_Bath') is missing!
[2369.4059][Error]|[ClimbOnState]无法找到合适的攀爬起点，请记录该坐标'(538.65, -78.49, 1533.45)'发送给程序
UnityEngine.Logger:Log(LogType, Object, Object)
UnityEngine.Debug:LogError(Object, Object)
FunPlus.WorldX.Utils.GameLog:LogError(Object, Object)
FunPlus.WorldX.Entities.Components.MotionComponent:JumpOnWall(Boolean, PlayableState)
FunPlus.WorldX.FSM.Parmon.ClimbOnState:OnEnter(ParmonStateMachineContext)
FunPlus.WorldX.FSM.CharacterState`2:Enter(TContext)
FunPlus.WorldX.FSM.CharacterMachine`2:ChangeToState(EStateId, TContext)
FunPlus.WorldX.FSM.CharacterMachine`2:Enter(TContext)
FunPlus.WorldX.FSM.CharacterMachine`2:ChangeToState(EStateId, TContext)
FunPlus.WorldX.FSM.CharacterMachine`2:SetToAnyStateInternal(TContext, EStateId, Boolean, Boolean, Boolean&)
FunPlus.WorldX.FSM.CharacterMachine`2:SetToAnyState(TContext, EStateId, Boolean)
FunPlus.WorldX.FSM.RootCharacterMachine`2:StartInternal(TContext, EStateId, Boolean, Boolean)
FunPlus.WorldX.Entities.Components.CharacterControllerComponent:SetControllerMachine(String, Int32)
XLua.CSObjectWrap.FunPlusWorldXEntitiesEntityWrap:_ec_FunPlusWorldXEntitiesComponentsCharacterControllerComponent_m_SetControllerMachine(IntPtr)
XLua.CSObjectWrap.FunPlusWorldXEntitiesEntityWrap:_em_SetControllerMachine(IntPtr)
XLua.LuaFunction:Func(T1, T2, T3, T4)
FunPlus.WorldX.Entities.Components.CharacterControllerComponent:TryAutoSwitch(Int32, String, Boolean)
FunPlus.WorldX.Entities.Components.CharacterControllerComponent:CommonUpdate()
FunPlus.WorldX.Entities.EntityBase:CommonUpdate()
FunPlus.WorldX.Entities.Entity:CommonUpdate()
FunPlus.WorldX.Manager.EntityManager:CommonUpdate()
FunPlus.WorldX.AppFacade:UpdateAllManager()

[2412.7300][Log]|[lua][info][2026-09-17 03:10:48.120378]	[info]	[PHONESTCORE_HOOK]	[0x28da0245c60 connect to http://worldx-global-assets.oss-us-east-1.aliyuncs.com:443/eu/prod/ClientInfo/202000114279_client_info_bin?x-oss-credential=LTAI5tS3b81GXuYfXYtgJZ7J%2F20260917%2Fus-east-1%2Foss%2Faliyun_v4_request&x-oss-date=20260917T011048Z&x-oss-expires=300&x-oss-signature=d36bd4a4e6ede8fd9c1811ecd6df58e00983e12b02417a9de1cf63e00a02aa52&x-oss-signature-version=OSS4-HMAC-SHA256]	[HttpClient.cpp:38(phonestcore::HttpClient::connect)]
FunPlus.WorldX.Utils.GameLog:SimpleLog(LogType, IntPtr, Int32)
FunPlus.WorldX.Utils.LuaUtils:LogForLua(Int32, IntPtr, Int32)
XLua.CSObjectWrap.FunPlusWorldXUtilsLuaUtilsWrap:_m_LogForLua_xlua_st_(IntPtr)
XLua.LuaFunction:Action(T1, T2, T3, T4, T5, T6, T7)
FunPlus.WorldX.Manager.LuaManager:CommonUpdate()
FunPlus.WorldX.AppFacade:UpdateAllManager()

Couldn't create a Convex Mesh from source mesh "SM_Rock_Cliffwall_001_Collider_Mesh_-2008044692" within the maximum polygons limit (256). The partial hull will be used. Consider simplifying your mesh.
Unloading 1 Unused Serialized files (Serialized files now loaded: 1172)
Unloading 7364 unused Assets to reduce memory usage. Loaded Objects now: 164766.
Total: 116.641700 ms (FindLiveObjects: 10.538300 ms CreateObjectMapping: 5.423900 ms MarkObjects: 88.718100 ms  DeleteObjects: 11.961200 ms)

Couldn't create a Convex Mesh from source mesh "SM_Rock_Cliffwall_001_Collider_Mesh_-2008044692" within the maximum polygons limit (256). The partial hull will be used. Consider simplifying your mesh.
[2577.3040][Log]|[lua][info][2026-09-17 03:13:32.690454]	[info]	[PHONESTCORE_HOOK]	[0x28f483bad50 connect to http://priv-platform-yimoo-api.funplus.com:443/api/game/red-dot]	[HttpClient.cpp:38(phonestcore::HttpClient::connect)]
FunPlus.WorldX.Utils.GameLog:SimpleLog(LogType, IntPtr, Int32)
FunPlus.WorldX.Utils.LuaUtils:LogForLua(Int32, IntPtr, Int32)
XLua.CSObjectWrap.FunPlusWorldXUtilsLuaUtilsWrap:_m_LogForLua_xlua_st_(IntPtr)
XLua.LuaFunction:Action(T1, T2, T3, T4, T5, T6, T7)
FunPlus.WorldX.Manager.LuaManager:CommonUpdate()
FunPlus.WorldX.AppFacade:UpdateAllManager()

[2577.3041][Log]|[lua][info][2026-09-17 03:13:32.690901]	[info]	[PHONESTCORE_HOOK]	[0x28da0245c60 connect to http://announcement-web.funplus.com:443/api/announce/list]	[HttpClient.cpp:38(phonestcore::HttpClient::connect)]
FunPlus.WorldX.Utils.GameLog:SimpleLog(LogType, IntPtr, Int32)
FunPlus.WorldX.Utils.LuaUtils:LogForLua(Int32, IntPtr, Int32)
XLua.CSObjectWrap.FunPlusWorldXUtilsLuaUtilsWrap:_m_LogForLua_xlua_st_(IntPtr)
XLua.LuaFunction:Action(T1, T2, T3, T4, T5, T6, T7)
FunPlus.WorldX.Manager.LuaManager:CommonUpdate()
FunPlus.WorldX.AppFacade:UpdateAllManager()

The referenced script on this Behaviour (Game Object '<null>') is missing!
[2592.7737][Log]|[lua][info][2026-09-17 03:13:48.164032]	[info]	[PHONESTCORE_HOOK]	[0x28f493addd0 connect to http://worldx-global-assets.oss-us-east-1.aliyuncs.com:443/eu/prod/ClientInfo/202000114279_client_info_bin?x-oss-credential=LTAI5tS3b81GXuYfXYtgJZ7J%2F20260917%2Fus-east-1%2Foss%2Faliyun_v4_request&x-oss-date=20260917T011348Z&x-oss-expires=300&x-oss-signature=432e4c2ab06908365895bad3371ef1a11f100d7258319176813dbb8f1ec9cddd&x-oss-signature-version=OSS4-HMAC-SHA256]	[HttpClient.cpp:38(phonestcore::HttpClient::connect)]
FunPlus.WorldX.Utils.GameLog:SimpleLog(LogType, IntPtr, Int32)
FunPlus.WorldX.Utils.LuaUtils:LogForLua(Int32, IntPtr, Int32)
XLua.CSObjectWrap.FunPlusWorldXUtilsLuaUtilsWrap:_m_LogForLua_xlua_st_(IntPtr)
XLua.LuaFunction:Action(T1, T2, T3, T4, T5, T6, T7)
FunPlus.WorldX.Manager.LuaManager:CommonUpdate()
FunPlus.WorldX.AppFacade:UpdateAllManager()

Unloading 1 Unused Serialized files (Serialized files now loaded: 1173)
Unloading 20237 unused Assets to reduce memory usage. Loaded Objects now: 146652.
Total: 113.022900 ms (FindLiveObjects: 9.445700 ms CreateObjectMapping: 5.492900 ms MarkObjects: 86.986400 ms  DeleteObjects: 11.097500 ms)

Couldn't create a Convex Mesh from source mesh "SM_Rock_Cliff_Hilly_08_CM_-1530425176" within the maximum polygons limit (256). The partial hull will be used. Consider simplifying your mesh.
Couldn't create a Convex Mesh from source mesh "SM_LVIOT_Build_FlowerTower_001_CM_02_-279186520" within the maximum polygons limit (256). The partial hull will be used. Consider simplifying your mesh.
Couldn't create a Convex Mesh from source mesh "SM_LVIOT_Build_FlowerTower_Stove_001_CM_01_-449061855" within the maximum polygons limit (256). The partial hull will be used. Consider simplifying your mesh.
Couldn't create a Convex Mesh from source mesh "SM_LVIOT_Build_FlowerTower_Stove_003_CM_01_210451821" within the maximum polygons limit (256). The partial hull will be used. Consider simplifying your mesh.
Couldn't create a Convex Mesh from source mesh "SM_LVIOT_Build_FlowerTower_001_CM_01_-682471047" within the maximum polygons limit (256). The partial hull will be used. Consider simplifying your mesh.
Couldn't create a Convex Mesh from source mesh "SM_Rock_Beachrock_001_Collider_Mesh_-1736269204" within the maximum polygons limit (256). The partial hull will be used. Consider simplifying your mesh.
Couldn't create a Convex Mesh from source mesh "SM_Rock_Beachrock_003_B_Collider_Mesh_-646731316" within the maximum polygons limit (256). The partial hull will be used. Consider simplifying your mesh.
Couldn't create a Convex Mesh from source mesh "SM_Rock_Cliffwall_004_CM_-789190536" within the maximum polygons limit (256). The partial hull will be used. Consider simplifying your mesh.
Couldn't create a Convex Mesh from source mesh "SM_LVIOT_Rock_Cliff_21_CM_544524450" within the maximum polygons limit (256). The partial hull will be used. Consider simplifying your mesh.
Couldn't create a Convex Mesh from source mesh "SM_LVIOT_Rock_Cliff_20_CM_1541296188" within the maximum polygons limit (256). The partial hull will be used. Consider simplifying your mesh.
Couldn't create a Convex Mesh from source mesh "SM_LVIOT_Rock_Cliff_05_A_Collider_CM_02_1411904746" within the maximum polygons limit (256). The partial hull will be used. Consider simplifying your mesh.
Couldn't create a Convex Mesh from source mesh "SM_Rock_Cliffwall_008_CM_1918480376" within the maximum polygons limit (256). The partial hull will be used. Consider simplifying your mesh.
Couldn't create a Convex Mesh from source mesh "SM_Item_Props_SoulEgg_Rare_Collider_Conevx_400907215" within the maximum polygons limit (256). The partial hull will be used. Consider simplifying your mesh.
Couldn't create a Convex Mesh from source mesh "SM_Rock_SoilSlope_001_CM_-1558118248" within the maximum polygons limit (256). The partial hull will be used. Consider simplifying your mesh.
Couldn't create a Convex Mesh from source mesh "SM_Rock_SoilSlope_002_CM_1663744504" within the maximum polygons limit (256). The partial hull will be used. Consider simplifying your mesh.
Setting linear velocity of a kinematic body is not supported.
FunPlus.WorldX.Entities.Components.AttachInfo:OnEnable_Physics(Entity, Entity)
FunPlus.WorldX.Entities.Components.AttachInfo:OnEnable(Entity, Entity)
FunPlus.WorldX.Entities.Components.AttachInfo:LateUpdate(Single)
FunPlus.WorldX.Manager.EntityManager:BeforeRender()
FunPlus.WorldX.AppFacade:BeforeRenderUpdateManager()

[ line -1504778664]

Setting linear velocity of a kinematic body is not supported.
FunPlus.WorldX.Entities.Components.AttachInfo:OnEnable_Physics(Entity, Entity)
FunPlus.WorldX.Entities.Components.AttachInfo:OnEnable(Entity, Entity)
FunPlus.WorldX.Entities.Components.AttachInfo:LateUpdate(Single)
FunPlus.WorldX.Manager.EntityManager:BeforeRender()
FunPlus.WorldX.AppFacade:BeforeRenderUpdateManager()

[ line -1504778664]

Couldn't create a Convex Mesh from source mesh "SM_Rock_Cliff_Beach_10_Collider_Mesh_1374907504" within the maximum polygons limit (256). The partial hull will be used. Consider simplifying your mesh.
Couldn't create a Convex Mesh from source mesh "SM_LVIOT_Rock_Cliff_01_B_Collider_Convex_Stone_-2128040324" within the maximum polygons limit (256). The partial hull will be used. Consider simplifying your mesh.
Couldn't create a Convex Mesh from source mesh "SM_Rock_Cliffwall_002_Collider_Mesh_-866322356" within the maximum polygons limit (256). The partial hull will be used. Consider simplifying your mesh.
Unloading 1 Unused Serialized files (Serialized files now loaded: 1194)
Unloading 8195 unused Assets to reduce memory usage. Loaded Objects now: 164106.
Total: 103.960000 ms (FindLiveObjects: 10.490100 ms CreateObjectMapping: 5.315100 ms MarkObjects: 83.141500 ms  DeleteObjects: 5.013100 ms)

Setting linear velocity of a kinematic body is not supported.
FunPlus.WorldX.Entities.Components.AttachInfo:OnEnable_Physics(Entity, Entity)
FunPlus.WorldX.Entities.Components.AttachInfo:OnEnable(Entity, Entity)
FunPlus.WorldX.Entities.Components.AttachInfo:LateUpdate(Single)
FunPlus.WorldX.Manager.EntityManager:BeforeRender()
FunPlus.WorldX.AppFacade:BeforeRenderUpdateManager()

[ line -1504778664]

Setting linear velocity of a kinematic body is not supported.
FunPlus.WorldX.Entities.Components.AttachInfo:OnEnable_Physics(Entity, Entity)
FunPlus.WorldX.Entities.Components.AttachInfo:OnEnable(Entity, Entity)
FunPlus.WorldX.Entities.Components.AttachInfo:LateUpdate(Single)
FunPlus.WorldX.Manager.EntityManager:BeforeRender()
FunPlus.WorldX.AppFacade:BeforeRenderUpdateManager()

[ line -1504778664]

Setting linear velocity of a kinematic body is not supported.
FunPlus.WorldX.GameApp.Sandbox.PressPlatform:SyncMoverPose()
FunPlus.WorldX.GameApp.Sandbox.PressPlatform:RestorePrefabDefaults()
FunPlus.WorldX.GameApp.Sandbox.LevelItemModel:Destroy()
FunPlus.WorldX.GameApp.Sandbox.Sandbox:Destroy()
FunPlus.WorldX.GameApp.Sandbox.SandboxManager:DestroySandbox(Int32)
XLua.CSObjectWrap.FunPlusWorldXGameAppSandboxSandboxManagerWrap:_m_DestroySandbox(IntPtr)
XLua.LuaFunction:Action(T1, T2, T3, T4, T5, T6, T7)
FunPlus.WorldX.Manager.LuaManager:CommonUpdate()
FunPlus.WorldX.AppFacade:UpdateAllManager()

[ line -1504781096]

Setting angular velocity of a kinematic body is not supported.
FunPlus.WorldX.GameApp.Sandbox.PressPlatform:SyncMoverPose()
FunPlus.WorldX.GameApp.Sandbox.PressPlatform:RestorePrefabDefaults()
FunPlus.WorldX.GameApp.Sandbox.LevelItemModel:Destroy()
FunPlus.WorldX.GameApp.Sandbox.Sandbox:Destroy()
FunPlus.WorldX.GameApp.Sandbox.SandboxManager:DestroySandbox(Int32)
XLua.CSObjectWrap.FunPlusWorldXGameAppSandboxSandboxManagerWrap:_m_DestroySandbox(IntPtr)
XLua.LuaFunction:Action(T1, T2, T3, T4, T5, T6, T7)
FunPlus.WorldX.Manager.LuaManager:CommonUpdate()
FunPlus.WorldX.AppFacade:UpdateAllManager()

[ line -1504781304]

Couldn't create a Convex Mesh from source mesh "SM_Rock_Beachrock_003_A_Collider_Mesh_-1931667380" within the maximum polygons limit (256). The partial hull will be used. Consider simplifying your mesh.
[2887.4328][Log]|[lua][info][2026-09-17 03:18:42.820361]	[info]	[PHONESTCORE_HOOK]	[0x28feec79a40 connect to http://priv-platform-yimoo-api.funplus.com:443/api/game/red-dot]	[HttpClient.cpp:38(phonestcore::HttpClient::connect)]
FunPlus.WorldX.Utils.GameLog:SimpleLog(LogType, IntPtr, Int32)
FunPlus.WorldX.Utils.LuaUtils:LogForLua(Int32, IntPtr, Int32)
XLua.CSObjectWrap.FunPlusWorldXUtilsLuaUtilsWrap:_m_LogForLua_xlua_st_(IntPtr)
XLua.LuaFunction:Action(T1, T2, T3, T4, T5, T6, T7)
FunPlus.WorldX.Manager.LuaManager:CommonUpdate()
FunPlus.WorldX.AppFacade:UpdateAllManager()

[2887.4329][Log]|[lua][info][2026-09-17 03:18:42.820766]	[info]	[PHONESTCORE_HOOK]	[0x28feec7a3d0 connect to http://announcement-web.funplus.com:443/api/announce/list]	[HttpClient.cpp:38(phonestcore::HttpClient::connect)]
FunPlus.WorldX.Utils.GameLog:SimpleLog(LogType, IntPtr, Int32)
FunPlus.WorldX.Utils.LuaUtils:LogForLua(Int32, IntPtr, Int32)
XLua.CSObjectWrap.FunPlusWorldXUtilsLuaUtilsWrap:_m_LogForLua_xlua_st_(IntPtr)
XLua.LuaFunction:Action(T1, T2, T3, T4, T5, T6, T7)
FunPlus.WorldX.Manager.LuaManager:CommonUpdate()
FunPlus.WorldX.AppFacade:UpdateAllManager()

The referenced script on this Behaviour (Game Object '<null>') is missing!
The referenced script on this Behaviour (Game Object '<null>') is missing!
The referenced script on this Behaviour (Game Object '<null>') is missing!
The referenced script on this Behaviour (Game Object '<null>') is missing!
UnityEngine.Object:Instantiate(Object, Transform, Boolean)
UnityEngine.Object:Instantiate(T, Transform, Boolean)
FunPlus.WorldX.ResourceManager.Runtime.InstantiateQueue:PushTask(Object, InstantiationParameters, Action`2, InstantiatePriority, Object)
FunPlus.WorldX.ResourceManager.Runtime.InstanceImpl:ResInstantiateAsync(Object, Action`2, InstantiationParameters, InstantiatePriority, Object)
FunPlus.WorldX.ResourceManager.Runtime.WorldXResourceManager:ResInstantiateAsync(Object, Action`2, Transform, Boolean, InstantiatePriority, Object)
FunPlus.WorldX.ResourceManager.Runtime.GoInstanceTask:OnLoadAsset(Object, Object)
FunPlus.WorldX.ResourceManager.Runtime.XYooAssetImpl:NewLoadAssetSync(AssetInfo, String, String, TObject&, Action`2, Object, Boolean)
FunPlus.WorldX.ResourceManager.Runtime.XYooAssetImpl:LoadAssetSyncByID(String, Action`2, Object, Boolean)
FunPlus.WorldX.ResourceManager.Runtime.WorldXResourceManager:LoadAssetSyncByID(String, Action`2, Object, Boolean, Boolean)
FunPlus.WorldX.ResourceManager.Runtime.GoInstanceTask:GetAssetAndInstance()
FunPlus.WorldX.Load.ResourcesManager:GetInstanceFromCacheWithoutActivation(String, Action`2, GOCacheType, Object, Transform, Boolean, InstantiatePriority, AsyncLoadPriority)
FunPlus.WorldX.Effect.EffectItem:PlayEffect()
FunPlus.WorldX.Effect.EffectGenerator:PlayEffect(String, EffectConfigInfo, Int32, Boolean)
XLua.CSObjectWrap.FunPlusWorldXEntitiesEntityWrap:_ec_FunPlusWorldXEntitiesComponentsEffectComponent_m_PlayEffect(IntPtr)
XLua.CSObjectWrap.FunPlusWorldXEntitiesEntityWrap:_em_PlayEffect(IntPtr)
XLua.LuaFunction:Action(T1, T2, T3, T4, T5, T6, T7)
FunPlus.WorldX.Manager.LuaManager:CommonUpdate()
FunPlus.WorldX.AppFacade:UpdateAllManager()

[ line -1504783064]

The referenced script on this Behaviour (Game Object 'All') is missing!
UnityEngine.Object:Instantiate(Object, Transform, Boolean)
UnityEngine.Object:Instantiate(T, Transform, Boolean)
FunPlus.WorldX.ResourceManager.Runtime.InstantiateQueue:PushTask(Object, InstantiationParameters, Action`2, InstantiatePriority, Object)
FunPlus.WorldX.ResourceManager.Runtime.InstanceImpl:ResInstantiateAsync(Object, Action`2, InstantiationParameters, InstantiatePriority, Object)
FunPlus.WorldX.ResourceManager.Runtime.WorldXResourceManager:ResInstantiateAsync(Object, Action`2, Transform, Boolean, InstantiatePriority, Object)
FunPlus.WorldX.ResourceManager.Runtime.GoInstanceTask:OnLoadAsset(Object, Object)
FunPlus.WorldX.ResourceManager.Runtime.XYooAssetImpl:NewLoadAssetSync(AssetInfo, String, String, TObject&, Action`2, Object, Boolean)
FunPlus.WorldX.ResourceManager.Runtime.XYooAssetImpl:LoadAssetSyncByID(String, Action`2, Object, Boolean)
FunPlus.WorldX.ResourceManager.Runtime.WorldXResourceManager:LoadAssetSyncByID(String, Action`2, Object, Boolean, Boolean)
FunPlus.WorldX.ResourceManager.Runtime.GoInstanceTask:GetAssetAndInstance()
FunPlus.WorldX.Load.ResourcesManager:GetInstanceFromCacheWithoutActivation(String, Action`2, GOCacheType, Object, Transform, Boolean, InstantiatePriority, AsyncLoadPriority)
FunPlus.WorldX.Effect.EffectItem:PlayEffect()
FunPlus.WorldX.Effect.EffectGenerator:PlayEffect(String, EffectConfigInfo, Int32, Boolean)
XLua.CSObjectWrap.FunPlusWorldXEntitiesEntityWrap:_ec_FunPlusWorldXEntitiesComponentsEffectComponent_m_PlayEffect(IntPtr)
XLua.CSObjectWrap.FunPlusWorldXEntitiesEntityWrap:_em_PlayEffect(IntPtr)
XLua.LuaFunction:Action(T1, T2, T3, T4, T5, T6, T7)
FunPlus.WorldX.Manager.LuaManager:CommonUpdate()
FunPlus.WorldX.AppFacade:UpdateAllManager()

[ line -1504782312]

The referenced script on this Behaviour (Game Object 'All') is missing!
UnityEngine.Object:Instantiate(Object, Transform, Boolean)
UnityEngine.Object:Instantiate(T, Transform, Boolean)
FunPlus.WorldX.ResourceManager.Runtime.InstantiateQueue:PushTask(Object, InstantiationParameters, Action`2, InstantiatePriority, Object)
FunPlus.WorldX.ResourceManager.Runtime.InstanceImpl:ResInstantiateAsync(Object, Action`2, InstantiationParameters, InstantiatePriority, Object)
FunPlus.WorldX.ResourceManager.Runtime.WorldXResourceManager:ResInstantiateAsync(Object, Action`2, Transform, Boolean, InstantiatePriority, Object)
FunPlus.WorldX.ResourceManager.Runtime.GoInstanceTask:OnLoadAsset(Object, Object)
FunPlus.WorldX.ResourceManager.Runtime.XYooAssetImpl:NewLoadAssetSync(AssetInfo, String, String, TObject&, Action`2, Object, Boolean)
FunPlus.WorldX.ResourceManager.Runtime.XYooAssetImpl:LoadAssetSyncByID(String, Action`2, Object, Boolean)
FunPlus.WorldX.ResourceManager.Runtime.WorldXResourceManager:LoadAssetSyncByID(String, Action`2, Object, Boolean, Boolean)
FunPlus.WorldX.ResourceManager.Runtime.GoInstanceTask:GetAssetAndInstance()
FunPlus.WorldX.Load.ResourcesManager:GetInstanceFromCacheWithoutActivation(String, Action`2, GOCacheType, Object, Transform, Boolean, InstantiatePriority, AsyncLoadPriority)
FunPlus.WorldX.Effect.EffectItem:PlayEffect()
FunPlus.WorldX.Effect.EffectGenerator:PlayEffect(String, EffectConfigInfo, Int32, Boolean)
XLua.CSObjectWrap.FunPlusWorldXEntitiesEntityWrap:_ec_FunPlusWorldXEntitiesComponentsEffectComponent_m_PlayEffect(IntPtr)
XLua.CSObjectWrap.FunPlusWorldXEntitiesEntityWrap:_em_PlayEffect(IntPtr)
XLua.LuaFunction:Action(T1, T2, T3, T4, T5, T6, T7)
FunPlus.WorldX.Manager.LuaManager:CommonUpdate()
FunPlus.WorldX.AppFacade:UpdateAllManager()

[ line -1504782312]

[2952.9043][Log]|[lua][info][2026-09-17 03:19:48.293850]	[info]	[PHONESTCORE_HOOK]	[0x28da0245c60 connect to http://worldx-global-assets.oss-us-east-1.aliyuncs.com:443/eu/prod/ClientInfo/202000114279_client_info_bin?x-oss-credential=LTAI5tS3b81GXuYfXYtgJZ7J%2F20260917%2Fus-east-1%2Foss%2Faliyun_v4_request&x-oss-date=20260917T011948Z&x-oss-expires=300&x-oss-signature=3e78a54c5dca51d58d6189d96f7fb7a0453967b1b6d922033b98bdbad4d8c475&x-oss-signature-version=OSS4-HMAC-SHA256]	[HttpClient.cpp:38(phonestcore::HttpClient::connect)]
FunPlus.WorldX.Utils.GameLog:SimpleLog(LogType, IntPtr, Int32)
FunPlus.WorldX.Utils.LuaUtils:LogForLua(Int32, IntPtr, Int32)
XLua.CSObjectWrap.FunPlusWorldXUtilsLuaUtilsWrap:_m_LogForLua_xlua_st_(IntPtr)
XLua.LuaFunction:Action(T1, T2, T3, T4, T5, T6, T7)
FunPlus.WorldX.Manager.LuaManager:CommonUpdate()
FunPlus.WorldX.AppFacade:UpdateAllManager()

Look rotation viewing vector is zero
FunPlus.WorldX.Entities.KCC.KinematicCharacterManager:SimulatePhase1(List`1, Int32)
FunPlus.WorldX.Entities.KCC.KinematicCharacterManager:Simulate(Single, List`1, List`1)
FunPlus.WorldX.Entities.KCC.KinematicCharacterManager:AfterAnimation()
FunPlus.WorldX.AppFacade:AfterAnimationUpdate()

[ line -1504779880]

[3147.8461][Error]|[lua][error][ClientLeylineFlowerComponent]	[快速联结] : 角色身上未找到对应的宠物，请检查配置是否与预期一致!!!	[[]     ...s\SpaceEntities\PlayerComponent\ClientEventComponent.lua:2510]
FunPlus.WorldX.Utils.GameLog:SimpleLog(LogType, IntPtr, Int32)
FunPlus.WorldX.Utils.LuaUtils:LogForLua(Int32, IntPtr, Int32)
XLua.CSObjectWrap.FunPlusWorldXUtilsLuaUtilsWrap:_m_LogForLua_xlua_st_(IntPtr)
XLua.LuaFunction:Action(T1, T2, T3, T4, T5, T6, T7)
FunPlus.WorldX.Manager.LuaManager:CommonUpdate()
FunPlus.WorldX.AppFacade:UpdateAllManager()

[3159.8449][Error]|[lua][error][ClientLeylineFlowerComponent]	[快速联结] : 角色身上未找到对应的宠物，请检查配置是否与预期一致!!!	[[]     ...s\SpaceEntities\PlayerComponent\ClientEventComponent.lua:2510]
FunPlus.WorldX.Utils.GameLog:SimpleLog(LogType, IntPtr, Int32)
FunPlus.WorldX.Utils.LuaUtils:LogForLua(Int32, IntPtr, Int32)
XLua.CSObjectWrap.FunPlusWorldXUtilsLuaUtilsWrap:_m_LogForLua_xlua_st_(IntPtr)
XLua.LuaFunction:Action(T1, T2, T3, T4, T5, T6, T7)
FunPlus.WorldX.Manager.LuaManager:CommonUpdate()
FunPlus.WorldX.AppFacade:UpdateAllManager()

[3166.7383][Error]|[lua][error][ClientLeylineFlowerComponent]	[快速联结] : 角色身上未找到对应的宠物，请检查配置是否与预期一致!!!	[[]     ...s\SpaceEntities\PlayerComponent\ClientEventComponent.lua:2510]
FunPlus.WorldX.Utils.GameLog:SimpleLog(LogType, IntPtr, Int32)
FunPlus.WorldX.Utils.LuaUtils:LogForLua(Int32, IntPtr, Int32)
XLua.CSObjectWrap.FunPlusWorldXUtilsLuaUtilsWrap:_m_LogForLua_xlua_st_(IntPtr)
XLua.LuaFunction:Action(T1, T2, T3, T4, T5, T6, T7)
FunPlus.WorldX.Manager.LuaManager:CommonUpdate()
FunPlus.WorldX.AppFacade:UpdateAllManager()

[3179.5060][Error]|[lua][error][ClientLeylineFlowerComponent]	[快速联结] : 当前不满足快速联结的条件!!!	[[]     ...s\SpaceEntities\PlayerComponent\ClientEventComponent.lua:2489]
FunPlus.WorldX.Utils.GameLog:SimpleLog(LogType, IntPtr, Int32)
FunPlus.WorldX.Utils.LuaUtils:LogForLua(Int32, IntPtr, Int32)
XLua.CSObjectWrap.FunPlusWorldXUtilsLuaUtilsWrap:_m_LogForLua_xlua_st_(IntPtr)
XLua.LuaFunction:Action(T1, T2, T3, T4, T5, T6, T7)
FunPlus.WorldX.Manager.LuaManager:CommonUpdate()
FunPlus.WorldX.AppFacade:UpdateAllManager()

The referenced script on this Behaviour (Game Object '<null>') is missing!
The referenced script on this Behaviour (Game Object '<null>') is missing!
The referenced script on this Behaviour (Game Object '<null>') is missing!
The referenced script on this Behaviour (Game Object '<null>') is missing!
The referenced script on this Behaviour (Game Object '<null>') is missing!
The referenced script on this Behaviour (Game Object '<null>') is missing!
The referenced script on this Behaviour (Game Object '<null>') is missing!
The referenced script on this Behaviour (Game Object '<null>') is missing!
The referenced script on this Behaviour (Game Object '<null>') is missing!
The referenced script on this Behaviour (Game Object '<null>') is missing!
The referenced script on this Behaviour (Game Object '<null>') is missing!
The referenced script on this Behaviour (Game Object '<null>') is missing!
The referenced script on this Behaviour (Game Object '<null>') is missing!
The referenced script on this Behaviour (Game Object '<null>') is missing!
The referenced script on this Behaviour (Game Object '<null>') is missing!
The referenced script on this Behaviour (Game Object '<null>') is missing!
The referenced script on this Behaviour (Game Object '<null>') is missing!
The referenced script on this Behaviour (Game Object '<null>') is missing!
The referenced script on this Behaviour (Game Object '<null>') is missing!
The referenced script on this Behaviour (Game Object '<null>') is missing!
The referenced script on this Behaviour (Game Object '<null>') is missing!
The referenced script on this Behaviour (Game Object '<null>') is missing!
The referenced script on this Behaviour (Game Object '<null>') is missing!
UnityEngine.Object:Instantiate(Object, Transform, Boolean)
UnityEngine.Object:Instantiate(T, Transform, Boolean)
FunPlus.WorldX.ResourceManager.Runtime.InstantiateQueue:PushTask(Object, InstantiationParameters, Action`2, InstantiatePriority, Object)
FunPlus.WorldX.ResourceManager.Runtime.InstanceImpl:ResInstantiateAsync(Object, Action`2, InstantiationParameters, InstantiatePriority, Object)
FunPlus.WorldX.ResourceManager.Runtime.WorldXResourceManager:ResInstantiateAsync(Object, Action`2, Transform, Boolean, InstantiatePriority, Object)
FunPlus.WorldX.ResourceManager.Runtime.GoInstanceTask:OnLoadAsset(Object, Object)
FunPlus.WorldX.ResourceManager.Runtime.XYooAssetImpl:NewLoadAssetSync(AssetInfo, String, String, TObject&, Action`2, Object, Boolean)
FunPlus.WorldX.ResourceManager.Runtime.XYooAssetImpl:LoadAssetSyncByID(String, Action`2, Object, Boolean)
FunPlus.WorldX.ResourceManager.Runtime.WorldXResourceManager:LoadAssetSyncByID(String, Action`2, Object, Boolean, Boolean)
FunPlus.WorldX.ResourceManager.Runtime.GoInstanceTask:GetAssetAndInstance()
FunPlus.WorldX.Load.ResourcesManager:GetInstanceFromCacheWithoutActivation(String, Action`2, GOCacheType, Object, Transform, Boolean, InstantiatePriority, AsyncLoadPriority)
FunPlus.WorldX.Effect.EffectItem:PlayEffect()
FunPlus.WorldX.Effect.EffectGenerator:PlayEffect(String, EffectConfigInfo, Int32, Boolean)
XLua.CSObjectWrap.FunPlusWorldXEntitiesEntityWrap:_ec_FunPlusWorldXEntitiesComponentsEffectComponent_m_PlayEffect(IntPtr)
XLua.CSObjectWrap.FunPlusWorldXEntitiesEntityWrap:_em_PlayEffect(IntPtr)
XLua.LuaFunction:Action(T1, T2, T3, T4, T5, T6, T7)
FunPlus.WorldX.Manager.LuaManager:CommonUpdate()
FunPlus.WorldX.AppFacade:UpdateAllManager()

[ line -1504783064]

The referenced script on this Behaviour (Game Object 'All') is missing!
UnityEngine.Object:Instantiate(Object, Transform, Boolean)
UnityEngine.Object:Instantiate(T, Transform, Boolean)
FunPlus.WorldX.ResourceManager.Runtime.InstantiateQueue:PushTask(Object, InstantiationParameters, Action`2, InstantiatePriority, Object)
FunPlus.WorldX.ResourceManager.Runtime.InstanceImpl:ResInstantiateAsync(Object, Action`2, InstantiationParameters, InstantiatePriority, Object)
FunPlus.WorldX.ResourceManager.Runtime.WorldXResourceManager:ResInstantiateAsync(Object, Action`2, Transform, Boolean, InstantiatePriority, Object)
FunPlus.WorldX.ResourceManager.Runtime.GoInstanceTask:OnLoadAsset(Object, Object)
FunPlus.WorldX.ResourceManager.Runtime.XYooAssetImpl:NewLoadAssetSync(AssetInfo, String, String, TObject&, Action`2, Object, Boolean)
FunPlus.WorldX.ResourceManager.Runtime.XYooAssetImpl:LoadAssetSyncByID(String, Action`2, Object, Boolean)
FunPlus.WorldX.ResourceManager.Runtime.WorldXResourceManager:LoadAssetSyncByID(String, Action`2, Object, Boolean, Boolean)
FunPlus.WorldX.ResourceManager.Runtime.GoInstanceTask:GetAssetAndInstance()
FunPlus.WorldX.Load.ResourcesManager:GetInstanceFromCacheWithoutActivation(String, Action`2, GOCacheType, Object, Transform, Boolean, InstantiatePriority, AsyncLoadPriority)
FunPlus.WorldX.Effect.EffectItem:PlayEffect()
FunPlus.WorldX.Effect.EffectGenerator:PlayEffect(String, EffectConfigInfo, Int32, Boolean)
XLua.CSObjectWrap.FunPlusWorldXEntitiesEntityWrap:_ec_FunPlusWorldXEntitiesComponentsEffectComponent_m_PlayEffect(IntPtr)
XLua.CSObjectWrap.FunPlusWorldXEntitiesEntityWrap:_em_PlayEffect(IntPtr)
XLua.LuaFunction:Action(T1, T2, T3, T4, T5, T6, T7)
FunPlus.WorldX.Manager.LuaManager:CommonUpdate()
FunPlus.WorldX.AppFacade:UpdateAllManager()

[ line -1504782312]

The referenced script on this Behaviour (Game Object 'All') is missing!
UnityEngine.Object:Instantiate(Object, Transform, Boolean)
UnityEngine.Object:Instantiate(T, Transform, Boolean)
FunPlus.WorldX.ResourceManager.Runtime.InstantiateQueue:PushTask(Object, InstantiationParameters, Action`2, InstantiatePriority, Object)
FunPlus.WorldX.ResourceManager.Runtime.InstanceImpl:ResInstantiateAsync(Object, Action`2, InstantiationParameters, InstantiatePriority, Object)
FunPlus.WorldX.ResourceManager.Runtime.WorldXResourceManager:ResInstantiateAsync(Object, Action`2, Transform, Boolean, InstantiatePriority, Object)
FunPlus.WorldX.ResourceManager.Runtime.GoInstanceTask:OnLoadAsset(Object, Object)
FunPlus.WorldX.ResourceManager.Runtime.XYooAssetImpl:NewLoadAssetSync(AssetInfo, String, String, TObject&, Action`2, Object, Boolean)
FunPlus.WorldX.ResourceManager.Runtime.XYooAssetImpl:LoadAssetSyncByID(String, Action`2, Object, Boolean)
FunPlus.WorldX.ResourceManager.Runtime.WorldXResourceManager:LoadAssetSyncByID(String, Action`2, Object, Boolean, Boolean)
FunPlus.WorldX.ResourceManager.Runtime.GoInstanceTask:GetAssetAndInstance()
FunPlus.WorldX.Load.ResourcesManager:GetInstanceFromCacheWithoutActivation(String, Action`2, GOCacheType, Object, Transform, Boolean, InstantiatePriority, AsyncLoadPriority)
FunPlus.WorldX.Effect.EffectItem:PlayEffect()
FunPlus.WorldX.Effect.EffectGenerator:PlayEffect(String, EffectConfigInfo, Int32, Boolean)
XLua.CSObjectWrap.FunPlusWorldXEntitiesEntityWrap:_ec_FunPlusWorldXEntitiesComponentsEffectComponent_m_PlayEffect(IntPtr)
XLua.CSObjectWrap.FunPlusWorldXEntitiesEntityWrap:_em_PlayEffect(IntPtr)
XLua.LuaFunction:Action(T1, T2, T3, T4, T5, T6, T7)
FunPlus.WorldX.Manager.LuaManager:CommonUpdate()
FunPlus.WorldX.AppFacade:UpdateAllManager()

[ line -1504782312]

The referenced script on this Behaviour (Game Object '<null>') is missing!
UnityEngine.Object:Instantiate(Object, Transform, Boolean)
UnityEngine.Object:Instantiate(T, Transform, Boolean)
FunPlus.WorldX.ResourceManager.Runtime.InstantiateQueue:PushTask(Object, InstantiationParameters, Action`2, InstantiatePriority, Object)
FunPlus.WorldX.ResourceManager.Runtime.InstanceImpl:ResInstantiateAsync(Object, Action`2, InstantiationParameters, InstantiatePriority, Object)
FunPlus.WorldX.ResourceManager.Runtime.WorldXResourceManager:ResInstantiateAsync(Object, Action`2, Transform, Boolean, InstantiatePriority, Object)
FunPlus.WorldX.ResourceManager.Runtime.GoInstanceTask:OnLoadAsset(Object, Object)
FunPlus.WorldX.ResourceManager.Runtime.XYooAssetImpl:NewLoadAssetSync(AssetInfo, String, String, TObject&, Action`2, Object, Boolean)
FunPlus.WorldX.ResourceManager.Runtime.XYooAssetImpl:LoadAssetSyncByID(String, Action`2, Object, Boolean)
FunPlus.WorldX.ResourceManager.Runtime.WorldXResourceManager:LoadAssetSyncByID(String, Action`2, Object, Boolean, Boolean)
FunPlus.WorldX.ResourceManager.Runtime.GoInstanceTask:GetAssetAndInstance()
FunPlus.WorldX.Load.ResourcesManager:GetInstanceFromCacheWithoutActivation(String, Action`2, GOCacheType, Object, Transform, Boolean, InstantiatePriority, AsyncLoadPriority)
FunPlus.WorldX.Effect.EffectItem:PlayEffect()
FunPlus.WorldX.Effect.EffectGenerator:PlayEffect(String, EffectConfigInfo, Int32, Boolean)
XLua.CSObjectWrap.FunPlusWorldXEntitiesEntityWrap:_ec_FunPlusWorldXEntitiesComponentsEffectComponent_m_PlayEffect(IntPtr)
XLua.CSObjectWrap.FunPlusWorldXEntitiesEntityWrap:_em_PlayEffect(IntPtr)
XLua.LuaFunction:Action(T1, T2, T3, T4, T5, T6, T7)
FunPlus.WorldX.Manager.LuaManager:CommonUpdate()
FunPlus.WorldX.AppFacade:UpdateAllManager()

[ line -1504783064]

The referenced script on this Behaviour (Game Object 'All') is missing!
UnityEngine.Object:Instantiate(Object, Transform, Boolean)
UnityEngine.Object:Instantiate(T, Transform, Boolean)
FunPlus.WorldX.ResourceManager.Runtime.InstantiateQueue:PushTask(Object, InstantiationParameters, Action`2, InstantiatePriority, Object)
FunPlus.WorldX.ResourceManager.Runtime.InstanceImpl:ResInstantiateAsync(Object, Action`2, InstantiationParameters, InstantiatePriority, Object)
FunPlus.WorldX.ResourceManager.Runtime.WorldXResourceManager:ResInstantiateAsync(Object, Action`2, Transform, Boolean, InstantiatePriority, Object)
FunPlus.WorldX.ResourceManager.Runtime.GoInstanceTask:OnLoadAsset(Object, Object)
FunPlus.WorldX.ResourceManager.Runtime.XYooAssetImpl:NewLoadAssetSync(AssetInfo, String, String, TObject&, Action`2, Object, Boolean)
FunPlus.WorldX.ResourceManager.Runtime.XYooAssetImpl:LoadAssetSyncByID(String, Action`2, Object, Boolean)
FunPlus.WorldX.ResourceManager.Runtime.WorldXResourceManager:LoadAssetSyncByID(String, Action`2, Object, Boolean, Boolean)
FunPlus.WorldX.ResourceManager.Runtime.GoInstanceTask:GetAssetAndInstance()
FunPlus.WorldX.Load.ResourcesManager:GetInstanceFromCacheWithoutActivation(String, Action`2, GOCacheType, Object, Transform, Boolean, InstantiatePriority, AsyncLoadPriority)
FunPlus.WorldX.Effect.EffectItem:PlayEffect()
FunPlus.WorldX.Effect.EffectGenerator:PlayEffect(String, EffectConfigInfo, Int32, Boolean)
XLua.CSObjectWrap.FunPlusWorldXEntitiesEntityWrap:_ec_FunPlusWorldXEntitiesComponentsEffectComponent_m_PlayEffect(IntPtr)
XLua.CSObjectWrap.FunPlusWorldXEntitiesEntityWrap:_em_PlayEffect(IntPtr)
XLua.LuaFunction:Action(T1, T2, T3, T4, T5, T6, T7)
FunPlus.WorldX.Manager.LuaManager:CommonUpdate()
FunPlus.WorldX.AppFacade:UpdateAllManager()

[ line -1504782312]

The referenced script on this Behaviour (Game Object 'All') is missing!
UnityEngine.Object:Instantiate(Object, Transform, Boolean)
UnityEngine.Object:Instantiate(T, Transform, Boolean)
FunPlus.WorldX.ResourceManager.Runtime.InstantiateQueue:PushTask(Object, InstantiationParameters, Action`2, InstantiatePriority, Object)
FunPlus.WorldX.ResourceManager.Runtime.InstanceImpl:ResInstantiateAsync(Object, Action`2, InstantiationParameters, InstantiatePriority, Object)
FunPlus.WorldX.ResourceManager.Runtime.WorldXResourceManager:ResInstantiateAsync(Object, Action`2, Transform, Boolean, InstantiatePriority, Object)
FunPlus.WorldX.ResourceManager.Runtime.GoInstanceTask:OnLoadAsset(Object, Object)
FunPlus.WorldX.ResourceManager.Runtime.XYooAssetImpl:NewLoadAssetSync(AssetInfo, String, String, TObject&, Action`2, Object, Boolean)
FunPlus.WorldX.ResourceManager.Runtime.XYooAssetImpl:LoadAssetSyncByID(String, Action`2, Object, Boolean)
FunPlus.WorldX.ResourceManager.Runtime.WorldXResourceManager:LoadAssetSyncByID(String, Action`2, Object, Boolean, Boolean)
FunPlus.WorldX.ResourceManager.Runtime.GoInstanceTask:GetAssetAndInstance()
FunPlus.WorldX.Load.ResourcesManager:GetInstanceFromCacheWithoutActivation(String, Action`2, GOCacheType, Object, Transform, Boolean, InstantiatePriority, AsyncLoadPriority)
FunPlus.WorldX.Effect.EffectItem:PlayEffect()
FunPlus.WorldX.Effect.EffectGenerator:PlayEffect(String, EffectConfigInfo, Int32, Boolean)
XLua.CSObjectWrap.FunPlusWorldXEntitiesEntityWrap:_ec_FunPlusWorldXEntitiesComponentsEffectComponent_m_PlayEffect(IntPtr)
XLua.CSObjectWrap.FunPlusWorldXEntitiesEntityWrap:_em_PlayEffect(IntPtr)
XLua.LuaFunction:Action(T1, T2, T3, T4, T5, T6, T7)
FunPlus.WorldX.Manager.LuaManager:CommonUpdate()
FunPlus.WorldX.AppFacade:UpdateAllManager()

[ line -1504782312]

Look rotation viewing vector is zero
FunPlus.WorldX.Entities.KCC.KinematicCharacterManager:SimulatePhase1(List`1, Int32)
FunPlus.WorldX.Entities.KCC.KinematicCharacterManager:Simulate(Single, List`1, List`1)
FunPlus.WorldX.Entities.KCC.KinematicCharacterManager:AfterAnimation()
FunPlus.WorldX.AppFacade:AfterAnimationUpdate()

[ line -1504779880]

Setting linear velocity of a kinematic body is not supported.
FunPlus.WorldX.Entities.Components.AttachInfo:OnEnable_Physics(Entity, Entity)
FunPlus.WorldX.Entities.Components.AttachInfo:OnEnable(Entity, Entity)
FunPlus.WorldX.Entities.Components.AttachInfo:LateUpdate(Single)
FunPlus.WorldX.Manager.EntityManager:BeforeRender()
FunPlus.WorldX.AppFacade:BeforeRenderUpdateManager()

[ line -1504778664]

[3372.7281][Log]|[lua][info][2026-09-17 03:26:48.114782]	[info]	[PHONESTCORE_HOOK]	[0x28f20c9c670 connect to http://priv-platform-yimoo-api.funplus.com:443/api/game/red-dot]	[HttpClient.cpp:38(phonestcore::HttpClient::connect)]
FunPlus.WorldX.Utils.GameLog:SimpleLog(LogType, IntPtr, Int32)
FunPlus.WorldX.Utils.LuaUtils:LogForLua(Int32, IntPtr, Int32)
XLua.CSObjectWrap.FunPlusWorldXUtilsLuaUtilsWrap:_m_LogForLua_xlua_st_(IntPtr)
XLua.LuaFunction:Action(T1, T2, T3, T4, T5, T6, T7)
FunPlus.WorldX.Manager.LuaManager:CommonUpdate()
FunPlus.WorldX.AppFacade:UpdateAllManager()

[3372.7283][Log]|[lua][info][2026-09-17 03:26:48.115438]	[info]	[PHONESTCORE_HOOK]	[0x28f20c9c340 connect to http://announcement-web.funplus.com:443/api/announce/list]	[HttpClient.cpp:38(phonestcore::HttpClient::connect)]
FunPlus.WorldX.Utils.GameLog:SimpleLog(LogType, IntPtr, Int32)
FunPlus.WorldX.Utils.LuaUtils:LogForLua(Int32, IntPtr, Int32)
XLua.CSObjectWrap.FunPlusWorldXUtilsLuaUtilsWrap:_m_LogForLua_xlua_st_(IntPtr)
XLua.LuaFunction:Action(T1, T2, T3, T4, T5, T6, T7)
FunPlus.WorldX.Manager.LuaManager:CommonUpdate()
FunPlus.WorldX.AppFacade:UpdateAllManager()

The referenced script on this Behaviour (Game Object '<null>') is missing!
The referenced script on this Behaviour (Game Object '<null>') is missing!
The referenced script on this Behaviour (Game Object '<null>') is missing!
The referenced script on this Behaviour (Game Object '<null>') is missing!
The referenced script on this Behaviour (Game Object '<null>') is missing!
[3493.0018][Log]|[lua][info][2026-09-17 03:28:48.392230]	[info]	[PHONESTCORE_HOOK]	[0x28f483ba090 connect to http://worldx-global-assets.oss-us-east-1.aliyuncs.com:443/eu/prod/ClientInfo/202000114279_client_info_bin?x-oss-credential=LTAI5tS3b81GXuYfXYtgJZ7J%2F20260917%2Fus-east-1%2Foss%2Faliyun_v4_request&x-oss-date=20260917T012848Z&x-oss-expires=300&x-oss-signature=ae85fdc4e02c2da46c287d833c24894f0547ab0a0303c888ec676d050975573b&x-oss-signature-version=OSS4-HMAC-SHA256]	[HttpClient.cpp:38(phonestcore::HttpClient::connect)]
FunPlus.WorldX.Utils.GameLog:SimpleLog(LogType, IntPtr, Int32)
FunPlus.WorldX.Utils.LuaUtils:LogForLua(Int32, IntPtr, Int32)
XLua.CSObjectWrap.FunPlusWorldXUtilsLuaUtilsWrap:_m_LogForLua_xlua_st_(IntPtr)
XLua.LuaFunction:Action(T1, T2, T3, T4, T5, T6, T7)
FunPlus.WorldX.Manager.LuaManager:CommonUpdate()
FunPlus.WorldX.AppFacade:UpdateAllManager()

The referenced script on this Behaviour (Game Object '<null>') is missing!
UnityEngine.Object:Instantiate(Object, Transform, Boolean)
UnityEngine.Object:Instantiate(T, Transform, Boolean)
FunPlus.WorldX.ResourceManager.Runtime.InstantiateQueue:PushTask(Object, InstantiationParameters, Action`2, InstantiatePriority, Object)
FunPlus.WorldX.ResourceManager.Runtime.InstanceImpl:ResInstantiateAsync(Object, Action`2, InstantiationParameters, InstantiatePriority, Object)
FunPlus.WorldX.ResourceManager.Runtime.WorldXResourceManager:ResInstantiateAsync(Object, Action`2, Transform, Boolean, InstantiatePriority, Object)
FunPlus.WorldX.ResourceManager.Runtime.GoInstanceTask:OnLoadAsset(Object, Object)
FunPlus.WorldX.ResourceManager.Runtime.XYooAssetImpl:NewLoadAssetSync(AssetInfo, String, String, TObject&, Action`2, Object, Boolean)
FunPlus.WorldX.ResourceManager.Runtime.XYooAssetImpl:LoadAssetSyncByID(String, Action`2, Object, Boolean)
FunPlus.WorldX.ResourceManager.Runtime.WorldXResourceManager:LoadAssetSyncByID(String, Action`2, Object, Boolean, Boolean)
FunPlus.WorldX.ResourceManager.Runtime.GoInstanceTask:GetAssetAndInstance()
FunPlus.WorldX.Load.ResourcesManager:GetInstanceFromCacheWithoutActivation(String, Action`2, GOCacheType, Object, Transform, Boolean, InstantiatePriority, AsyncLoadPriority)
FunPlus.WorldX.Effect.EffectItem:PlayEffect()
FunPlus.WorldX.Effect.EffectGenerator:PlayEffect(String, EffectConfigInfo, Int32, Boolean)
XLua.CSObjectWrap.FunPlusWorldXEntitiesEntityWrap:_ec_FunPlusWorldXEntitiesComponentsEffectComponent_m_PlayEffect(IntPtr)
XLua.CSObjectWrap.FunPlusWorldXEntitiesEntityWrap:_em_PlayEffect(IntPtr)
XLua.LuaFunction:Action(T1, T2, T3, T4, T5, T6, T7)
FunPlus.WorldX.Manager.LuaManager:CommonUpdate()
FunPlus.WorldX.AppFacade:UpdateAllManager()

[ line -1504783064]

The referenced script on this Behaviour (Game Object 'All') is missing!
UnityEngine.Object:Instantiate(Object, Transform, Boolean)
UnityEngine.Object:Instantiate(T, Transform, Boolean)
FunPlus.WorldX.ResourceManager.Runtime.InstantiateQueue:PushTask(Object, InstantiationParameters, Action`2, InstantiatePriority, Object)
FunPlus.WorldX.ResourceManager.Runtime.InstanceImpl:ResInstantiateAsync(Object, Action`2, InstantiationParameters, InstantiatePriority, Object)
FunPlus.WorldX.ResourceManager.Runtime.WorldXResourceManager:ResInstantiateAsync(Object, Action`2, Transform, Boolean, InstantiatePriority, Object)
FunPlus.WorldX.ResourceManager.Runtime.GoInstanceTask:OnLoadAsset(Object, Object)
FunPlus.WorldX.ResourceManager.Runtime.XYooAssetImpl:NewLoadAssetSync(AssetInfo, String, String, TObject&, Action`2, Object, Boolean)
FunPlus.WorldX.ResourceManager.Runtime.XYooAssetImpl:LoadAssetSyncByID(String, Action`2, Object, Boolean)
FunPlus.WorldX.ResourceManager.Runtime.WorldXResourceManager:LoadAssetSyncByID(String, Action`2, Object, Boolean, Boolean)
FunPlus.WorldX.ResourceManager.Runtime.GoInstanceTask:GetAssetAndInstance()
FunPlus.WorldX.Load.ResourcesManager:GetInstanceFromCacheWithoutActivation(String, Action`2, GOCacheType, Object, Transform, Boolean, InstantiatePriority, AsyncLoadPriority)
FunPlus.WorldX.Effect.EffectItem:PlayEffect()
FunPlus.WorldX.Effect.EffectGenerator:PlayEffect(String, EffectConfigInfo, Int32, Boolean)
XLua.CSObjectWrap.FunPlusWorldXEntitiesEntityWrap:_ec_FunPlusWorldXEntitiesComponentsEffectComponent_m_PlayEffect(IntPtr)
XLua.CSObjectWrap.FunPlusWorldXEntitiesEntityWrap:_em_PlayEffect(IntPtr)
XLua.LuaFunction:Action(T1, T2, T3, T4, T5, T6, T7)
FunPlus.WorldX.Manager.LuaManager:CommonUpdate()
FunPlus.WorldX.AppFacade:UpdateAllManager()

[ line -1504782312]

The referenced script on this Behaviour (Game Object 'All') is missing!
UnityEngine.Object:Instantiate(Object, Transform, Boolean)
UnityEngine.Object:Instantiate(T, Transform, Boolean)
FunPlus.WorldX.ResourceManager.Runtime.InstantiateQueue:PushTask(Object, InstantiationParameters, Action`2, InstantiatePriority, Object)
FunPlus.WorldX.ResourceManager.Runtime.InstanceImpl:ResInstantiateAsync(Object, Action`2, InstantiationParameters, InstantiatePriority, Object)
FunPlus.WorldX.ResourceManager.Runtime.WorldXResourceManager:ResInstantiateAsync(Object, Action`2, Transform, Boolean, InstantiatePriority, Object)
FunPlus.WorldX.ResourceManager.Runtime.GoInstanceTask:OnLoadAsset(Object, Object)
FunPlus.WorldX.ResourceManager.Runtime.XYooAssetImpl:NewLoadAssetSync(AssetInfo, String, String, TObject&, Action`2, Object, Boolean)
FunPlus.WorldX.ResourceManager.Runtime.XYooAssetImpl:LoadAssetSyncByID(String, Action`2, Object, Boolean)
FunPlus.WorldX.ResourceManager.Runtime.WorldXResourceManager:LoadAssetSyncByID(String, Action`2, Object, Boolean, Boolean)
FunPlus.WorldX.ResourceManager.Runtime.GoInstanceTask:GetAssetAndInstance()
FunPlus.WorldX.Load.ResourcesManager:GetInstanceFromCacheWithoutActivation(String, Action`2, GOCacheType, Object, Transform, Boolean, InstantiatePriority, AsyncLoadPriority)
FunPlus.WorldX.Effect.EffectItem:PlayEffect()
FunPlus.WorldX.Effect.EffectGenerator:PlayEffect(String, EffectConfigInfo, Int32, Boolean)
XLua.CSObjectWrap.FunPlusWorldXEntitiesEntityWrap:_ec_FunPlusWorldXEntitiesComponentsEffectComponent_m_PlayEffect(IntPtr)
XLua.CSObjectWrap.FunPlusWorldXEntitiesEntityWrap:_em_PlayEffect(IntPtr)
XLua.LuaFunction:Action(T1, T2, T3, T4, T5, T6, T7)
FunPlus.WorldX.Manager.LuaManager:CommonUpdate()
FunPlus.WorldX.AppFacade:UpdateAllManager()

[ line -1504782312]

The referenced script on this Behaviour (Game Object '<null>') is missing!
UnityEngine.Object:Instantiate(Object, Transform, Boolean)
UnityEngine.Object:Instantiate(T, Transform, Boolean)
FunPlus.WorldX.ResourceManager.Runtime.InstantiateQueue:PushTask(Object, InstantiationParameters, Action`2, InstantiatePriority, Object)
FunPlus.WorldX.ResourceManager.Runtime.InstanceImpl:ResInstantiateAsync(Object, Action`2, InstantiationParameters, InstantiatePriority, Object)
FunPlus.WorldX.ResourceManager.Runtime.WorldXResourceManager:ResInstantiateAsync(Object, Action`2, Transform, Boolean, InstantiatePriority, Object)
FunPlus.WorldX.ResourceManager.Runtime.GoInstanceTask:OnLoadAsset(Object, Object)
FunPlus.WorldX.ResourceManager.Runtime.XYooAssetImpl:NewLoadAssetSync(AssetInfo, String, String, TObject&, Action`2, Object, Boolean)
FunPlus.WorldX.ResourceManager.Runtime.XYooAssetImpl:LoadAssetSyncByID(String, Action`2, Object, Boolean)
FunPlus.WorldX.ResourceManager.Runtime.WorldXResourceManager:LoadAssetSyncByID(String, Action`2, Object, Boolean, Boolean)
FunPlus.WorldX.ResourceManager.Runtime.GoInstanceTask:GetAssetAndInstance()
FunPlus.WorldX.Load.ResourcesManager:GetInstanceFromCacheWithoutActivation(String, Action`2, GOCacheType, Object, Transform, Boolean, InstantiatePriority, AsyncLoadPriority)
FunPlus.WorldX.Effect.EffectItem:PlayEffect()
FunPlus.WorldX.Effect.EffectGenerator:PlayEffect(String, EffectConfigInfo, Int32, Boolean)
XLua.CSObjectWrap.FunPlusWorldXEntitiesEntityWrap:_ec_FunPlusWorldXEntitiesComponentsEffectComponent_m_PlayEffect(IntPtr)
XLua.CSObjectWrap.FunPlusWorldXEntitiesEntityWrap:_em_PlayEffect(IntPtr)
XLua.LuaFunction:Action(T1, T2, T3, T4, T5, T6, T7)
FunPlus.WorldX.Manager.LuaManager:CommonUpdate()
FunPlus.WorldX.AppFacade:UpdateAllManager()

[ line -1504783064]

The referenced script on this Behaviour (Game Object 'All') is missing!
UnityEngine.Object:Instantiate(Object, Transform, Boolean)
UnityEngine.Object:Instantiate(T, Transform, Boolean)
FunPlus.WorldX.ResourceManager.Runtime.InstantiateQueue:PushTask(Object, InstantiationParameters, Action`2, InstantiatePriority, Object)
FunPlus.WorldX.ResourceManager.Runtime.InstanceImpl:ResInstantiateAsync(Object, Action`2, InstantiationParameters, InstantiatePriority, Object)
FunPlus.WorldX.ResourceManager.Runtime.WorldXResourceManager:ResInstantiateAsync(Object, Action`2, Transform, Boolean, InstantiatePriority, Object)
FunPlus.WorldX.ResourceManager.Runtime.GoInstanceTask:OnLoadAsset(Object, Object)
FunPlus.WorldX.ResourceManager.Runtime.XYooAssetImpl:NewLoadAssetSync(AssetInfo, String, String, TObject&, Action`2, Object, Boolean)
FunPlus.WorldX.ResourceManager.Runtime.XYooAssetImpl:LoadAssetSyncByID(String, Action`2, Object, Boolean)
FunPlus.WorldX.ResourceManager.Runtime.WorldXResourceManager:LoadAssetSyncByID(String, Action`2, Object, Boolean, Boolean)
FunPlus.WorldX.ResourceManager.Runtime.GoInstanceTask:GetAssetAndInstance()
FunPlus.WorldX.Load.ResourcesManager:GetInstanceFromCacheWithoutActivation(String, Action`2, GOCacheType, Object, Transform, Boolean, InstantiatePriority, AsyncLoadPriority)
FunPlus.WorldX.Effect.EffectItem:PlayEffect()
FunPlus.WorldX.Effect.EffectGenerator:PlayEffect(String, EffectConfigInfo, Int32, Boolean)
XLua.CSObjectWrap.FunPlusWorldXEntitiesEntityWrap:_ec_FunPlusWorldXEntitiesComponentsEffectComponent_m_PlayEffect(IntPtr)
XLua.CSObjectWrap.FunPlusWorldXEntitiesEntityWrap:_em_PlayEffect(IntPtr)
XLua.LuaFunction:Action(T1, T2, T3, T4, T5, T6, T7)
FunPlus.WorldX.Manager.LuaManager:CommonUpdate()
FunPlus.WorldX.AppFacade:UpdateAllManager()

[ line -1504782312]

The referenced script on this Behaviour (Game Object 'All') is missing!
UnityEngine.Object:Instantiate(Object, Transform, Boolean)
UnityEngine.Object:Instantiate(T, Transform, Boolean)
FunPlus.WorldX.ResourceManager.Runtime.InstantiateQueue:PushTask(Object, InstantiationParameters, Action`2, InstantiatePriority, Object)
FunPlus.WorldX.ResourceManager.Runtime.InstanceImpl:ResInstantiateAsync(Object, Action`2, InstantiationParameters, InstantiatePriority, Object)
FunPlus.WorldX.ResourceManager.Runtime.WorldXResourceManager:ResInstantiateAsync(Object, Action`2, Transform, Boolean, InstantiatePriority, Object)
FunPlus.WorldX.ResourceManager.Runtime.GoInstanceTask:OnLoadAsset(Object, Object)
FunPlus.WorldX.ResourceManager.Runtime.XYooAssetImpl:NewLoadAssetSync(AssetInfo, String, String, TObject&, Action`2, Object, Boolean)
FunPlus.WorldX.ResourceManager.Runtime.XYooAssetImpl:LoadAssetSyncByID(String, Action`2, Object, Boolean)
FunPlus.WorldX.ResourceManager.Runtime.WorldXResourceManager:LoadAssetSyncByID(String, Action`2, Object, Boolean, Boolean)
FunPlus.WorldX.ResourceManager.Runtime.GoInstanceTask:GetAssetAndInstance()
FunPlus.WorldX.Load.ResourcesManager:GetInstanceFromCacheWithoutActivation(String, Action`2, GOCacheType, Object, Transform, Boolean, InstantiatePriority, AsyncLoadPriority)
FunPlus.WorldX.Effect.EffectItem:PlayEffect()
FunPlus.WorldX.Effect.EffectGenerator:PlayEffect(String, EffectConfigInfo, Int32, Boolean)
XLua.CSObjectWrap.FunPlusWorldXEntitiesEntityWrap:_ec_FunPlusWorldXEntitiesComponentsEffectComponent_m_PlayEffect(IntPtr)
XLua.CSObjectWrap.FunPlusWorldXEntitiesEntityWrap:_em_PlayEffect(IntPtr)
XLua.LuaFunction:Action(T1, T2, T3, T4, T5, T6, T7)
FunPlus.WorldX.Manager.LuaManager:CommonUpdate()
FunPlus.WorldX.AppFacade:UpdateAllManager()

[ line -1504782312]

Unloading 1 Unused Serialized files (Serialized files now loaded: 1207)
Unloading 38003 unused Assets to reduce memory usage. Loaded Objects now: 182848.
Total: 158.851400 ms (FindLiveObjects: 14.788800 ms CreateObjectMapping: 7.977400 ms MarkObjects: 93.238200 ms  DeleteObjects: 42.846800 ms)

Couldn't create a Convex Mesh from source mesh "SM_Rock_Edge_Big_07_CM_-1819458910" within the maximum polygons limit (256). The partial hull will be used. Consider simplifying your mesh.
Couldn't create a Convex Mesh from source mesh "SM_LVIOT_Build_FlowerTower_001_CM_02_-279186520" within the maximum polygons limit (256). The partial hull will be used. Consider simplifying your mesh.
Couldn't create a Convex Mesh from source mesh "SM_LVIOT_Build_FlowerTower_Stove_003_CM_01_210451821" within the maximum polygons limit (256). The partial hull will be used. Consider simplifying your mesh.
Couldn't create a Convex Mesh from source mesh "SM_LVIOT_Build_FlowerTower_Stove_001_CM_01_-449061855" within the maximum polygons limit (256). The partial hull will be used. Consider simplifying your mesh.
Couldn't create a Convex Mesh from source mesh "SM_Rock_Cliff_Beach_10_Collider_Mesh_1374907504" within the maximum polygons limit (256). The partial hull will be used. Consider simplifying your mesh.
Couldn't create a Convex Mesh from source mesh "SM_LVIOT_Build_FlowerTower_001_CM_01_-682471047" within the maximum polygons limit (256). The partial hull will be used. Consider simplifying your mesh.
Setting linear velocity of a kinematic body is not supported.
FunPlus.WorldX.GameApp.Sandbox.PressPlatform:SyncMoverPose()
FunPlus.WorldX.GameApp.Sandbox.PressPlatform:RestorePrefabDefaults()
FunPlus.WorldX.GameApp.Sandbox.LevelItemModel:Destroy()
FunPlus.WorldX.GameApp.Sandbox.Sandbox:Destroy()
FunPlus.WorldX.GameApp.Sandbox.SandboxManager:DestroySandbox(Int32)
XLua.CSObjectWrap.FunPlusWorldXGameAppSandboxSandboxManagerWrap:_m_DestroySandbox(IntPtr)
XLua.LuaFunction:Action(T1, T2, T3, T4, T5, T6, T7)
FunPlus.WorldX.Manager.LuaManager:CommonUpdate()
FunPlus.WorldX.AppFacade:UpdateAllManager()

[ line -1504781096]

Setting angular velocity of a kinematic body is not supported.
FunPlus.WorldX.GameApp.Sandbox.PressPlatform:SyncMoverPose()
FunPlus.WorldX.GameApp.Sandbox.PressPlatform:RestorePrefabDefaults()
FunPlus.WorldX.GameApp.Sandbox.LevelItemModel:Destroy()
FunPlus.WorldX.GameApp.Sandbox.Sandbox:Destroy()
FunPlus.WorldX.GameApp.Sandbox.SandboxManager:DestroySandbox(Int32)
XLua.CSObjectWrap.FunPlusWorldXGameAppSandboxSandboxManagerWrap:_m_DestroySandbox(IntPtr)
XLua.LuaFunction:Action(T1, T2, T3, T4, T5, T6, T7)
FunPlus.WorldX.Manager.LuaManager:CommonUpdate()
FunPlus.WorldX.AppFacade:UpdateAllManager()

[ line -1504781304]

Setting linear velocity of a kinematic body is not supported.
FunPlus.WorldX.GameApp.Sandbox.PressPlatform:SyncMoverPose()
FunPlus.WorldX.GameApp.Sandbox.PressPlatform:RestorePrefabDefaults()
FunPlus.WorldX.GameApp.Sandbox.LevelItemModel:Destroy()
FunPlus.WorldX.GameApp.Sandbox.Sandbox:Destroy()
FunPlus.WorldX.GameApp.Sandbox.SandboxManager:DestroySandbox(Int32)
XLua.CSObjectWrap.FunPlusWorldXGameAppSandboxSandboxManagerWrap:_m_DestroySandbox(IntPtr)
XLua.LuaFunction:Action(T1, T2, T3, T4, T5, T6, T7)
FunPlus.WorldX.Manager.LuaManager:CommonUpdate()
FunPlus.WorldX.AppFacade:UpdateAllManager()

[ line -1504781096]

Setting angular velocity of a kinematic body is not supported.
FunPlus.WorldX.GameApp.Sandbox.PressPlatform:SyncMoverPose()
FunPlus.WorldX.GameApp.Sandbox.PressPlatform:RestorePrefabDefaults()
FunPlus.WorldX.GameApp.Sandbox.LevelItemModel:Destroy()
FunPlus.WorldX.GameApp.Sandbox.Sandbox:Destroy()
FunPlus.WorldX.GameApp.Sandbox.SandboxManager:DestroySandbox(Int32)
XLua.CSObjectWrap.FunPlusWorldXGameAppSandboxSandboxManagerWrap:_m_DestroySandbox(IntPtr)
XLua.LuaFunction:Action(T1, T2, T3, T4, T5, T6, T7)
FunPlus.WorldX.Manager.LuaManager:CommonUpdate()
FunPlus.WorldX.AppFacade:UpdateAllManager()

[ line -1504781304]

Setting linear velocity of a kinematic body is not supported.
FunPlus.WorldX.GameApp.Sandbox.PressPlatform:SyncMoverPose()
FunPlus.WorldX.GameApp.Sandbox.PressPlatform:RestorePrefabDefaults()
FunPlus.WorldX.GameApp.Sandbox.LevelItemModel:Destroy()
FunPlus.WorldX.GameApp.Sandbox.Sandbox:Destroy()
FunPlus.WorldX.GameApp.Sandbox.SandboxManager:DestroySandbox(Int32)
XLua.CSObjectWrap.FunPlusWorldXGameAppSandboxSandboxManagerWrap:_m_DestroySandbox(IntPtr)
XLua.LuaFunction:Action(T1, T2, T3, T4, T5, T6, T7)
FunPlus.WorldX.Manager.LuaManager:CommonUpdate()
FunPlus.WorldX.AppFacade:UpdateAllManager()

[ line -1504781096]

Setting angular velocity of a kinematic body is not supported.
FunPlus.WorldX.GameApp.Sandbox.PressPlatform:SyncMoverPose()
FunPlus.WorldX.GameApp.Sandbox.PressPlatform:RestorePrefabDefaults()
FunPlus.WorldX.GameApp.Sandbox.LevelItemModel:Destroy()
FunPlus.WorldX.GameApp.Sandbox.Sandbox:Destroy()
FunPlus.WorldX.GameApp.Sandbox.SandboxManager:DestroySandbox(Int32)
XLua.CSObjectWrap.FunPlusWorldXGameAppSandboxSandboxManagerWrap:_m_DestroySandbox(IntPtr)
XLua.LuaFunction:Action(T1, T2, T3, T4, T5, T6, T7)
FunPlus.WorldX.Manager.LuaManager:CommonUpdate()
FunPlus.WorldX.AppFacade:UpdateAllManager()

[ line -1504781304]

Setting linear velocity of a kinematic body is not supported.
FunPlus.WorldX.GameApp.Sandbox.PressPlatform:SyncMoverPose()
FunPlus.WorldX.GameApp.Sandbox.PressPlatform:RestorePrefabDefaults()
FunPlus.WorldX.GameApp.Sandbox.LevelItemModel:Destroy()
FunPlus.WorldX.GameApp.Sandbox.Sandbox:Destroy()
FunPlus.WorldX.GameApp.Sandbox.SandboxManager:DestroySandbox(Int32)
XLua.CSObjectWrap.FunPlusWorldXGameAppSandboxSandboxManagerWrap:_m_DestroySandbox(IntPtr)
XLua.LuaFunction:Action(T1, T2, T3, T4, T5, T6, T7)
FunPlus.WorldX.Manager.LuaManager:CommonUpdate()
FunPlus.WorldX.AppFacade:UpdateAllManager()

[ line -1504781096]

Setting angular velocity of a kinematic body is not supported.
FunPlus.WorldX.GameApp.Sandbox.PressPlatform:SyncMoverPose()
FunPlus.WorldX.GameApp.Sandbox.PressPlatform:RestorePrefabDefaults()
FunPlus.WorldX.GameApp.Sandbox.LevelItemModel:Destroy()
FunPlus.WorldX.GameApp.Sandbox.Sandbox:Destroy()
FunPlus.WorldX.GameApp.Sandbox.SandboxManager:DestroySandbox(Int32)
XLua.CSObjectWrap.FunPlusWorldXGameAppSandboxSandboxManagerWrap:_m_DestroySandbox(IntPtr)
XLua.LuaFunction:Action(T1, T2, T3, T4, T5, T6, T7)
FunPlus.WorldX.Manager.LuaManager:CommonUpdate()
FunPlus.WorldX.AppFacade:UpdateAllManager()

[ line -1504781304]

Setting linear velocity of a kinematic body is not supported.
FunPlus.WorldX.GameApp.Sandbox.PressPlatform:SyncMoverPose()
FunPlus.WorldX.GameApp.Sandbox.PressPlatform:RestorePrefabDefaults()
FunPlus.WorldX.GameApp.Sandbox.LevelItemModel:Destroy()
FunPlus.WorldX.GameApp.Sandbox.Sandbox:Destroy()
FunPlus.WorldX.GameApp.Sandbox.SandboxManager:DestroySandbox(Int32)
XLua.CSObjectWrap.FunPlusWorldXGameAppSandboxSandboxManagerWrap:_m_DestroySandbox(IntPtr)
XLua.LuaFunction:Action(T1, T2, T3, T4, T5, T6, T7)
FunPlus.WorldX.Manager.LuaManager:CommonUpdate()
FunPlus.WorldX.AppFacade:UpdateAllManager()

[ line -1504781096]

Setting angular velocity of a kinematic body is not supported.
FunPlus.WorldX.GameApp.Sandbox.PressPlatform:SyncMoverPose()
FunPlus.WorldX.GameApp.Sandbox.PressPlatform:RestorePrefabDefaults()
FunPlus.WorldX.GameApp.Sandbox.LevelItemModel:Destroy()
FunPlus.WorldX.GameApp.Sandbox.Sandbox:Destroy()
FunPlus.WorldX.GameApp.Sandbox.SandboxManager:DestroySandbox(Int32)
XLua.CSObjectWrap.FunPlusWorldXGameAppSandboxSandboxManagerWrap:_m_DestroySandbox(IntPtr)
XLua.LuaFunction:Action(T1, T2, T3, T4, T5, T6, T7)
FunPlus.WorldX.Manager.LuaManager:CommonUpdate()
FunPlus.WorldX.AppFacade:UpdateAllManager()

[ line -1504781304]

Setting linear velocity of a kinematic body is not supported.
FunPlus.WorldX.GameApp.Sandbox.PressPlatform:SyncMoverPose()
FunPlus.WorldX.GameApp.Sandbox.PressPlatform:RestorePrefabDefaults()
FunPlus.WorldX.GameApp.Sandbox.LevelItemModel:Destroy()
FunPlus.WorldX.GameApp.Sandbox.Sandbox:Destroy()
FunPlus.WorldX.GameApp.Sandbox.SandboxManager:DestroySandbox(Int32)
XLua.CSObjectWrap.FunPlusWorldXGameAppSandboxSandboxManagerWrap:_m_DestroySandbox(IntPtr)
XLua.LuaFunction:Action(T1, T2, T3, T4, T5, T6, T7)
FunPlus.WorldX.Manager.LuaManager:CommonUpdate()
FunPlus.WorldX.AppFacade:UpdateAllManager()

[ line -1504781096]

Setting angular velocity of a kinematic body is not supported.
FunPlus.WorldX.GameApp.Sandbox.PressPlatform:SyncMoverPose()
FunPlus.WorldX.GameApp.Sandbox.PressPlatform:RestorePrefabDefaults()
FunPlus.WorldX.GameApp.Sandbox.LevelItemModel:Destroy()
FunPlus.WorldX.GameApp.Sandbox.Sandbox:Destroy()
FunPlus.WorldX.GameApp.Sandbox.SandboxManager:DestroySandbox(Int32)
XLua.CSObjectWrap.FunPlusWorldXGameAppSandboxSandboxManagerWrap:_m_DestroySandbox(IntPtr)
XLua.LuaFunction:Action(T1, T2, T3, T4, T5, T6, T7)
FunPlus.WorldX.Manager.LuaManager:CommonUpdate()
FunPlus.WorldX.AppFacade:UpdateAllManager()

[ line -1504781304]

Setting linear velocity of a kinematic body is not supported.
FunPlus.WorldX.GameApp.Sandbox.PressPlatform:SyncMoverPose()
FunPlus.WorldX.GameApp.Sandbox.PressPlatform:RestorePrefabDefaults()
FunPlus.WorldX.GameApp.Sandbox.LevelItemModel:Destroy()
FunPlus.WorldX.GameApp.Sandbox.Sandbox:Destroy()
FunPlus.WorldX.GameApp.Sandbox.SandboxManager:DestroySandbox(Int32)
XLua.CSObjectWrap.FunPlusWorldXGameAppSandboxSandboxManagerWrap:_m_DestroySandbox(IntPtr)
XLua.LuaFunction:Action(T1, T2, T3, T4, T5, T6, T7)
FunPlus.WorldX.Manager.LuaManager:CommonUpdate()
FunPlus.WorldX.AppFacade:UpdateAllManager()

[ line -1504781096]

Setting angular velocity of a kinematic body is not supported.
FunPlus.WorldX.GameApp.Sandbox.PressPlatform:SyncMoverPose()
FunPlus.WorldX.GameApp.Sandbox.PressPlatform:RestorePrefabDefaults()
FunPlus.WorldX.GameApp.Sandbox.LevelItemModel:Destroy()
FunPlus.WorldX.GameApp.Sandbox.Sandbox:Destroy()
FunPlus.WorldX.GameApp.Sandbox.SandboxManager:DestroySandbox(Int32)
XLua.CSObjectWrap.FunPlusWorldXGameAppSandboxSandboxManagerWrap:_m_DestroySandbox(IntPtr)
XLua.LuaFunction:Action(T1, T2, T3, T4, T5, T6, T7)
FunPlus.WorldX.Manager.LuaManager:CommonUpdate()
FunPlus.WorldX.AppFacade:UpdateAllManager()

[ line -1504781304]

Setting linear velocity of a kinematic body is not supported.
FunPlus.WorldX.GameApp.Sandbox.PressPlatform:SyncMoverPose()
FunPlus.WorldX.GameApp.Sandbox.PressPlatform:RestorePrefabDefaults()
FunPlus.WorldX.GameApp.Sandbox.LevelItemModel:Destroy()
FunPlus.WorldX.GameApp.Sandbox.Sandbox:Destroy()
FunPlus.WorldX.GameApp.Sandbox.SandboxManager:DestroySandbox(Int32)
XLua.CSObjectWrap.FunPlusWorldXGameAppSandboxSandboxManagerWrap:_m_DestroySandbox(IntPtr)
XLua.LuaFunction:Action(T1, T2, T3, T4, T5, T6, T7)
FunPlus.WorldX.Manager.LuaManager:CommonUpdate()
FunPlus.WorldX.AppFacade:UpdateAllManager()

[ line -1504781096]

Setting angular velocity of a kinematic body is not supported.
FunPlus.WorldX.GameApp.Sandbox.PressPlatform:SyncMoverPose()
FunPlus.WorldX.GameApp.Sandbox.PressPlatform:RestorePrefabDefaults()
FunPlus.WorldX.GameApp.Sandbox.LevelItemModel:Destroy()
FunPlus.WorldX.GameApp.Sandbox.Sandbox:Destroy()
FunPlus.WorldX.GameApp.Sandbox.SandboxManager:DestroySandbox(Int32)
XLua.CSObjectWrap.FunPlusWorldXGameAppSandboxSandboxManagerWrap:_m_DestroySandbox(IntPtr)
XLua.LuaFunction:Action(T1, T2, T3, T4, T5, T6, T7)
FunPlus.WorldX.Manager.LuaManager:CommonUpdate()
FunPlus.WorldX.AppFacade:UpdateAllManager()

[ line -1504781304]

Setting linear velocity of a kinematic body is not supported.
FunPlus.WorldX.GameApp.Sandbox.PressPlatform:SyncMoverPose()
FunPlus.WorldX.GameApp.Sandbox.PressPlatform:RestorePrefabDefaults()
FunPlus.WorldX.GameApp.Sandbox.LevelItemModel:Destroy()
FunPlus.WorldX.GameApp.Sandbox.Sandbox:Destroy()
FunPlus.WorldX.GameApp.Sandbox.SandboxManager:DestroySandbox(Int32)
XLua.CSObjectWrap.FunPlusWorldXGameAppSandboxSandboxManagerWrap:_m_DestroySandbox(IntPtr)
XLua.LuaFunction:Action(T1, T2, T3, T4, T5, T6, T7)
FunPlus.WorldX.Manager.LuaManager:CommonUpdate()
FunPlus.WorldX.AppFacade:UpdateAllManager()

[ line -1504781096]

Setting angular velocity of a kinematic body is not supported.
FunPlus.WorldX.GameApp.Sandbox.PressPlatform:SyncMoverPose()
FunPlus.WorldX.GameApp.Sandbox.PressPlatform:RestorePrefabDefaults()
FunPlus.WorldX.GameApp.Sandbox.LevelItemModel:Destroy()
FunPlus.WorldX.GameApp.Sandbox.Sandbox:Destroy()
FunPlus.WorldX.GameApp.Sandbox.SandboxManager:DestroySandbox(Int32)
XLua.CSObjectWrap.FunPlusWorldXGameAppSandboxSandboxManagerWrap:_m_DestroySandbox(IntPtr)
XLua.LuaFunction:Action(T1, T2, T3, T4, T5, T6, T7)
FunPlus.WorldX.Manager.LuaManager:CommonUpdate()
FunPlus.WorldX.AppFacade:UpdateAllManager()

[ line -1504781304]

Setting linear velocity of a kinematic body is not supported.
FunPlus.WorldX.GameApp.Sandbox.PressPlatform:SyncMoverPose()
FunPlus.WorldX.GameApp.Sandbox.PressPlatform:RestorePrefabDefaults()
FunPlus.WorldX.GameApp.Sandbox.LevelItemModel:Destroy()
FunPlus.WorldX.GameApp.Sandbox.Sandbox:Destroy()
FunPlus.WorldX.GameApp.Sandbox.SandboxManager:DestroySandbox(Int32)
XLua.CSObjectWrap.FunPlusWorldXGameAppSandboxSandboxManagerWrap:_m_DestroySandbox(IntPtr)
XLua.LuaFunction:Action(T1, T2, T3, T4, T5, T6, T7)
FunPlus.WorldX.Manager.LuaManager:CommonUpdate()
FunPlus.WorldX.AppFacade:UpdateAllManager()

[ line -1504781096]

Setting angular velocity of a kinematic body is not supported.
FunPlus.WorldX.GameApp.Sandbox.PressPlatform:SyncMoverPose()
FunPlus.WorldX.GameApp.Sandbox.PressPlatform:RestorePrefabDefaults()
FunPlus.WorldX.GameApp.Sandbox.LevelItemModel:Destroy()
FunPlus.WorldX.GameApp.Sandbox.Sandbox:Destroy()
FunPlus.WorldX.GameApp.Sandbox.SandboxManager:DestroySandbox(Int32)
XLua.CSObjectWrap.FunPlusWorldXGameAppSandboxSandboxManagerWrap:_m_DestroySandbox(IntPtr)
XLua.LuaFunction:Action(T1, T2, T3, T4, T5, T6, T7)
FunPlus.WorldX.Manager.LuaManager:CommonUpdate()
FunPlus.WorldX.AppFacade:UpdateAllManager()

[ line -1504781304]

Setting linear velocity of a kinematic body is not supported.
FunPlus.WorldX.Entities.Components.AttachInfo:OnEnable_Physics(Entity, Entity)
FunPlus.WorldX.Entities.Components.AttachInfo:OnEnable(Entity, Entity)
FunPlus.WorldX.Entities.Components.AttachInfo:LateUpdate(Single)
FunPlus.WorldX.Manager.EntityManager:BeforeRender()
FunPlus.WorldX.AppFacade:BeforeRenderUpdateManager()

[ line -1504778664]

Couldn't create a Convex Mesh from source mesh "SM_Rock_SoilSlope_001_CM_-1558118248" within the maximum polygons limit (256). The partial hull will be used. Consider simplifying your mesh.
Couldn't create a Convex Mesh from source mesh "SM_Rock_SoilSlope_002_CM_1663744504" within the maximum polygons limit (256). The partial hull will be used. Consider simplifying your mesh.
Couldn't create a Convex Mesh from source mesh "SM_Rock_Mountain_01_CM_1905651362" within the maximum polygons limit (256). The partial hull will be used. Consider simplifying your mesh.
Couldn't create a Convex Mesh from source mesh "SM_LVIOT_Rock_Cliff_15_CM_-1066913000" within the maximum polygons limit (256). The partial hull will be used. Consider simplifying your mesh.
[3575.7136][Log]|[lua][info][2026-09-17 03:30:11.101074]	[info]	[PHONESTCORE_HOOK]	[0x28f49a2ffd0 connect to http://priv-platform-yimoo-api.funplus.com:443/api/game/red-dot]	[HttpClient.cpp:38(phonestcore::HttpClient::connect)]
FunPlus.WorldX.Utils.GameLog:SimpleLog(LogType, IntPtr, Int32)
FunPlus.WorldX.Utils.LuaUtils:LogForLua(Int32, IntPtr, Int32)
XLua.CSObjectWrap.FunPlusWorldXUtilsLuaUtilsWrap:_m_LogForLua_xlua_st_(IntPtr)
XLua.LuaFunction:Action(T1, T2, T3, T4, T5, T6, T7)
FunPlus.WorldX.Manager.LuaManager:CommonUpdate()
FunPlus.WorldX.AppFacade:UpdateAllManager()

[3575.7137][Log]|[lua][info][2026-09-17 03:30:11.101496]	[info]	[PHONESTCORE_HOOK]	[0x28f49a30300 connect to http://announcement-web.funplus.com:443/api/announce/list]	[HttpClient.cpp:38(phonestcore::HttpClient::connect)]
FunPlus.WorldX.Utils.GameLog:SimpleLog(LogType, IntPtr, Int32)
FunPlus.WorldX.Utils.LuaUtils:LogForLua(Int32, IntPtr, Int32)
XLua.CSObjectWrap.FunPlusWorldXUtilsLuaUtilsWrap:_m_LogForLua_xlua_st_(IntPtr)
XLua.LuaFunction:Action(T1, T2, T3, T4, T5, T6, T7)
FunPlus.WorldX.Manager.LuaManager:CommonUpdate()
FunPlus.WorldX.AppFacade:UpdateAllManager()

[3594.3331][Exception]|NullReferenceException: Object reference not set to an instance of an object.
  at FunPlus.WorldX.GameApp.Sandbox.RailwayTrackItemRoot.Start () [0x00000] in <00000000000000000000000000000000>:0 

[3603.6007][Log]|[lua][info][2026-09-17 03:30:38.988302]	[info]	[PHONESTCORE_HOOK]	[0x28ecfe1ead0 connect to http://priv-platform-yimoo-api.funplus.com:443/api/game/red-dot]	[HttpClient.cpp:38(phonestcore::HttpClient::connect)]
FunPlus.WorldX.Utils.GameLog:SimpleLog(LogType, IntPtr, Int32)
FunPlus.WorldX.Utils.LuaUtils:LogForLua(Int32, IntPtr, Int32)
XLua.CSObjectWrap.FunPlusWorldXUtilsLuaUtilsWrap:_m_LogForLua_xlua_st_(IntPtr)
XLua.LuaFunction:Action(T1, T2, T3, T4, T5, T6, T7)
FunPlus.WorldX.Manager.LuaManager:CommonUpdate()
FunPlus.WorldX.AppFacade:UpdateAllManager()

[3603.6008][Log]|[lua][info][2026-09-17 03:30:38.988709]	[info]	[PHONESTCORE_HOOK]	[0x28ecfe1f130 connect to http://announcement-web.funplus.com:443/api/announce/list]	[HttpClient.cpp:38(phonestcore::HttpClient::connect)]
FunPlus.WorldX.Utils.GameLog:SimpleLog(LogType, IntPtr, Int32)
FunPlus.WorldX.Utils.LuaUtils:LogForLua(Int32, IntPtr, Int32)
XLua.CSObjectWrap.FunPlusWorldXUtilsLuaUtilsWrap:_m_LogForLua_xlua_st_(IntPtr)
XLua.LuaFunction:Action(T1, T2, T3, T4, T5, T6, T7)
FunPlus.WorldX.Manager.LuaManager:CommonUpdate()
FunPlus.WorldX.AppFacade:UpdateAllManager()

[3653.8564][Error]|[lua][error][ClientLeylineFlowerComponent]	[快速联结] : 角色身上未找到对应的宠物，请检查配置是否与预期一致!!!	[[]     ...s\SpaceEntities\PlayerComponent\ClientEventComponent.lua:2510]
FunPlus.WorldX.Utils.GameLog:SimpleLog(LogType, IntPtr, Int32)
FunPlus.WorldX.Utils.LuaUtils:LogForLua(Int32, IntPtr, Int32)
XLua.CSObjectWrap.FunPlusWorldXUtilsLuaUtilsWrap:_m_LogForLua_xlua_st_(IntPtr)
XLua.LuaFunction:Action(T1, T2, T3, T4, T5, T6, T7)
FunPlus.WorldX.Manager.LuaManager:CommonUpdate()
FunPlus.WorldX.AppFacade:UpdateAllManager()

[3673.0522][Log]|[lua][info][2026-09-17 03:31:48.442550]	[info]	[PHONESTCORE_HOOK]	[0x28f49a2fca0 connect to http://worldx-global-assets.oss-us-east-1.aliyuncs.com:443/eu/prod/ClientInfo/202000114279_client_info_bin?x-oss-credential=LTAI5tS3b81GXuYfXYtgJZ7J%2F20260917%2Fus-east-1%2Foss%2Faliyun_v4_request&x-oss-date=20260917T013148Z&x-oss-expires=300&x-oss-signature=74d4439d8743b06efa75ee7920143630c090f63e12c11ae013445523460659b2&x-oss-signature-version=OSS4-HMAC-SHA256]	[HttpClient.cpp:38(phonestcore::HttpClient::connect)]
FunPlus.WorldX.Utils.GameLog:SimpleLog(LogType, IntPtr, Int32)
FunPlus.WorldX.Utils.LuaUtils:LogForLua(Int32, IntPtr, Int32)
XLua.CSObjectWrap.FunPlusWorldXUtilsLuaUtilsWrap:_m_LogForLua_xlua_st_(IntPtr)
XLua.LuaFunction:Action(T1, T2, T3, T4, T5, T6, T7)
FunPlus.WorldX.Manager.LuaManager:CommonUpdate()
FunPlus.WorldX.AppFacade:UpdateAllManager()

Setting linear velocity of a kinematic body is not supported.
FunPlus.WorldX.Entities.Components.AttachInfo:OnEnable_Physics(Entity, Entity)
FunPlus.WorldX.Entities.Components.AttachInfo:OnEnable(Entity, Entity)
FunPlus.WorldX.Entities.Components.AttachInfo:LateUpdate(Single)
FunPlus.WorldX.Manager.EntityManager:BeforeRender()
FunPlus.WorldX.AppFacade:BeforeRenderUpdateManager()

[ line -1504778664]

Setting linear velocity of a kinematic body is not supported.
FunPlus.WorldX.Entities.Components.AttachInfo:OnEnable_Physics(Entity, Entity)
FunPlus.WorldX.Entities.Components.AttachInfo:OnEnable(Entity, Entity)
FunPlus.WorldX.Entities.Components.AttachInfo:LateUpdate(Single)
FunPlus.WorldX.Manager.EntityManager:BeforeRender()
FunPlus.WorldX.AppFacade:BeforeRenderUpdateManager()

[ line -1504778664]

[3755.7767][Error]|[lua][error][ClientLeylineFlowerComponent]	[快速联结] : 角色身上未找到对应的宠物，请检查配置是否与预期一致!!!	[[]     ...s\SpaceEntities\PlayerComponent\ClientEventComponent.lua:2510]
FunPlus.WorldX.Utils.GameLog:SimpleLog(LogType, IntPtr, Int32)
FunPlus.WorldX.Utils.LuaUtils:LogForLua(Int32, IntPtr, Int32)
XLua.CSObjectWrap.FunPlusWorldXUtilsLuaUtilsWrap:_m_LogForLua_xlua_st_(IntPtr)
XLua.LuaFunction:Action(T1, T2, T3, T4, T5, T6, T7)
FunPlus.WorldX.Manager.LuaManager:CommonUpdate()
FunPlus.WorldX.AppFacade:UpdateAllManager()

[3763.2244][Log]|[lua][info][2026-09-17 03:33:18.611882]	[info]	[PHONESTCORE_HOOK]	[0x28eff910010 connect to http://priv-platform-yimoo-api.funplus.com:443/api/game/red-dot]	[HttpClient.cpp:38(phonestcore::HttpClient::connect)]
FunPlus.WorldX.Utils.GameLog:SimpleLog(LogType, IntPtr, Int32)
FunPlus.WorldX.Utils.LuaUtils:LogForLua(Int32, IntPtr, Int32)
XLua.CSObjectWrap.FunPlusWorldXUtilsLuaUtilsWrap:_m_LogForLua_xlua_st_(IntPtr)
XLua.LuaFunction:Action(T1, T2, T3, T4, T5, T6, T7)
FunPlus.WorldX.Manager.LuaManager:CommonUpdate()
FunPlus.WorldX.AppFacade:UpdateAllManager()

[3763.2245][Log]|[lua][info][2026-09-17 03:33:18.612276]	[info]	[PHONESTCORE_HOOK]	[0x28eff910670 connect to http://announcement-web.funplus.com:443/api/announce/list]	[HttpClient.cpp:38(phonestcore::HttpClient::connect)]
FunPlus.WorldX.Utils.GameLog:SimpleLog(LogType, IntPtr, Int32)
FunPlus.WorldX.Utils.LuaUtils:LogForLua(Int32, IntPtr, Int32)
XLua.CSObjectWrap.FunPlusWorldXUtilsLuaUtilsWrap:_m_LogForLua_xlua_st_(IntPtr)
XLua.LuaFunction:Action(T1, T2, T3, T4, T5, T6, T7)
FunPlus.WorldX.Manager.LuaManager:CommonUpdate()
FunPlus.WorldX.AppFacade:UpdateAllManager()

The referenced script on this Behaviour (Game Object '<null>') is missing!
The referenced script on this Behaviour (Game Object '<null>') is missing!
The referenced script on this Behaviour (Game Object '<null>') is missing!
[3790.1208][Log]|[lua][info][2026-09-17 03:33:45.508450]	[info]	[PHONESTCORE_HOOK]	[0x28f20bcdfb0 connect to http://priv-platform-yimoo-api.funplus.com:443/api/game/red-dot]	[HttpClient.cpp:38(phonestcore::HttpClient::connect)]
FunPlus.WorldX.Utils.GameLog:SimpleLog(LogType, IntPtr, Int32)
FunPlus.WorldX.Utils.LuaUtils:LogForLua(Int32, IntPtr, Int32)
XLua.CSObjectWrap.FunPlusWorldXUtilsLuaUtilsWrap:_m_LogForLua_xlua_st_(IntPtr)
XLua.LuaFunction:Action(T1, T2, T3, T4, T5, T6, T7)
FunPlus.WorldX.Manager.LuaManager:CommonUpdate()
FunPlus.WorldX.AppFacade:UpdateAllManager()

[3790.1209][Log]|[lua][info][2026-09-17 03:33:45.508875]	[info]	[PHONESTCORE_HOOK]	[0x28f20bce2e0 connect to http://announcement-web.funplus.com:443/api/announce/list]	[HttpClient.cpp:38(phonestcore::HttpClient::connect)]
FunPlus.WorldX.Utils.GameLog:SimpleLog(LogType, IntPtr, Int32)
FunPlus.WorldX.Utils.LuaUtils:LogForLua(Int32, IntPtr, Int32)
XLua.CSObjectWrap.FunPlusWorldXUtilsLuaUtilsWrap:_m_LogForLua_xlua_st_(IntPtr)
XLua.LuaFunction:Action(T1, T2, T3, T4, T5, T6, T7)
FunPlus.WorldX.Manager.LuaManager:CommonUpdate()
FunPlus.WorldX.AppFacade:UpdateAllManager()

The referenced script on this Behaviour (Game Object '<null>') is missing!
The referenced script on this Behaviour (Game Object '<null>') is missing!
[3855.6510][Log]|[lua][info][2026-09-17 03:34:51.041005]	[info]	[PHONESTCORE_HOOK]	[0x2901237e120 connect to http://announcement-web.funplus.com:443/api/announce/list]	[HttpClient.cpp:38(phonestcore::HttpClient::connect)]
FunPlus.WorldX.Utils.GameLog:SimpleLog(LogType, IntPtr, Int32)
FunPlus.WorldX.Utils.LuaUtils:LogForLua(Int32, IntPtr, Int32)
XLua.CSObjectWrap.FunPlusWorldXUtilsLuaUtilsWrap:_m_LogForLua_xlua_st_(IntPtr)
XLua.LuaFunction:Action(T1, T2, T3, T4, T5, T6, T7)
FunPlus.WorldX.Manager.LuaManager:CommonUpdate()
FunPlus.WorldX.AppFacade:UpdateAllManager()

[3856.4411][Log]|[lua][info][2026-09-17 03:34:51.831454]	[info]	[PHONESTCORE_HOOK]	[0x2901237e450 connect to http://announcement-web.funplus.com:443/api/announce/detail]	[HttpClient.cpp:38(phonestcore::HttpClient::connect)]
FunPlus.WorldX.Utils.GameLog:SimpleLog(LogType, IntPtr, Int32)
FunPlus.WorldX.Utils.LuaUtils:LogForLua(Int32, IntPtr, Int32)
XLua.CSObjectWrap.FunPlusWorldXUtilsLuaUtilsWrap:_m_LogForLua_xlua_st_(IntPtr)
XLua.LuaFunction:Action(T1, T2, T3, T4, T5, T6, T7)
FunPlus.WorldX.Manager.LuaManager:CommonUpdate()
FunPlus.WorldX.AppFacade:UpdateAllManager()

[3856.9524][Log]|[lua][info][2026-09-17 03:34:52.342472]	[info]	[PHONESTCORE_HOOK]	[0x2901237eab0 connect to http://announcement-web.funplus.com:443/api/announce/list]	[HttpClient.cpp:38(phonestcore::HttpClient::connect)]
FunPlus.WorldX.Utils.GameLog:SimpleLog(LogType, IntPtr, Int32)
FunPlus.WorldX.Utils.LuaUtils:LogForLua(Int32, IntPtr, Int32)
XLua.CSObjectWrap.FunPlusWorldXUtilsLuaUtilsWrap:_m_LogForLua_xlua_st_(IntPtr)
XLua.LuaFunction:Action(T1, T2, T3, T4, T5, T6, T7)
FunPlus.WorldX.Manager.LuaManager:CommonUpdate()
FunPlus.WorldX.AppFacade:UpdateAllManager()

[3857.2135][Log]|[lua][info][2026-09-17 03:34:52.603913]	[info]	[PHONESTCORE_HOOK]	[0x2901237e780 connect to http://announcement-web.funplus.com:443/api/announce/detail]	[HttpClient.cpp:38(phonestcore::HttpClient::connect)]
FunPlus.WorldX.Utils.GameLog:SimpleLog(LogType, IntPtr, Int32)
FunPlus.WorldX.Utils.LuaUtils:LogForLua(Int32, IntPtr, Int32)
XLua.CSObjectWrap.FunPlusWorldXUtilsLuaUtilsWrap:_m_LogForLua_xlua_st_(IntPtr)
XLua.LuaFunction:Action(T1, T2, T3, T4, T5, T6, T7)
FunPlus.WorldX.Manager.LuaManager:CommonUpdate()
FunPlus.WorldX.AppFacade:UpdateAllManager()

[3857.4975][Log]|[lua][info][2026-09-17 03:34:52.887536]	[info]	[PHONESTCORE_HOOK]	[0x2901237e120 connect to http://announcement-web.funplus.com:443/api/announce/list]	[HttpClient.cpp:38(phonestcore::HttpClient::connect)]
FunPlus.WorldX.Utils.GameLog:SimpleLog(LogType, IntPtr, Int32)
FunPlus.WorldX.Utils.LuaUtils:LogForLua(Int32, IntPtr, Int32)
XLua.CSObjectWrap.FunPlusWorldXUtilsLuaUtilsWrap:_m_LogForLua_xlua_st_(IntPtr)
XLua.LuaFunction:Action(T1, T2, T3, T4, T5, T6, T7)
FunPlus.WorldX.Manager.LuaManager:CommonUpdate()
FunPlus.WorldX.AppFacade:UpdateAllManager()

[3857.6715][Log]|[lua][info][2026-09-17 03:34:53.061515]	[info]	[PHONESTCORE_HOOK]	[0x2901237e450 connect to http://announcement-web.funplus.com:443/api/announce/list]	[HttpClient.cpp:38(phonestcore::HttpClient::connect)]
FunPlus.WorldX.Utils.GameLog:SimpleLog(LogType, IntPtr, Int32)
FunPlus.WorldX.Utils.LuaUtils:LogForLua(Int32, IntPtr, Int32)
XLua.CSObjectWrap.FunPlusWorldXUtilsLuaUtilsWrap:_m_LogForLua_xlua_st_(IntPtr)
XLua.LuaFunction:Action(T1, T2, T3, T4, T5, T6, T7)
FunPlus.WorldX.Manager.LuaManager:CommonUpdate()
FunPlus.WorldX.AppFacade:UpdateAllManager()

[3857.7240][Log]|[lua][info][2026-09-17 03:34:53.114314]	[info]	[PHONESTCORE_HOOK]	[0x2902a7d6e20 connect to http://announcement-web.funplus.com:443/api/announce/detail]	[HttpClient.cpp:38(phonestcore::HttpClient::connect)]
FunPlus.WorldX.Utils.GameLog:SimpleLog(LogType, IntPtr, Int32)
FunPlus.WorldX.Utils.LuaUtils:LogForLua(Int32, IntPtr, Int32)
XLua.CSObjectWrap.FunPlusWorldXUtilsLuaUtilsWrap:_m_LogForLua_xlua_st_(IntPtr)
XLua.LuaFunction:Action(T1, T2, T3, T4, T5, T6, T7)
FunPlus.WorldX.Manager.LuaManager:CommonUpdate()
FunPlus.WorldX.AppFacade:UpdateAllManager()

[3857.8579][Log]|[lua][info][2026-09-17 03:34:53.248058]	[info]	[PHONESTCORE_HOOK]	[0x2902a7d6160 connect to http://announcement-web.funplus.com:443/api/announce/list]	[HttpClient.cpp:38(phonestcore::HttpClient::connect)]
FunPlus.WorldX.Utils.GameLog:SimpleLog(LogType, IntPtr, Int32)
FunPlus.WorldX.Utils.LuaUtils:LogForLua(Int32, IntPtr, Int32)
XLua.CSObjectWrap.FunPlusWorldXUtilsLuaUtilsWrap:_m_LogForLua_xlua_st_(IntPtr)
XLua.LuaFunction:Action(T1, T2, T3, T4, T5, T6, T7)
FunPlus.WorldX.Manager.LuaManager:CommonUpdate()
FunPlus.WorldX.AppFacade:UpdateAllManager()

[3857.9860][Log]|[lua][info][2026-09-17 03:34:53.376424]	[info]	[PHONESTCORE_HOOK]	[0x2902a7d7150 connect to http://announcement-web.funplus.com:443/api/announce/detail]	[HttpClient.cpp:38(phonestcore::HttpClient::connect)]
FunPlus.WorldX.Utils.GameLog:SimpleLog(LogType, IntPtr, Int32)
FunPlus.WorldX.Utils.LuaUtils:LogForLua(Int32, IntPtr, Int32)
XLua.CSObjectWrap.FunPlusWorldXUtilsLuaUtilsWrap:_m_LogForLua_xlua_st_(IntPtr)
XLua.LuaFunction:Action(T1, T2, T3, T4, T5, T6, T7)
FunPlus.WorldX.Manager.LuaManager:CommonUpdate()
FunPlus.WorldX.AppFacade:UpdateAllManager()

[3858.0209][Log]|[lua][info][2026-09-17 03:34:53.410992]	[info]	[PHONESTCORE_HOOK]	[0x2902a7d7480 connect to http://announcement-web.funplus.com:443/api/announce/list]	[HttpClient.cpp:38(phonestcore::HttpClient::connect)]
FunPlus.WorldX.Utils.GameLog:SimpleLog(LogType, IntPtr, Int32)
FunPlus.WorldX.Utils.LuaUtils:LogForLua(Int32, IntPtr, Int32)
XLua.CSObjectWrap.FunPlusWorldXUtilsLuaUtilsWrap:_m_LogForLua_xlua_st_(IntPtr)
XLua.LuaFunction:Action(T1, T2, T3, T4, T5, T6, T7)
FunPlus.WorldX.Manager.LuaManager:CommonUpdate()
FunPlus.WorldX.AppFacade:UpdateAllManager()

[3858.2649][Log]|[lua][info][2026-09-17 03:34:53.655286]	[info]	[PHONESTCORE_HOOK]	[0x28ed8551250 connect to http://announcement-web.funplus.com:443/api/announce/detail]	[HttpClient.cpp:38(phonestcore::HttpClient::connect)]
FunPlus.WorldX.Utils.GameLog:SimpleLog(LogType, IntPtr, Int32)
FunPlus.WorldX.Utils.LuaUtils:LogForLua(Int32, IntPtr, Int32)
XLua.CSObjectWrap.FunPlusWorldXUtilsLuaUtilsWrap:_m_LogForLua_xlua_st_(IntPtr)
XLua.LuaFunction:Action(T1, T2, T3, T4, T5, T6, T7)
FunPlus.WorldX.Manager.LuaManager:CommonUpdate()
FunPlus.WorldX.AppFacade:UpdateAllManager()

[3858.4382][Log]|[lua][info][2026-09-17 03:34:53.828524]	[info]	[PHONESTCORE_HOOK]	[0x28da6576650 connect to http://announcement-web.funplus.com:443/api/announce/detail]	[HttpClient.cpp:38(phonestcore::HttpClient::connect)]
FunPlus.WorldX.Utils.GameLog:SimpleLog(LogType, IntPtr, Int32)
FunPlus.WorldX.Utils.LuaUtils:LogForLua(Int32, IntPtr, Int32)
XLua.CSObjectWrap.FunPlusWorldXUtilsLuaUtilsWrap:_m_LogForLua_xlua_st_(IntPtr)
XLua.LuaFunction:Action(T1, T2, T3, T4, T5, T6, T7)
FunPlus.WorldX.Manager.LuaManager:CommonUpdate()
FunPlus.WorldX.AppFacade:UpdateAllManager()

[3858.4914][Log]|[lua][info][2026-09-17 03:34:53.881735]	[info]	[PHONESTCORE_HOOK]	[0x28da6576cb0 connect to http://announcement-web.funplus.com:443/api/announce/detail]	[HttpClient.cpp:38(phonestcore::HttpClient::connect)]
FunPlus.WorldX.Utils.GameLog:SimpleLog(LogType, IntPtr, Int32)
FunPlus.WorldX.Utils.LuaUtils:LogForLua(Int32, IntPtr, Int32)
XLua.CSObjectWrap.FunPlusWorldXUtilsLuaUtilsWrap:_m_LogForLua_xlua_st_(IntPtr)
XLua.LuaFunction:Action(T1, T2, T3, T4, T5, T6, T7)
FunPlus.WorldX.Manager.LuaManager:CommonUpdate()
FunPlus.WorldX.AppFacade:UpdateAllManager()

[3858.5182][Log]|[lua][info][2026-09-17 03:34:53.908352]	[info]	[PHONESTCORE_HOOK]	[0x28da6575ff0 connect to http://announcement-web.funplus.com:443/api/announce/list]	[HttpClient.cpp:38(phonestcore::HttpClient::connect)]
FunPlus.WorldX.Utils.GameLog:SimpleLog(LogType, IntPtr, Int32)
FunPlus.WorldX.Utils.LuaUtils:LogForLua(Int32, IntPtr, Int32)
XLua.CSObjectWrap.FunPlusWorldXUtilsLuaUtilsWrap:_m_LogForLua_xlua_st_(IntPtr)
XLua.LuaFunction:Action(T1, T2, T3, T4, T5, T6, T7)
FunPlus.WorldX.Manager.LuaManager:CommonUpdate()
FunPlus.WorldX.AppFacade:UpdateAllManager()

[3858.6315][Log]|[lua][info][2026-09-17 03:34:54.021797]	[info]	[PHONESTCORE_HOOK]	[0x28da6576fe0 connect to http://announcement-web.funplus.com:443/api/announce/detail]	[HttpClient.cpp:38(phonestcore::HttpClient::connect)]
FunPlus.WorldX.Utils.GameLog:SimpleLog(LogType, IntPtr, Int32)
FunPlus.WorldX.Utils.LuaUtils:LogForLua(Int32, IntPtr, Int32)
XLua.CSObjectWrap.FunPlusWorldXUtilsLuaUtilsWrap:_m_LogForLua_xlua_st_(IntPtr)
XLua.LuaFunction:Action(T1, T2, T3, T4, T5, T6, T7)
FunPlus.WorldX.Manager.LuaManager:CommonUpdate()
FunPlus.WorldX.AppFacade:UpdateAllManager()

[3858.6846][Log]|[lua][info][2026-09-17 03:34:54.074694]	[info]	[PHONESTCORE_HOOK]	[0x28da6577310 connect to http://announcement-web.funplus.com:443/api/announce/list]	[HttpClient.cpp:38(phonestcore::HttpClient::connect)]
FunPlus.WorldX.Utils.GameLog:SimpleLog(LogType, IntPtr, Int32)
FunPlus.WorldX.Utils.LuaUtils:LogForLua(Int32, IntPtr, Int32)
XLua.CSObjectWrap.FunPlusWorldXUtilsLuaUtilsWrap:_m_LogForLua_xlua_st_(IntPtr)
XLua.LuaFunction:Action(T1, T2, T3, T4, T5, T6, T7)
FunPlus.WorldX.Manager.LuaManager:CommonUpdate()
FunPlus.WorldX.AppFacade:UpdateAllManager()

[3858.7552][Log]|[lua][info][2026-09-17 03:34:54.145617]	[info]	[PHONESTCORE_HOOK]	[0x28da6575cc0 connect to http://announcement-web.funplus.com:443/api/announce/detail]	[HttpClient.cpp:38(phonestcore::HttpClient::connect)]
FunPlus.WorldX.Utils.GameLog:SimpleLog(LogType, IntPtr, Int32)
FunPlus.WorldX.Utils.LuaUtils:LogForLua(Int32, IntPtr, Int32)
XLua.CSObjectWrap.FunPlusWorldXUtilsLuaUtilsWrap:_m_LogForLua_xlua_st_(IntPtr)
XLua.LuaFunction:Action(T1, T2, T3, T4, T5, T6, T7)
FunPlus.WorldX.Manager.LuaManager:CommonUpdate()
FunPlus.WorldX.AppFacade:UpdateAllManager()

[3858.7890][Log]|[lua][info][2026-09-17 03:34:54.179390]	[info]	[PHONESTCORE_HOOK]	[0x28da6576980 connect to http://announcement-web.funplus.com:443/api/announce/detail]	[HttpClient.cpp:38(phonestcore::HttpClient::connect)]
FunPlus.WorldX.Utils.GameLog:SimpleLog(LogType, IntPtr, Int32)
FunPlus.WorldX.Utils.LuaUtils:LogForLua(Int32, IntPtr, Int32)
XLua.CSObjectWrap.FunPlusWorldXUtilsLuaUtilsWrap:_m_LogForLua_xlua_st_(IntPtr)
XLua.LuaFunction:Action(T1, T2, T3, T4, T5, T6, T7)
FunPlus.WorldX.Manager.LuaManager:CommonUpdate()
FunPlus.WorldX.AppFacade:UpdateAllManager()

[3858.8416][Log]|[lua][info][2026-09-17 03:34:54.231656]	[info]	[PHONESTCORE_HOOK]	[0x28da6575990 connect to http://announcement-web.funplus.com:443/api/announce/list]	[HttpClient.cpp:38(phonestcore::HttpClient::connect)]
FunPlus.WorldX.Utils.GameLog:SimpleLog(LogType, IntPtr, Int32)
FunPlus.WorldX.Utils.LuaUtils:LogForLua(Int32, IntPtr, Int32)
XLua.CSObjectWrap.FunPlusWorldXUtilsLuaUtilsWrap:_m_LogForLua_xlua_st_(IntPtr)
XLua.LuaFunction:Action(T1, T2, T3, T4, T5, T6, T7)
FunPlus.WorldX.Manager.LuaManager:CommonUpdate()
FunPlus.WorldX.AppFacade:UpdateAllManager()

[3859.0329][Log]|[lua][info][2026-09-17 03:34:54.423310]	[info]	[PHONESTCORE_HOOK]	[0x28da6576320 connect to http://announcement-web.funplus.com:443/api/announce/detail]	[HttpClient.cpp:38(phonestcore::HttpClient::connect)]
FunPlus.WorldX.Utils.GameLog:SimpleLog(LogType, IntPtr, Int32)
FunPlus.WorldX.Utils.LuaUtils:LogForLua(Int32, IntPtr, Int32)
XLua.CSObjectWrap.FunPlusWorldXUtilsLuaUtilsWrap:_m_LogForLua_xlua_st_(IntPtr)
XLua.LuaFunction:Action(T1, T2, T3, T4, T5, T6, T7)
FunPlus.WorldX.Manager.LuaManager:CommonUpdate()
FunPlus.WorldX.AppFacade:UpdateAllManager()

[3859.2660][Log]|[lua][info][2026-09-17 03:34:54.656329]	[info]	[PHONESTCORE_HOOK]	[0x28ed8551250 connect to http://announcement-web.funplus.com:443/api/announce/detail]	[HttpClient.cpp:38(phonestcore::HttpClient::connect)]
FunPlus.WorldX.Utils.GameLog:SimpleLog(LogType, IntPtr, Int32)
FunPlus.WorldX.Utils.LuaUtils:LogForLua(Int32, IntPtr, Int32)
XLua.CSObjectWrap.FunPlusWorldXUtilsLuaUtilsWrap:_m_LogForLua_xlua_st_(IntPtr)
XLua.LuaFunction:Action(T1, T2, T3, T4, T5, T6, T7)
FunPlus.WorldX.Manager.LuaManager:CommonUpdate()
FunPlus.WorldX.AppFacade:UpdateAllManager()

[3859.2841][Log]|[lua][info][2026-09-17 03:34:54.674433]	[info]	[PHONESTCORE_HOOK]	[0x28ded9fee10 connect to http://announcement-web.funplus.com:443/api/announce/detail]	[HttpClient.cpp:38(phonestcore::HttpClient::connect)]
FunPlus.WorldX.Utils.GameLog:SimpleLog(LogType, IntPtr, Int32)
FunPlus.WorldX.Utils.LuaUtils:LogForLua(Int32, IntPtr, Int32)
XLua.CSObjectWrap.FunPlusWorldXUtilsLuaUtilsWrap:_m_LogForLua_xlua_st_(IntPtr)
XLua.LuaFunction:Action(T1, T2, T3, T4, T5, T6, T7)
FunPlus.WorldX.Manager.LuaManager:CommonUpdate()
FunPlus.WorldX.AppFacade:UpdateAllManager()

[3859.4531][Log]|[lua][info][2026-09-17 03:34:54.843489]	[info]	[PHONESTCORE_HOOK]	[0x28ded9ff140 connect to http://announcement-web.funplus.com:443/api/announce/detail]	[HttpClient.cpp:38(phonestcore::HttpClient::connect)]
FunPlus.WorldX.Utils.GameLog:SimpleLog(LogType, IntPtr, Int32)
FunPlus.WorldX.Utils.LuaUtils:LogForLua(Int32, IntPtr, Int32)
XLua.CSObjectWrap.FunPlusWorldXUtilsLuaUtilsWrap:_m_LogForLua_xlua_st_(IntPtr)
XLua.LuaFunction:Action(T1, T2, T3, T4, T5, T6, T7)
FunPlus.WorldX.Manager.LuaManager:CommonUpdate()
FunPlus.WorldX.AppFacade:UpdateAllManager()

[3859.6183][Log]|[lua][info][2026-09-17 03:34:55.008614]	[info]	[PHONESTCORE_HOOK]	[0x28ded9ffe00 connect to http://announcement-web.funplus.com:443/api/announce/detail]	[HttpClient.cpp:38(phonestcore::HttpClient::connect)]
FunPlus.WorldX.Utils.GameLog:SimpleLog(LogType, IntPtr, Int32)
FunPlus.WorldX.Utils.LuaUtils:LogForLua(Int32, IntPtr, Int32)
XLua.CSObjectWrap.FunPlusWorldXUtilsLuaUtilsWrap:_m_LogForLua_xlua_st_(IntPtr)
XLua.LuaFunction:Action(T1, T2, T3, T4, T5, T6, T7)
FunPlus.WorldX.Manager.LuaManager:CommonUpdate()
FunPlus.WorldX.AppFacade:UpdateAllManager()

[3860.0391][Log]|[lua][info][2026-09-17 03:34:55.429493]	[info]	[PHONESTCORE_HOOK]	[0x28ded9ff470 connect to http://announcement-web.funplus.com:443/api/announce/detail]	[HttpClient.cpp:38(phonestcore::HttpClient::connect)]
FunPlus.WorldX.Utils.GameLog:SimpleLog(LogType, IntPtr, Int32)
FunPlus.WorldX.Utils.LuaUtils:LogForLua(Int32, IntPtr, Int32)
XLua.CSObjectWrap.FunPlusWorldXUtilsLuaUtilsWrap:_m_LogForLua_xlua_st_(IntPtr)
XLua.LuaFunction:Action(T1, T2, T3, T4, T5, T6, T7)
FunPlus.WorldX.Manager.LuaManager:CommonUpdate()
FunPlus.WorldX.AppFacade:UpdateAllManager()

[3860.5512][Log]|[lua][info][2026-09-17 03:34:55.941236]	[info]	[PHONESTCORE_HOOK]	[0x28ded9ff7a0 connect to http://announcement-web.funplus.com:443/api/announce/list]	[HttpClient.cpp:38(phonestcore::HttpClient::connect)]
FunPlus.WorldX.Utils.GameLog:SimpleLog(LogType, IntPtr, Int32)
FunPlus.WorldX.Utils.LuaUtils:LogForLua(Int32, IntPtr, Int32)
XLua.CSObjectWrap.FunPlusWorldXUtilsLuaUtilsWrap:_m_LogForLua_xlua_st_(IntPtr)
XLua.LuaFunction:Action(T1, T2, T3, T4, T5, T6, T7)
FunPlus.WorldX.Manager.LuaManager:CommonUpdate()
FunPlus.WorldX.AppFacade:UpdateAllManager()

[3860.8099][Log]|[lua][info][2026-09-17 03:34:56.200277]	[info]	[PHONESTCORE_HOOK]	[0x28ded9ffe00 connect to http://announcement-web.funplus.com:443/api/announce/detail]	[HttpClient.cpp:38(phonestcore::HttpClient::connect)]
FunPlus.WorldX.Utils.GameLog:SimpleLog(LogType, IntPtr, Int32)
FunPlus.WorldX.Utils.LuaUtils:LogForLua(Int32, IntPtr, Int32)
XLua.CSObjectWrap.FunPlusWorldXUtilsLuaUtilsWrap:_m_LogForLua_xlua_st_(IntPtr)
XLua.LuaFunction:Action(T1, T2, T3, T4, T5, T6, T7)
FunPlus.WorldX.Manager.LuaManager:CommonUpdate()
FunPlus.WorldX.AppFacade:UpdateAllManager()

The referenced script on this Behaviour (Game Object '<null>') is missing!
The referenced script on this Behaviour (Game Object '<null>') is missing!
[3861.3317][Log]|[lua][info][2026-09-17 03:34:56.722064]	[info]	[PHONESTCORE_HOOK]	[0x28ded9ff140 connect to http://announcement-web.funplus.com:443/api/announce/detail]	[HttpClient.cpp:38(phonestcore::HttpClient::connect)]
FunPlus.WorldX.Utils.GameLog:SimpleLog(LogType, IntPtr, Int32)
FunPlus.WorldX.Utils.LuaUtils:LogForLua(Int32, IntPtr, Int32)
XLua.CSObjectWrap.FunPlusWorldXUtilsLuaUtilsWrap:_m_LogForLua_xlua_st_(IntPtr)
XLua.LuaFunction:Action(T1, T2, T3, T4, T5, T6, T7)
FunPlus.WorldX.Manager.LuaManager:CommonUpdate()
FunPlus.WorldX.AppFacade:UpdateAllManager()

[3861.5823][Log]|[lua][info][2026-09-17 03:34:56.972656]	[info]	[PHONESTCORE_HOOK]	[0x28ed8456bd0 connect to http://announcement-web.funplus.com:443/api/announce/detail]	[HttpClient.cpp:38(phonestcore::HttpClient::connect)]
FunPlus.WorldX.Utils.GameLog:SimpleLog(LogType, IntPtr, Int32)
FunPlus.WorldX.Utils.LuaUtils:LogForLua(Int32, IntPtr, Int32)
XLua.CSObjectWrap.FunPlusWorldXUtilsLuaUtilsWrap:_m_LogForLua_xlua_st_(IntPtr)
XLua.LuaFunction:Action(T1, T2, T3, T4, T5, T6, T7)
FunPlus.WorldX.Manager.LuaManager:CommonUpdate()
FunPlus.WorldX.AppFacade:UpdateAllManager()

[3862.1058][Log]|[lua][info][2026-09-17 03:34:57.496201]	[info]	[PHONESTCORE_HOOK]	[0x28ed8457230 connect to http://announcement-web.funplus.com:443/api/announce/detail]	[HttpClient.cpp:38(phonestcore::HttpClient::connect)]
FunPlus.WorldX.Utils.GameLog:SimpleLog(LogType, IntPtr, Int32)
FunPlus.WorldX.Utils.LuaUtils:LogForLua(Int32, IntPtr, Int32)
XLua.CSObjectWrap.FunPlusWorldXUtilsLuaUtilsWrap:_m_LogForLua_xlua_st_(IntPtr)
XLua.LuaFunction:Action(T1, T2, T3, T4, T5, T6, T7)
FunPlus.WorldX.Manager.LuaManager:CommonUpdate()
FunPlus.WorldX.AppFacade:UpdateAllManager()

Can't add 'SkinnedMeshBatch' to M_Parmon_10371_Body02 because a 'SkinnedMeshBatch' is already added to the game object!
UnityEngine.GameObject:AddComponent()
XRender.Pipeline.Modules.SkinnedMeshCombine.SkinnedMeshBufferMgr:AddSkinnedComponent(SkinnedMeshRenderer)
FunPlus.WorldX.Model.PrefabLoadTask:Destroy()
FunPlus.WorldX.Model.PhysiqueModel:DestroyModel()
FunPlus.WorldX.Model.ModelView:DestroyAllModel(Boolean)
FunPlus.WorldX.Model.ModelView:Destroy()
FunPlus.WorldX.Entities.Components.ModelComponent:Destroy()
FunPlus.WorldX.Entities.EntityBase:DelAllComponent()
FunPlus.WorldX.Entities.EntityBase:OnDestroy()
FunPlus.WorldX.Manager.EntityManager:DestroyEModel(Entity)
XLua.CSObjectWrap.FunPlusWorldXManagerEntityManagerWrap:_m_DestroyEModel(IntPtr)
XLua.LuaFunction:Func(T1, T2)
FunPlus.WorldX.Cutscene.CutsceneItem:CmdLua(String, Object[])
FunPlus.WorldX.Cutscene.CutsceneRoot:DestroyAssets()
FunPlus.WorldX.Cutscene.CutsceneInitializer:Dispose()
XLua.CSObjectWrap.FunPlusWorldXManagerCutsceneManagerWrap:_m_DestroyCutscene(IntPtr)
XLua.LuaFunction:Action(T1, T2, T3, T4, T5, T6, T7)
FunPlus.WorldX.Manager.LuaManager:CommonUpdate()
FunPlus.WorldX.AppFacade:UpdateAllManager()

[ line -1504784648]

Setting linear velocity of a kinematic body is not supported.
FunPlus.WorldX.GameApp.Sandbox.PressPlatform:SyncMoverPose()
FunPlus.WorldX.GameApp.Sandbox.PressPlatform:RestorePrefabDefaults()
FunPlus.WorldX.GameApp.Sandbox.LevelItemModel:Destroy()
FunPlus.WorldX.GameApp.Sandbox.Sandbox:Destroy()
FunPlus.WorldX.GameApp.Sandbox.SandboxManager:DestroySandbox(Int32)
XLua.CSObjectWrap.FunPlusWorldXGameAppSandboxSandboxManagerWrap:_m_DestroySandbox(IntPtr)
XLua.LuaFunction:Action(T1, T2, T3, T4, T5, T6, T7)
FunPlus.WorldX.Manager.LuaManager:CommonUpdate()
FunPlus.WorldX.AppFacade:UpdateAllManager()

[ line -1504781096]

Setting angular velocity of a kinematic body is not supported.
FunPlus.WorldX.GameApp.Sandbox.PressPlatform:SyncMoverPose()
FunPlus.WorldX.GameApp.Sandbox.PressPlatform:RestorePrefabDefaults()
FunPlus.WorldX.GameApp.Sandbox.LevelItemModel:Destroy()
FunPlus.WorldX.GameApp.Sandbox.Sandbox:Destroy()
FunPlus.WorldX.GameApp.Sandbox.SandboxManager:DestroySandbox(Int32)
XLua.CSObjectWrap.FunPlusWorldXGameAppSandboxSandboxManagerWrap:_m_DestroySandbox(IntPtr)
XLua.LuaFunction:Action(T1, T2, T3, T4, T5, T6, T7)
FunPlus.WorldX.Manager.LuaManager:CommonUpdate()
FunPlus.WorldX.AppFacade:UpdateAllManager()

[ line -1504781304]

[3880.8402][Log]|[lua][info][2026-09-17 03:35:16.227977]	[info]	[PHONESTCORE_HOOK]	[clearSpace is_destroy:true id:100-202000114279-3000 actor count:0]	[Space.cpp:30(logic::Space::clearSpace)]
FunPlus.WorldX.Utils.GameLog:SimpleLog(LogType, IntPtr, Int32)
FunPlus.WorldX.Utils.LuaUtils:LogForLua(Int32, IntPtr, Int32)
XLua.CSObjectWrap.FunPlusWorldXUtilsLuaUtilsWrap:_m_LogForLua_xlua_st_(IntPtr)
XLua.LuaFunction:Action(T1, T2, T3, T4, T5, T6, T7)
FunPlus.WorldX.Manager.LuaManager:CommonUpdate()
FunPlus.WorldX.AppFacade:UpdateAllManager()

[3881.1590][Log]|[lua][info][2026-09-17 03:35:16.549358]	[info]	[PHONESTCORE_HOOK]	[client 0x28f31d67960 stop]	[Client.hpp:41(phonestcore::Client::stop)]
FunPlus.WorldX.Utils.GameLog:SimpleLog(LogType, IntPtr, Int32)
FunPlus.WorldX.Utils.LuaUtils:LogForLua(Int32, IntPtr, Int32)
XLua.CSObjectWrap.FunPlusWorldXUtilsLuaUtilsWrap:_m_LogForLua_xlua_st_(IntPtr)
XLua.LuaFunction:Action(T1, T2, T3, T4, T5, T6, T7)
FunPlus.WorldX.Manager.LuaManager:CommonUpdate()
FunPlus.WorldX.AppFacade:UpdateAllManager()

[3881.1592][Log]|[lua][info][2026-09-17 03:35:16.549408]	[info]	[PHONESTCORE_HOOK]	[client 0x28ff00b63e0 connect to eu-prod-line-2002.worldx-gate.kingsgroupgames.com 20000]	[Client.hpp:26(phonestcore::Client::connect)]
FunPlus.WorldX.Utils.GameLog:SimpleLog(LogType, IntPtr, Int32)
FunPlus.WorldX.Utils.LuaUtils:LogForLua(Int32, IntPtr, Int32)
XLua.CSObjectWrap.FunPlusWorldXUtilsLuaUtilsWrap:_m_LogForLua_xlua_st_(IntPtr)
XLua.LuaFunction:Action(T1, T2, T3, T4, T5, T6, T7)
FunPlus.WorldX.Manager.LuaManager:CommonUpdate()
FunPlus.WorldX.AppFacade:UpdateAllManager()

[3881.1594][Warn]|[lua][warning][2026-09-17 03:35:16.549447]	[warning]	[PHONESTCORE_HOOK]	[0x28ed090f740 onRead error The I/O operation has been aborted because of either a thread exit or an application request]	[TcpConnection.cpp:56(phonestcore::TcpConnection::onRead)]
FunPlus.WorldX.Utils.GameLog:SimpleLog(LogType, IntPtr, Int32)
FunPlus.WorldX.Utils.LuaUtils:LogForLua(Int32, IntPtr, Int32)
XLua.CSObjectWrap.FunPlusWorldXUtilsLuaUtilsWrap:_m_LogForLua_xlua_st_(IntPtr)
XLua.LuaFunction:Action(T1, T2, T3, T4, T5, T6, T7)
FunPlus.WorldX.Manager.LuaManager:CommonUpdate()
FunPlus.WorldX.AppFacade:UpdateAllManager()

[3881.1969][Log]|[lua][info][2026-09-17 03:35:16.582762]	[info]	[PHONESTCORE_HOOK]	[TcpClient(0x28ff00b63e0) onResolve ok, endpointCount=2, firstEndpoint=8.209.80.247:20000, family=IPv4]	[TcpClient.cpp:74(phonestcore::TcpClient::onResolve)]
FunPlus.WorldX.Utils.GameLog:SimpleLog(LogType, IntPtr, Int32)
FunPlus.WorldX.Utils.LuaUtils:LogForLua(Int32, IntPtr, Int32)
XLua.CSObjectWrap.FunPlusWorldXUtilsLuaUtilsWrap:_m_LogForLua_xlua_st_(IntPtr)
XLua.LuaFunction:Action(T1, T2, T3, T4, T5, T6, T7)
FunPlus.WorldX.Manager.LuaManager:CommonUpdate()
FunPlus.WorldX.AppFacade:UpdateAllManager()

[3881.1970][Log]|[lua][info][2026-09-17 03:35:16.582804]	[info]	[PHONESTCORE_HOOK]	[TcpClient(0x28ff00b63e0) tryConnect endpoint=8.209.80.247:20000 family=IPv4]	[TcpClient.cpp:119(phonestcore::TcpClient::tryConnect)]
FunPlus.WorldX.Utils.GameLog:SimpleLog(LogType, IntPtr, Int32)
FunPlus.WorldX.Utils.LuaUtils:LogForLua(Int32, IntPtr, Int32)
XLua.CSObjectWrap.FunPlusWorldXUtilsLuaUtilsWrap:_m_LogForLua_xlua_st_(IntPtr)
XLua.LuaFunction:Action(T1, T2, T3, T4, T5, T6, T7)
FunPlus.WorldX.Manager.LuaManager:CommonUpdate()
FunPlus.WorldX.AppFacade:UpdateAllManager()

[3881.2122][Log]|[lua][info][2026-09-17 03:35:16.600259]	[info]	[PHONESTCORE_HOOK]	[LuaClient(0x29011e89b70)::connectCallback status true]	[LuaClient.h:75(phonestcore::LuaClient::connect::<lambda_ffd3430e67ee12999344db9951a5eac4>::operator ())]
FunPlus.WorldX.Utils.GameLog:SimpleLog(LogType, IntPtr, Int32)
FunPlus.WorldX.Utils.LuaUtils:LogForLua(Int32, IntPtr, Int32)
XLua.CSObjectWrap.FunPlusWorldXUtilsLuaUtilsWrap:_m_LogForLua_xlua_st_(IntPtr)
XLua.LuaFunction:Action(T1, T2, T3, T4, T5, T6, T7)
FunPlus.WorldX.Manager.LuaManager:CommonUpdate()
FunPlus.WorldX.AppFacade:UpdateAllManager()

[3881.7405][Log]|[lua][info][2026-09-17 03:35:17.108352]	[info]	[PHONESTCORE_HOOK]	[Actor::setIsMainPlayerActor: true, actor_id: 158446]	[ActorC.h:75(logic::ActorC::setIsMainPlayerActor)]
FunPlus.WorldX.Utils.GameLog:SimpleLog(LogType, IntPtr, Int32)
FunPlus.WorldX.Utils.LuaUtils:LogForLua(Int32, IntPtr, Int32)
XLua.CSObjectWrap.FunPlusWorldXUtilsLuaUtilsWrap:_m_LogForLua_xlua_st_(IntPtr)
XLua.LuaFunction:Action(T1, T2, T3, T4, T5, T6, T7)
FunPlus.WorldX.Manager.LuaManager:CommonUpdate()
FunPlus.WorldX.AppFacade:UpdateAllManager()

[3881.7406][Log]|[lua][info][2026-09-17 03:35:17.117304]	[info]	[PHONESTCORE_HOOK]	[createVoxelScene new>>>id:aqpUJz7H6TNBt19l 0x28d4c218e90	ref:1]	[SpaceManagerC.cpp:78(logic::SpaceManagerC::createVoxelScene)]
FunPlus.WorldX.Utils.GameLog:SimpleLog(LogType, IntPtr, Int32)
FunPlus.WorldX.Utils.LuaUtils:LogForLua(Int32, IntPtr, Int32)
XLua.CSObjectWrap.FunPlusWorldXUtilsLuaUtilsWrap:_m_LogForLua_xlua_st_(IntPtr)
XLua.LuaFunction:Action(T1, T2, T3, T4, T5, T6, T7)
FunPlus.WorldX.Manager.LuaManager:CommonUpdate()
FunPlus.WorldX.AppFacade:UpdateAllManager()

[3881.9343][Error]|[lua][error][CustomDict]	IntIntMap init property skipped, key declare maybe deleted	[[init]     ...p4dir\client\LuaScripts\Core\PropertySync\CustomDict.lua:295]
FunPlus.WorldX.Utils.GameLog:SimpleLog(LogType, IntPtr, Int32)
FunPlus.WorldX.Utils.LuaUtils:LogForLua(Int32, IntPtr, Int32)
XLua.CSObjectWrap.FunPlusWorldXUtilsLuaUtilsWrap:_m_LogForLua_xlua_st_(IntPtr)
XLua.LuaFunction:Action(T1, T2, T3, T4, T5, T6, T7)
FunPlus.WorldX.Manager.LuaManager:CommonUpdate()
FunPlus.WorldX.AppFacade:UpdateAllManager()

[3881.9355][Error]|[lua][error][CustomDict]	IntIntMap init property skipped, key declare maybe deleted	[[init]     ...p4dir\client\LuaScripts\Core\PropertySync\CustomDict.lua:295]
FunPlus.WorldX.Utils.GameLog:SimpleLog(LogType, IntPtr, Int32)
FunPlus.WorldX.Utils.LuaUtils:LogForLua(Int32, IntPtr, Int32)
XLua.CSObjectWrap.FunPlusWorldXUtilsLuaUtilsWrap:_m_LogForLua_xlua_st_(IntPtr)
XLua.LuaFunction:Action(T1, T2, T3, T4, T5, T6, T7)
FunPlus.WorldX.Manager.LuaManager:CommonUpdate()
FunPlus.WorldX.AppFacade:UpdateAllManager()

[3881.9367][Error]|[lua][error][CustomDict]	IntIntMap init property skipped, key declare maybe deleted	[[init]     ...p4dir\client\LuaScripts\Core\PropertySync\CustomDict.lua:295]
FunPlus.WorldX.Utils.GameLog:SimpleLog(LogType, IntPtr, Int32)
FunPlus.WorldX.Utils.LuaUtils:LogForLua(Int32, IntPtr, Int32)
XLua.CSObjectWrap.FunPlusWorldXUtilsLuaUtilsWrap:_m_LogForLua_xlua_st_(IntPtr)
XLua.LuaFunction:Action(T1, T2, T3, T4, T5, T6, T7)
FunPlus.WorldX.Manager.LuaManager:CommonUpdate()
FunPlus.WorldX.AppFacade:UpdateAllManager()

[3881.9378][Error]|[lua][error][CustomDict]	IntIntMap init property skipped, key declare maybe deleted	[[init]     ...p4dir\client\LuaScripts\Core\PropertySync\CustomDict.lua:295]
FunPlus.WorldX.Utils.GameLog:SimpleLog(LogType, IntPtr, Int32)
FunPlus.WorldX.Utils.LuaUtils:LogForLua(Int32, IntPtr, Int32)
XLua.CSObjectWrap.FunPlusWorldXUtilsLuaUtilsWrap:_m_LogForLua_xlua_st_(IntPtr)
XLua.LuaFunction:Action(T1, T2, T3, T4, T5, T6, T7)
FunPlus.WorldX.Manager.LuaManager:CommonUpdate()
FunPlus.WorldX.AppFacade:UpdateAllManager()

[3881.9389][Error]|[lua][error][CustomDict]	IntIntMap init property skipped, key declare maybe deleted	[[init]     ...p4dir\client\LuaScripts\Core\PropertySync\CustomDict.lua:295]
FunPlus.WorldX.Utils.GameLog:SimpleLog(LogType, IntPtr, Int32)
FunPlus.WorldX.Utils.LuaUtils:LogForLua(Int32, IntPtr, Int32)
XLua.CSObjectWrap.FunPlusWorldXUtilsLuaUtilsWrap:_m_LogForLua_xlua_st_(IntPtr)
XLua.LuaFunction:Action(T1, T2, T3, T4, T5, T6, T7)
FunPlus.WorldX.Manager.LuaManager:CommonUpdate()
FunPlus.WorldX.AppFacade:UpdateAllManager()

Couldn't create a Convex Mesh from source mesh "SM_Stone_SmoothStone_009_A_CM_2099548914" within the maximum polygons limit (256). The partial hull will be used. Consider simplifying your mesh.
Couldn't create a Convex Mesh from source mesh "SM_LVIOT_Rock_SplitMountains_004_A_Collider_Mesh_278569052" within the maximum polygons limit (256). The partial hull will be used. Consider simplifying your mesh.
Couldn't create a Convex Mesh from source mesh "SM_Rock_Edge_Mid_04_CM_1505413858" within the maximum polygons limit (256). The partial hull will be used. Consider simplifying your mesh.
Couldn't create a Convex Mesh from source mesh "SM_LVIOT_Rock_Cliff_01_F_CM_-1920994744" within the maximum polygons limit (256). The partial hull will be used. Consider simplifying your mesh.
Couldn't create a Convex Mesh from source mesh "SM_LVIOT_Rock_Cliff_01_A_CM_-1667037262" within the maximum polygons limit (256). The partial hull will be used. Consider simplifying your mesh.
Couldn't create a Convex Mesh from source mesh "SM_LVIOT_Rock_Cliff_01_C_Collider_Mesh_Stone_518205044" within the maximum polygons limit (256). The partial hull will be used. Consider simplifying your mesh.
The referenced script on this Behaviour (Game Object '<null>') is missing!
The referenced script on this Behaviour (Game Object '<null>') is missing!
The referenced script on this Behaviour (Game Object '<null>') is missing!
The referenced script on this Behaviour (Game Object '<null>') is missing!
The referenced script on this Behaviour (Game Object '<null>') is missing!
The referenced script on this Behaviour (Game Object '<null>') is missing!
The referenced script on this Behaviour (Game Object '<null>') is missing!
Can't add 'SkinnedMeshBatch' to M_Parmon_10371_Body02 because a 'SkinnedMeshBatch' is already added to the game object!
UnityEngine.GameObject:AddComponent()
XRender.Pipeline.Modules.SkinnedMeshCombine.SkinnedMeshBufferMgr:AddSkinnedComponent(SkinnedMeshRenderer)

[ line -1504780888]

Unloading 1 Unused Serialized files (Serialized files now loaded: 1183)
Unloading 30452 unused Assets to reduce memory usage. Loaded Objects now: 181679.
Total: 140.851000 ms (FindLiveObjects: 11.913600 ms CreateObjectMapping: 9.510500 ms MarkObjects: 103.402500 ms  DeleteObjects: 16.024100 ms)

[3890.5854][Error]|[lua][error][CustomDict]	IntIntMap init property skipped, key declare maybe deleted	[[init]     ...p4dir\client\LuaScripts\Core\PropertySync\CustomDict.lua:295]
FunPlus.WorldX.Utils.GameLog:SimpleLog(LogType, IntPtr, Int32)
FunPlus.WorldX.Utils.LuaUtils:LogForLua(Int32, IntPtr, Int32)
XLua.CSObjectWrap.FunPlusWorldXUtilsLuaUtilsWrap:_m_LogForLua_xlua_st_(IntPtr)
XLua.LuaFunction:Action(T1, T2, T3, T4, T5, T6, T7)
FunPlus.WorldX.Manager.LuaManager:CommonUpdate()
FunPlus.WorldX.AppFacade:UpdateAllManager()

[3935.5048][Error]|[lua][error][CustomDict]	IntIntMap init property skipped, key declare maybe deleted	[[init]     ...p4dir\client\LuaScripts\Core\PropertySync\CustomDict.lua:295]
FunPlus.WorldX.Utils.GameLog:SimpleLog(LogType, IntPtr, Int32)
FunPlus.WorldX.Utils.LuaUtils:LogForLua(Int32, IntPtr, Int32)
XLua.CSObjectWrap.FunPlusWorldXUtilsLuaUtilsWrap:_m_LogForLua_xlua_st_(IntPtr)
XLua.LuaFunction:Action(T1, T2, T3, T4, T5, T6, T7)
FunPlus.WorldX.Manager.LuaManager:CommonUpdate()
FunPlus.WorldX.AppFacade:UpdateAllManager()

[3957.9267][Error]|[lua][error][CustomDict]	IntIntMap init property skipped, key declare maybe deleted	[[init]     ...p4dir\client\LuaScripts\Core\PropertySync\CustomDict.lua:295]
FunPlus.WorldX.Utils.GameLog:SimpleLog(LogType, IntPtr, Int32)
FunPlus.WorldX.Utils.LuaUtils:LogForLua(Int32, IntPtr, Int32)
XLua.CSObjectWrap.FunPlusWorldXUtilsLuaUtilsWrap:_m_LogForLua_xlua_st_(IntPtr)
XLua.LuaFunction:Action(T1, T2, T3, T4, T5, T6, T7)
FunPlus.WorldX.Manager.LuaManager:CommonUpdate()
FunPlus.WorldX.AppFacade:UpdateAllManager()

The referenced script on this Behaviour (Game Object '<null>') is missing!
The referenced script on this Behaviour (Game Object '<null>') is missing!
[4115.0432][Error]|[lua][error][CustomDict]	IntIntMap init property skipped, key declare maybe deleted	[[init]     ...p4dir\client\LuaScripts\Core\PropertySync\CustomDict.lua:295]
FunPlus.WorldX.Utils.GameLog:SimpleLog(LogType, IntPtr, Int32)
FunPlus.WorldX.Utils.LuaUtils:LogForLua(Int32, IntPtr, Int32)
XLua.CSObjectWrap.FunPlusWorldXUtilsLuaUtilsWrap:_m_LogForLua_xlua_st_(IntPtr)
XLua.LuaFunction:Action(T1, T2, T3, T4, T5, T6, T7)
FunPlus.WorldX.Manager.LuaManager:CommonUpdate()
FunPlus.WorldX.AppFacade:UpdateAllManager()

[4218.2913][Error]|[lua][error][CustomDict]	IntIntMap init property skipped, key declare maybe deleted	[[init]     ...p4dir\client\LuaScripts\Core\PropertySync\CustomDict.lua:295]
FunPlus.WorldX.Utils.GameLog:SimpleLog(LogType, IntPtr, Int32)
FunPlus.WorldX.Utils.LuaUtils:LogForLua(Int32, IntPtr, Int32)
XLua.CSObjectWrap.FunPlusWorldXUtilsLuaUtilsWrap:_m_LogForLua_xlua_st_(IntPtr)
XLua.LuaFunction:Action(T1, T2, T3, T4, T5, T6, T7)
FunPlus.WorldX.Manager.LuaManager:CommonUpdate()
FunPlus.WorldX.AppFacade:UpdateAllManager()

[4234.3238][Error]|[lua][error][CustomDict]	IntIntMap init property skipped, key declare maybe deleted	[[init]     ...p4dir\client\LuaScripts\Core\PropertySync\CustomDict.lua:295]
FunPlus.WorldX.Utils.GameLog:SimpleLog(LogType, IntPtr, Int32)
FunPlus.WorldX.Utils.LuaUtils:LogForLua(Int32, IntPtr, Int32)
XLua.CSObjectWrap.FunPlusWorldXUtilsLuaUtilsWrap:_m_LogForLua_xlua_st_(IntPtr)
XLua.LuaFunction:Action(T1, T2, T3, T4, T5, T6, T7)
FunPlus.WorldX.Manager.LuaManager:CommonUpdate()
FunPlus.WorldX.AppFacade:UpdateAllManager()

Can't add 'SkinnedMeshBatch' to M_Parmon_10371_Body02 because a 'SkinnedMeshBatch' is already added to the game object!
UnityEngine.GameObject:AddComponent()
XRender.Pipeline.Modules.SkinnedMeshCombine.SkinnedMeshBufferMgr:AddSkinnedComponent(SkinnedMeshRenderer)
FunPlus.WorldX.Model.PrefabLoadTask:Destroy()
FunPlus.WorldX.Model.PhysiqueModel:DestroyModel()
FunPlus.WorldX.Model.ModelView:DestroyAllModel(Boolean)
FunPlus.WorldX.Model.ModelView:Destroy()
FunPlus.WorldX.Entities.Components.ModelComponent:Destroy()
FunPlus.WorldX.Entities.EntityBase:DelAllComponent()
FunPlus.WorldX.Entities.EntityBase:OnDestroy()
FunPlus.WorldX.Manager.EntityManager:DestroyEModel(Entity)
XLua.CSObjectWrap.FunPlusWorldXManagerEntityManagerWrap:_m_DestroyEModel(IntPtr)
XLua.LuaFunction:Func(T1, T2)
FunPlus.WorldX.Cutscene.CutsceneItem:CmdLua(String, Object[])
FunPlus.WorldX.Cutscene.CutsceneRoot:DestroyAssets()
FunPlus.WorldX.Cutscene.CutsceneInitializer:Dispose()
XLua.CSObjectWrap.FunPlusWorldXManagerCutsceneManagerWrap:_m_DestroyCutscene(IntPtr)
XLua.LuaFunction:Action(T1, T2, T3, T4, T5, T6, T7)
FunPlus.WorldX.Manager.LuaManager:CommonUpdate()
FunPlus.WorldX.AppFacade:UpdateAllManager()

[ line -1504784648]

[5918.2544][Log]|[lua][info][2026-09-17 04:09:13.643087]	[info]	[PHONESTCORE_HOOK]	[clearSpace is_destroy:true id:aqpUJz7H6TNBt19l actor count:0]	[Space.cpp:30(logic::Space::clearSpace)]
FunPlus.WorldX.Utils.GameLog:SimpleLog(LogType, IntPtr, Int32)
FunPlus.WorldX.Utils.LuaUtils:LogForLua(Int32, IntPtr, Int32)
XLua.CSObjectWrap.FunPlusWorldXUtilsLuaUtilsWrap:_m_LogForLua_xlua_st_(IntPtr)
XLua.LuaFunction:Action(T1, T2, T3, T4, T5, T6, T7)
FunPlus.WorldX.Manager.LuaManager:CommonUpdate()
FunPlus.WorldX.AppFacade:UpdateAllManager()

[5918.5005][Log]|[lua][info][2026-09-17 04:09:13.890868]	[info]	[PHONESTCORE_HOOK]	[client 0x28ff00b63e0 stop]	[Client.hpp:41(phonestcore::Client::stop)]
FunPlus.WorldX.Utils.GameLog:SimpleLog(LogType, IntPtr, Int32)
FunPlus.WorldX.Utils.LuaUtils:LogForLua(Int32, IntPtr, Int32)
XLua.CSObjectWrap.FunPlusWorldXUtilsLuaUtilsWrap:_m_LogForLua_xlua_st_(IntPtr)
XLua.LuaFunction:Action(T1, T2, T3, T4, T5, T6, T7)
FunPlus.WorldX.Manager.LuaManager:CommonUpdate()
FunPlus.WorldX.AppFacade:UpdateAllManager()

[5918.5009][Log]|[lua][info][2026-09-17 04:09:13.890930]	[info]	[PHONESTCORE_HOOK]	[client 0x28f49269f40 connect to eu-prod-singleworld-1002.worldx-gate.kingsgroupgames.com 20000]	[Client.hpp:26(phonestcore::Client::connect)]
FunPlus.WorldX.Utils.GameLog:SimpleLog(LogType, IntPtr, Int32)
FunPlus.WorldX.Utils.LuaUtils:LogForLua(Int32, IntPtr, Int32)
XLua.CSObjectWrap.FunPlusWorldXUtilsLuaUtilsWrap:_m_LogForLua_xlua_st_(IntPtr)
XLua.LuaFunction:Action(T1, T2, T3, T4, T5, T6, T7)
FunPlus.WorldX.Manager.LuaManager:CommonUpdate()
FunPlus.WorldX.AppFacade:UpdateAllManager()

[5918.5009][Warn]|[lua][warning][2026-09-17 04:09:13.890964]	[warning]	[PHONESTCORE_HOOK]	[0x28ed090e510 onRead error The I/O operation has been aborted because of either a thread exit or an application request]	[TcpConnection.cpp:56(phonestcore::TcpConnection::onRead)]
FunPlus.WorldX.Utils.GameLog:SimpleLog(LogType, IntPtr, Int32)
FunPlus.WorldX.Utils.LuaUtils:LogForLua(Int32, IntPtr, Int32)
XLua.CSObjectWrap.FunPlusWorldXUtilsLuaUtilsWrap:_m_LogForLua_xlua_st_(IntPtr)
XLua.LuaFunction:Action(T1, T2, T3, T4, T5, T6, T7)
FunPlus.WorldX.Manager.LuaManager:CommonUpdate()
FunPlus.WorldX.AppFacade:UpdateAllManager()

[5918.5466][Log]|[lua][info][2026-09-17 04:09:13.935315]	[info]	[PHONESTCORE_HOOK]	[TcpClient(0x28f49269f40) onResolve ok, endpointCount=2, firstEndpoint=8.220.104.4:20000, family=IPv4]	[TcpClient.cpp:74(phonestcore::TcpClient::onResolve)]
FunPlus.WorldX.Utils.GameLog:SimpleLog(LogType, IntPtr, Int32)
FunPlus.WorldX.Utils.LuaUtils:LogForLua(Int32, IntPtr, Int32)
XLua.CSObjectWrap.FunPlusWorldXUtilsLuaUtilsWrap:_m_LogForLua_xlua_st_(IntPtr)
XLua.LuaFunction:Action(T1, T2, T3, T4, T5, T6, T7)
FunPlus.WorldX.Manager.LuaManager:CommonUpdate()
FunPlus.WorldX.AppFacade:UpdateAllManager()

[5918.5468][Log]|[lua][info][2026-09-17 04:09:13.935353]	[info]	[PHONESTCORE_HOOK]	[TcpClient(0x28f49269f40) tryConnect endpoint=8.220.104.4:20000 family=IPv4]	[TcpClient.cpp:119(phonestcore::TcpClient::tryConnect)]
FunPlus.WorldX.Utils.GameLog:SimpleLog(LogType, IntPtr, Int32)
FunPlus.WorldX.Utils.LuaUtils:LogForLua(Int32, IntPtr, Int32)
XLua.CSObjectWrap.FunPlusWorldXUtilsLuaUtilsWrap:_m_LogForLua_xlua_st_(IntPtr)
XLua.LuaFunction:Action(T1, T2, T3, T4, T5, T6, T7)
FunPlus.WorldX.Manager.LuaManager:CommonUpdate()
FunPlus.WorldX.AppFacade:UpdateAllManager()

[5918.5623][Log]|[lua][info][2026-09-17 04:09:13.951392]	[info]	[PHONESTCORE_HOOK]	[LuaClient(0x290120ae820)::connectCallback status true]	[LuaClient.h:75(phonestcore::LuaClient::connect::<lambda_ffd3430e67ee12999344db9951a5eac4>::operator ())]
FunPlus.WorldX.Utils.GameLog:SimpleLog(LogType, IntPtr, Int32)
FunPlus.WorldX.Utils.LuaUtils:LogForLua(Int32, IntPtr, Int32)
XLua.CSObjectWrap.FunPlusWorldXUtilsLuaUtilsWrap:_m_LogForLua_xlua_st_(IntPtr)
XLua.LuaFunction:Action(T1, T2, T3, T4, T5, T6, T7)
FunPlus.WorldX.Manager.LuaManager:CommonUpdate()
FunPlus.WorldX.AppFacade:UpdateAllManager()

[5919.1750][Log]|[lua][info][2026-09-17 04:09:14.533723]	[info]	[PHONESTCORE_HOOK]	[Actor::setIsMainPlayerActor: true, actor_id: 4744326]	[ActorC.h:75(logic::ActorC::setIsMainPlayerActor)]
FunPlus.WorldX.Utils.GameLog:SimpleLog(LogType, IntPtr, Int32)
FunPlus.WorldX.Utils.LuaUtils:LogForLua(Int32, IntPtr, Int32)
XLua.CSObjectWrap.FunPlusWorldXUtilsLuaUtilsWrap:_m_LogForLua_xlua_st_(IntPtr)
XLua.LuaFunction:Action(T1, T2, T3, T4, T5, T6, T7)
FunPlus.WorldX.Manager.LuaManager:CommonUpdate()
FunPlus.WorldX.AppFacade:UpdateAllManager()

[5919.1751][Log]|[lua][info][2026-09-17 04:09:14.548977]	[info]	[PHONESTCORE_HOOK]	[createVoxelScene new>>>id:100-202000114279-3000 0x28d4c21a630	ref:1]	[SpaceManagerC.cpp:78(logic::SpaceManagerC::createVoxelScene)]
FunPlus.WorldX.Utils.GameLog:SimpleLog(LogType, IntPtr, Int32)
FunPlus.WorldX.Utils.LuaUtils:LogForLua(Int32, IntPtr, Int32)
XLua.CSObjectWrap.FunPlusWorldXUtilsLuaUtilsWrap:_m_LogForLua_xlua_st_(IntPtr)
XLua.LuaFunction:Action(T1, T2, T3, T4, T5, T6, T7)
FunPlus.WorldX.Manager.LuaManager:CommonUpdate()
FunPlus.WorldX.AppFacade:UpdateAllManager()

The referenced script on this Behaviour (Game Object '35Rad_Sphere_Cloud') is missing!
The referenced script on this Behaviour (Game Object '20Rad_Sphere_Cloud') is missing!
The referenced script on this Behaviour (Game Object '') is missing!
The referenced script on this Behaviour (Game Object '35Rad_Sphere_Cloud') is missing!
The referenced script on this Behaviour (Game Object '20Rad_Sphere_Cloud') is missing!
The referenced script on this Behaviour (Game Object '25Rad_Sphere_Cloud (3)') is missing!
Can't add 'SkinnedMeshBatch' to M_Parmon_10371_Body02 because a 'SkinnedMeshBatch' is already added to the game object!
UnityEngine.GameObject:AddComponent()
XRender.Pipeline.Modules.SkinnedMeshCombine.SkinnedMeshBufferMgr:AddSkinnedComponent(SkinnedMeshRenderer)

[ line -1504780888]

Couldn't create a Convex Mesh from source mesh "M_Item_SceneObject_BouncePlantBig_Grow_A" within the maximum polygons limit (256). The partial hull will be used. Consider simplifying your mesh.
Couldn't create a Convex Mesh from source mesh "M_Item_SceneObject_BouncePlantBig_Dry_A" within the maximum polygons limit (256). The partial hull will be used. Consider simplifying your mesh.
The referenced script on this Behaviour (Game Object '<null>') is missing!
The referenced script on this Behaviour (Game Object '<null>') is missing!
Unloading 1 Unused Serialized files (Serialized files now loaded: 1239)
Unloading 71160 unused Assets to reduce memory usage. Loaded Objects now: 175353.
Total: 184.469200 ms (FindLiveObjects: 13.665300 ms CreateObjectMapping: 9.382000 ms MarkObjects: 118.081200 ms  DeleteObjects: 43.340500 ms)

Couldn't create a Convex Mesh from source mesh "SM_Item_Props_Stone_Medium_0_Collider_Mesh_-748576486" within the maximum polygons limit (256). The partial hull will be used. Consider simplifying your mesh.
Couldn't create a Convex Mesh from source mesh "SM_Item_Props_Gem_12_Collider_Mesh_-1143160819" within the maximum polygons limit (256). The partial hull will be used. Consider simplifying your mesh.
[5989.8787][Error]|[lua][error][ClientLeylineFlowerComponent]	[快速联结] : 当前不满足快速联结的条件!!!	[[]     ...s\SpaceEntities\PlayerComponent\ClientEventComponent.lua:2489]
FunPlus.WorldX.Utils.GameLog:SimpleLog(LogType, IntPtr, Int32)
FunPlus.WorldX.Utils.LuaUtils:LogForLua(Int32, IntPtr, Int32)
XLua.CSObjectWrap.FunPlusWorldXUtilsLuaUtilsWrap:_m_LogForLua_xlua_st_(IntPtr)
XLua.LuaFunction:Action(T1, T2, T3, T4, T5, T6, T7)
FunPlus.WorldX.Manager.LuaManager:CommonUpdate()
FunPlus.WorldX.AppFacade:UpdateAllManager()

[6013.9802][Log]|[lua][info][2026-09-17 04:10:49.370531]	[info]	[PHONESTCORE_HOOK]	[0x28ffa8735d0 connect to http://worldx-global-assets.oss-us-east-1.aliyuncs.com:443/eu/prod/ClientInfo/202000114279_client_info_bin?x-oss-credential=LTAI5tS3b81GXuYfXYtgJZ7J%2F20260917%2Fus-east-1%2Foss%2Faliyun_v4_request&x-oss-date=20260917T021049Z&x-oss-expires=300&x-oss-signature=1df1eae8530cc41a7df22c1818d891a43edccb41a3a2dd9bcd439726fdbddc5b&x-oss-signature-version=OSS4-HMAC-SHA256]	[HttpClient.cpp:38(phonestcore::HttpClient::connect)]
FunPlus.WorldX.Utils.GameLog:SimpleLog(LogType, IntPtr, Int32)
FunPlus.WorldX.Utils.LuaUtils:LogForLua(Int32, IntPtr, Int32)
XLua.CSObjectWrap.FunPlusWorldXUtilsLuaUtilsWrap:_m_LogForLua_xlua_st_(IntPtr)
XLua.LuaFunction:Action(T1, T2, T3, T4, T5, T6, T7)
FunPlus.WorldX.Manager.LuaManager:CommonUpdate()
FunPlus.WorldX.AppFacade:UpdateAllManager()

The referenced script on this Behaviour (Game Object '<null>') is missing!
The referenced script on this Behaviour (Game Object '<null>') is missing!
Unloading 1 Unused Serialized files (Serialized files now loaded: 1252)
Unloading 1626 unused Assets to reduce memory usage. Loaded Objects now: 193196.
Total: 131.010100 ms (FindLiveObjects: 11.143300 ms CreateObjectMapping: 6.233800 ms MarkObjects: 112.170400 ms  DeleteObjects: 1.462400 ms)

Setting linear velocity of a kinematic body is not supported.
FunPlus.WorldX.Entities.Components.AttachInfo:OnEnable_Physics(Entity, Entity)
FunPlus.WorldX.Entities.Components.AttachInfo:OnEnable(Entity, Entity)
FunPlus.WorldX.Entities.Components.AttachInfo:LateUpdate(Single)
FunPlus.WorldX.Manager.EntityManager:BeforeRender()
FunPlus.WorldX.AppFacade:BeforeRenderUpdateManager()

[ line -1504778664]

Couldn't create a Convex Mesh from source mesh "SM_Rock_Cliff_Beach_10_Collider_Mesh_1374907504" within the maximum polygons limit (256). The partial hull will be used. Consider simplifying your mesh.
Couldn't create a Convex Mesh from source mesh "SM_Rock_Cliff_Beach_05_CM_2024070376" within the maximum polygons limit (256). The partial hull will be used. Consider simplifying your mesh.
Couldn't create a Convex Mesh from source mesh "SM_Rock_Cliffwall_008_CM_1918480376" within the maximum polygons limit (256). The partial hull will be used. Consider simplifying your mesh.
The referenced script on this Behaviour (Game Object '') is missing!
The referenced script on this Behaviour (Game Object '') is missing!
The referenced script on this Behaviour (Game Object 'Water (6)') is missing!
The referenced script on this Behaviour (Game Object '') is missing!
The referenced script on this Behaviour (Game Object '') is missing!
The referenced script on this Behaviour (Game Object 'Water (1)') is missing!
The referenced script on this Behaviour (Game Object '') is missing!
The referenced script on this Behaviour (Game Object '') is missing!
The referenced script on this Behaviour (Game Object 'Water (5)') is missing!
The referenced script on this Behaviour (Game Object 'Water (4)') is missing!
The referenced script on this Behaviour (Game Object 'Water (2)') is missing!
The referenced script on this Behaviour (Game Object 'Water (6)') is missing!
The referenced script on this Behaviour (Game Object 'Water') is missing!
The referenced script on this Behaviour (Game Object 'Water (1)') is missing!
The referenced script on this Behaviour (Game Object 'Water (3)') is missing!
The referenced script on this Behaviour (Game Object 'Water (7)') is missing!
UnityEngine.Object:InstantiateAsync(T, Int32, ReadOnlySpan`1, ReadOnlySpan`1, InstantiateParameters)
UnityEngine.Object:InstantiateAsync(T, Transform)
FunPlus.WorldX.ResourceManager.Runtime.Task:InstantiateAsync()
FunPlus.WorldX.ResourceManager.Runtime.InstantiateQueue:InnerUpdateQueue(Queue`1, Int32)
FunPlus.WorldX.ResourceManager.Runtime.InstantiateQueue:OnCommonUpdate()
FunPlus.WorldX.ResourceManager.Runtime.WorldXResourceManager:CommonLateUpdate()
FunPlus.WorldX.AppFacade:LateUpdateAllManager()
FunPlus.WorldX.GlobalUpdater:LateUpdate()

[ line -1504779640]

Unloading 1 Unused Serialized files (Serialized files now loaded: 1252)
Unloading 1109 unused Assets to reduce memory usage. Loaded Objects now: 195948.
Total: 130.541800 ms (FindLiveObjects: 11.255500 ms CreateObjectMapping: 6.308300 ms MarkObjects: 111.866800 ms  DeleteObjects: 1.110800 ms)

Setting linear velocity of a kinematic body is not supported.
FunPlus.WorldX.GameApp.Sandbox.PressPlatform:SyncMoverPose()
FunPlus.WorldX.GameApp.Sandbox.PressPlatform:RestorePrefabDefaults()
FunPlus.WorldX.GameApp.Sandbox.LevelItemModel:Destroy()
FunPlus.WorldX.GameApp.Sandbox.Sandbox:Destroy()
FunPlus.WorldX.GameApp.Sandbox.SandboxManager:DestroySandbox(Int32)
XLua.CSObjectWrap.FunPlusWorldXGameAppSandboxSandboxManagerWrap:_m_DestroySandbox(IntPtr)
XLua.LuaFunction:Action(T1, T2, T3, T4, T5, T6, T7)
FunPlus.WorldX.Manager.LuaManager:CommonUpdate()
FunPlus.WorldX.AppFacade:UpdateAllManager()

[ line -1504781096]

Setting angular velocity of a kinematic body is not supported.
FunPlus.WorldX.GameApp.Sandbox.PressPlatform:SyncMoverPose()
FunPlus.WorldX.GameApp.Sandbox.PressPlatform:RestorePrefabDefaults()
FunPlus.WorldX.GameApp.Sandbox.LevelItemModel:Destroy()
FunPlus.WorldX.GameApp.Sandbox.Sandbox:Destroy()
FunPlus.WorldX.GameApp.Sandbox.SandboxManager:DestroySandbox(Int32)
XLua.CSObjectWrap.FunPlusWorldXGameAppSandboxSandboxManagerWrap:_m_DestroySandbox(IntPtr)
XLua.LuaFunction:Action(T1, T2, T3, T4, T5, T6, T7)
FunPlus.WorldX.Manager.LuaManager:CommonUpdate()
FunPlus.WorldX.AppFacade:UpdateAllManager()

[ line -1504781304]

Setting linear velocity of a kinematic body is not supported.
FunPlus.WorldX.GameApp.Sandbox.PressPlatform:SyncMoverPose()
FunPlus.WorldX.GameApp.Sandbox.PressPlatform:RestorePrefabDefaults()
FunPlus.WorldX.GameApp.Sandbox.LevelItemModel:Destroy()
FunPlus.WorldX.GameApp.Sandbox.Sandbox:Destroy()
FunPlus.WorldX.GameApp.Sandbox.SandboxManager:DestroySandbox(Int32)
XLua.CSObjectWrap.FunPlusWorldXGameAppSandboxSandboxManagerWrap:_m_DestroySandbox(IntPtr)
XLua.LuaFunction:Action(T1, T2, T3, T4, T5, T6, T7)
FunPlus.WorldX.Manager.LuaManager:CommonUpdate()
FunPlus.WorldX.AppFacade:UpdateAllManager()

[ line -1504781096]

Setting angular velocity of a kinematic body is not supported.
FunPlus.WorldX.GameApp.Sandbox.PressPlatform:SyncMoverPose()
FunPlus.WorldX.GameApp.Sandbox.PressPlatform:RestorePrefabDefaults()
FunPlus.WorldX.GameApp.Sandbox.LevelItemModel:Destroy()
FunPlus.WorldX.GameApp.Sandbox.Sandbox:Destroy()
FunPlus.WorldX.GameApp.Sandbox.SandboxManager:DestroySandbox(Int32)
XLua.CSObjectWrap.FunPlusWorldXGameAppSandboxSandboxManagerWrap:_m_DestroySandbox(IntPtr)
XLua.LuaFunction:Action(T1, T2, T3, T4, T5, T6, T7)
FunPlus.WorldX.Manager.LuaManager:CommonUpdate()
FunPlus.WorldX.AppFacade:UpdateAllManager()

[ line -1504781304]

Setting linear velocity of a kinematic body is not supported.
FunPlus.WorldX.GameApp.Sandbox.PressPlatform:SyncMoverPose()
FunPlus.WorldX.GameApp.Sandbox.PressPlatform:RestorePrefabDefaults()
FunPlus.WorldX.GameApp.Sandbox.LevelItemModel:Destroy()
FunPlus.WorldX.GameApp.Sandbox.Sandbox:Destroy()
FunPlus.WorldX.GameApp.Sandbox.SandboxManager:DestroySandbox(Int32)
XLua.CSObjectWrap.FunPlusWorldXGameAppSandboxSandboxManagerWrap:_m_DestroySandbox(IntPtr)
XLua.LuaFunction:Action(T1, T2, T3, T4, T5, T6, T7)
FunPlus.WorldX.Manager.LuaManager:CommonUpdate()
FunPlus.WorldX.AppFacade:UpdateAllManager()

[ line -1504781096]

Setting angular velocity of a kinematic body is not supported.
FunPlus.WorldX.GameApp.Sandbox.PressPlatform:SyncMoverPose()
FunPlus.WorldX.GameApp.Sandbox.PressPlatform:RestorePrefabDefaults()
FunPlus.WorldX.GameApp.Sandbox.LevelItemModel:Destroy()
FunPlus.WorldX.GameApp.Sandbox.Sandbox:Destroy()
FunPlus.WorldX.GameApp.Sandbox.SandboxManager:DestroySandbox(Int32)
XLua.CSObjectWrap.FunPlusWorldXGameAppSandboxSandboxManagerWrap:_m_DestroySandbox(IntPtr)
XLua.LuaFunction:Action(T1, T2, T3, T4, T5, T6, T7)
FunPlus.WorldX.Manager.LuaManager:CommonUpdate()
FunPlus.WorldX.AppFacade:UpdateAllManager()

[ line -1504781304]

The referenced script on this Behaviour (Game Object '<null>') is missing!
The referenced script on this Behaviour (Game Object '<null>') is missing!
BoxCollider does not support negative scale or size.
The effective box size has been forced positive and is likely to give unexpected collision geometry.
If you absolutely need to use negative scaling you can use the convex MeshCollider. Scene hierarchy path "UISceneRoot/P_RV_Scene(Clone)/HomeCarScene/ArtAssets/RVRoot/aqtMjNNog8uQEh65/PlayerBody/ModelRoot/Skeleton/HomeCarDoor/Prefab_LVH_Props_CarDoor_002_Pink/SM_LVH_Props_CarDoor_002_Blue_Box"
FunPlus.WorldX.Manager.GameManager:PhysxKickSimulate(Single)
FunPlus.WorldX.AppFacade:PhysxSimulateAsync()
Utilities.DelayedCallbackUtil:InvokeEveryFrameCallInMainThread()
XRender.Pipeline.Assembler.XRenderGraphAssemblerSimpleDeferred:Assemble(XRenderRequest)
XRender.RenderGraph.XRenderGraph:AssembleAndExecute(ScriptableRenderContext, CommandBuffer2, Int32, XRenderRequest)
XRender.Pipeline.XRenderPipeline:ExecuteRenderRequest(ScriptableRenderContext, CommandBuffer2, XRenderRequest, XRenderRequest)
XRender.Pipeline.XRenderPipeline:Render(ScriptableRenderContext, List`1)
UnityEngine.Rendering.RenderPipelineManager:DoRenderLoop_Internal(RenderPipelineAsset, IntPtr, Object)

[ line -1504852792]

BoxCollider does not support negative scale or size.
The effective box size has been forced positive and is likely to give unexpected collision geometry.
If you absolutely need to use negative scaling you can use the convex MeshCollider. Scene hierarchy path "UISceneRoot/P_RV_Scene(Clone)/HomeCarScene/ArtAssets/RVRoot/aqtMjNNog8uQEh65/PlayerBody/ModelRoot/Skeleton/HomeCarDoor/Prefab_LVH_Props_CarDoor_002_Blue/SM_LVH_Props_CarDoor_002_Blue_Box"
FunPlus.WorldX.Manager.GameManager:PhysxKickSimulate(Single)
FunPlus.WorldX.AppFacade:PhysxSimulateAsync()
Utilities.DelayedCallbackUtil:InvokeEveryFrameCallInMainThread()
XRender.Pipeline.Assembler.XRenderGraphAssemblerSimpleDeferred:Assemble(XRenderRequest)
XRender.RenderGraph.XRenderGraph:AssembleAndExecute(ScriptableRenderContext, CommandBuffer2, Int32, XRenderRequest)
XRender.Pipeline.XRenderPipeline:ExecuteRenderRequest(ScriptableRenderContext, CommandBuffer2, XRenderRequest, XRenderRequest)
XRender.Pipeline.XRenderPipeline:Render(ScriptableRenderContext, List`1)
UnityEngine.Rendering.RenderPipelineManager:DoRenderLoop_Internal(RenderPipelineAsset, IntPtr, Object)

[ line -1504852792]

BoxCollider does not support negative scale or size.
The effective box size has been forced positive and is likely to give unexpected collision geometry.
If you absolutely need to use negative scaling you can use the convex MeshCollider. Scene hierarchy path "UISceneRoot/P_RV_Scene(Clone)/HomeCarScene/ArtAssets/RVRoot/aqtMjNNog8uQEh65/PlayerBody/ModelRoot/Skeleton/RoofOrnament/P_Home_SetDressing_CarChair03(Clone)/Prefab_LVH_Props_CarChair_003/SM_LVH_Props_CarChair_003_Collider_Box"
FunPlus.WorldX.Manager.GameManager:PhysxKickSimulate(Single)
FunPlus.WorldX.AppFacade:PhysxSimulateAsync()
Utilities.DelayedCallbackUtil:InvokeEveryFrameCallInMainThread()
XRender.Pipeline.Assembler.XRenderGraphAssemblerSimpleDeferred:Assemble(XRenderRequest)
XRender.RenderGraph.XRenderGraph:AssembleAndExecute(ScriptableRenderContext, CommandBuffer2, Int32, XRenderRequest)
XRender.Pipeline.XRenderPipeline:ExecuteRenderRequest(ScriptableRenderContext, CommandBuffer2, XRenderRequest, XRenderRequest)
XRender.Pipeline.XRenderPipeline:Render(ScriptableRenderContext, List`1)
UnityEngine.Rendering.RenderPipelineManager:DoRenderLoop_Internal(RenderPipelineAsset, IntPtr, Object)

[ line -1504852792]

The referenced script on this Behaviour (Game Object '<null>') is missing!
The referenced script on this Behaviour (Game Object '<null>') is missing!
Unloading 1 Unused Serialized files (Serialized files now loaded: 1278)
Unloading 38166 unused Assets to reduce memory usage. Loaded Objects now: 166299.
Total: 154.630100 ms (FindLiveObjects: 11.422300 ms CreateObjectMapping: 7.370500 ms MarkObjects: 112.771900 ms  DeleteObjects: 23.065200 ms)

Couldn't create a Convex Mesh from source mesh "SM_Rock_Cliff_Beach_01_CM_811127384" within the maximum polygons limit (256). The partial hull will be used. Consider simplifying your mesh.
[6193.9859][Log]|[lua][info][2026-09-17 04:13:49.376292]	[info]	[PHONESTCORE_HOOK]	[0x28f483bb3b0 connect to http://worldx-global-assets.oss-us-east-1.aliyuncs.com:443/eu/prod/ClientInfo/202000114279_client_info_bin?x-oss-credential=LTAI5tS3b81GXuYfXYtgJZ7J%2F20260917%2Fus-east-1%2Foss%2Faliyun_v4_request&x-oss-date=20260917T021349Z&x-oss-expires=300&x-oss-signature=82278b38fa1148d255504f58e7e2952a3554ea159532c70c50c8ddd82a3600e0&x-oss-signature-version=OSS4-HMAC-SHA256]	[HttpClient.cpp:38(phonestcore::HttpClient::connect)]
FunPlus.WorldX.Utils.GameLog:SimpleLog(LogType, IntPtr, Int32)
FunPlus.WorldX.Utils.LuaUtils:LogForLua(Int32, IntPtr, Int32)
XLua.CSObjectWrap.FunPlusWorldXUtilsLuaUtilsWrap:_m_LogForLua_xlua_st_(IntPtr)
XLua.LuaFunction:Action(T1, T2, T3, T4, T5, T6, T7)
FunPlus.WorldX.Manager.LuaManager:CommonUpdate()
FunPlus.WorldX.AppFacade:UpdateAllManager()

Couldn't create a Convex Mesh from source mesh "SM_Item_Props_Gem_12_Collider_Mesh_-1143160819" within the maximum polygons limit (256). The partial hull will be used. Consider simplifying your mesh.
Setting linear velocity of a kinematic body is not supported.
FunPlus.WorldX.GameApp.Sandbox.PressPlatform:SyncMoverPose()
FunPlus.WorldX.GameApp.Sandbox.PressPlatform:RestorePrefabDefaults()
FunPlus.WorldX.GameApp.Sandbox.LevelItemModel:Destroy()
FunPlus.WorldX.GameApp.Sandbox.Sandbox:Destroy()
FunPlus.WorldX.GameApp.Sandbox.SandboxManager:DestroySandbox(Int32)
XLua.CSObjectWrap.FunPlusWorldXGameAppSandboxSandboxManagerWrap:_m_DestroySandbox(IntPtr)
XLua.LuaFunction:Action(T1, T2, T3, T4, T5, T6, T7)
FunPlus.WorldX.Manager.LuaManager:CommonUpdate()
FunPlus.WorldX.AppFacade:UpdateAllManager()

[ line -1504781096]

Setting angular velocity of a kinematic body is not supported.
FunPlus.WorldX.GameApp.Sandbox.PressPlatform:SyncMoverPose()
FunPlus.WorldX.GameApp.Sandbox.PressPlatform:RestorePrefabDefaults()
FunPlus.WorldX.GameApp.Sandbox.LevelItemModel:Destroy()
FunPlus.WorldX.GameApp.Sandbox.Sandbox:Destroy()
FunPlus.WorldX.GameApp.Sandbox.SandboxManager:DestroySandbox(Int32)
XLua.CSObjectWrap.FunPlusWorldXGameAppSandboxSandboxManagerWrap:_m_DestroySandbox(IntPtr)
XLua.LuaFunction:Action(T1, T2, T3, T4, T5, T6, T7)
FunPlus.WorldX.Manager.LuaManager:CommonUpdate()
FunPlus.WorldX.AppFacade:UpdateAllManager()

[ line -1504781304]

Setting linear velocity of a kinematic body is not supported.
FunPlus.WorldX.GameApp.Sandbox.PressPlatform:SyncMoverPose()
FunPlus.WorldX.GameApp.Sandbox.PressPlatform:RestorePrefabDefaults()
FunPlus.WorldX.GameApp.Sandbox.LevelItemModel:Destroy()
FunPlus.WorldX.GameApp.Sandbox.Sandbox:Destroy()
FunPlus.WorldX.GameApp.Sandbox.SandboxManager:DestroySandbox(Int32)
XLua.CSObjectWrap.FunPlusWorldXGameAppSandboxSandboxManagerWrap:_m_DestroySandbox(IntPtr)
XLua.LuaFunction:Action(T1, T2, T3, T4, T5, T6, T7)
FunPlus.WorldX.Manager.LuaManager:CommonUpdate()
FunPlus.WorldX.AppFacade:UpdateAllManager()

[ line -1504781096]

Setting angular velocity of a kinematic body is not supported.
FunPlus.WorldX.GameApp.Sandbox.PressPlatform:SyncMoverPose()
FunPlus.WorldX.GameApp.Sandbox.PressPlatform:RestorePrefabDefaults()
FunPlus.WorldX.GameApp.Sandbox.LevelItemModel:Destroy()
FunPlus.WorldX.GameApp.Sandbox.Sandbox:Destroy()
FunPlus.WorldX.GameApp.Sandbox.SandboxManager:DestroySandbox(Int32)
XLua.CSObjectWrap.FunPlusWorldXGameAppSandboxSandboxManagerWrap:_m_DestroySandbox(IntPtr)
XLua.LuaFunction:Action(T1, T2, T3, T4, T5, T6, T7)
FunPlus.WorldX.Manager.LuaManager:CommonUpdate()
FunPlus.WorldX.AppFacade:UpdateAllManager()

[ line -1504781304]

Setting linear velocity of a kinematic body is not supported.
FunPlus.WorldX.GameApp.Sandbox.PressPlatform:SyncMoverPose()
FunPlus.WorldX.GameApp.Sandbox.PressPlatform:RestorePrefabDefaults()
FunPlus.WorldX.GameApp.Sandbox.LevelItemModel:Destroy()
FunPlus.WorldX.GameApp.Sandbox.Sandbox:Destroy()
FunPlus.WorldX.GameApp.Sandbox.SandboxManager:DestroySandbox(Int32)
XLua.CSObjectWrap.FunPlusWorldXGameAppSandboxSandboxManagerWrap:_m_DestroySandbox(IntPtr)
XLua.LuaFunction:Action(T1, T2, T3, T4, T5, T6, T7)
FunPlus.WorldX.Manager.LuaManager:CommonUpdate()
FunPlus.WorldX.AppFacade:UpdateAllManager()

[ line -1504781096]

Setting angular velocity of a kinematic body is not supported.
FunPlus.WorldX.GameApp.Sandbox.PressPlatform:SyncMoverPose()
FunPlus.WorldX.GameApp.Sandbox.PressPlatform:RestorePrefabDefaults()
FunPlus.WorldX.GameApp.Sandbox.LevelItemModel:Destroy()
FunPlus.WorldX.GameApp.Sandbox.Sandbox:Destroy()
FunPlus.WorldX.GameApp.Sandbox.SandboxManager:DestroySandbox(Int32)
XLua.CSObjectWrap.FunPlusWorldXGameAppSandboxSandboxManagerWrap:_m_DestroySandbox(IntPtr)
XLua.LuaFunction:Action(T1, T2, T3, T4, T5, T6, T7)
FunPlus.WorldX.Manager.LuaManager:CommonUpdate()
FunPlus.WorldX.AppFacade:UpdateAllManager()

[ line -1504781304]

Setting linear velocity of a kinematic body is not supported.
FunPlus.WorldX.Entities.Components.AttachInfo:OnEnable_Physics(Entity, Entity)
FunPlus.WorldX.Entities.Components.AttachInfo:OnEnable(Entity, Entity)
FunPlus.WorldX.Entities.Components.AttachInfo:LateUpdate(Single)
FunPlus.WorldX.Manager.EntityManager:BeforeRender()
FunPlus.WorldX.AppFacade:BeforeRenderUpdateManager()

[ line -1504778664]

The referenced script on this Behaviour (Game Object '<null>') is missing!
The referenced script on this Behaviour (Game Object '<null>') is missing!
The referenced script on this Behaviour (Game Object '<null>') is missing!
The referenced script on this Behaviour (Game Object '<null>') is missing!
The referenced script on this Behaviour (Game Object '<null>') is missing!
The referenced script on this Behaviour (Game Object '<null>') is missing!
The referenced script on this Behaviour (Game Object '<null>') is missing!
Couldn't create a Convex Mesh from source mesh "SM_Rock_Beachrock_001_Collider_Mesh_-1736269204" within the maximum polygons limit (256). The partial hull will be used. Consider simplifying your mesh.
Couldn't create a Convex Mesh from source mesh "SM_Rock_Cliff_Beach_07_CM_278463260" within the maximum polygons limit (256). The partial hull will be used. Consider simplifying your mesh.
Setting linear velocity of a kinematic body is not supported.
FunPlus.WorldX.Entities.Components.AttachInfo:OnEnable_Physics(Entity, Entity)
FunPlus.WorldX.Entities.Components.AttachInfo:OnEnable(Entity, Entity)
FunPlus.WorldX.Entities.Components.AttachInfo:LateUpdate(Single)
FunPlus.WorldX.Manager.EntityManager:BeforeRender()
FunPlus.WorldX.AppFacade:BeforeRenderUpdateManager()

[ line -1504778664]

Unloading 1 Unused Serialized files (Serialized files now loaded: 1280)
Unloading 1392 unused Assets to reduce memory usage. Loaded Objects now: 166205.
Total: 128.031800 ms (FindLiveObjects: 9.659100 ms CreateObjectMapping: 5.164500 ms MarkObjects: 112.110600 ms  DeleteObjects: 1.097400 ms)

Couldn't create a Convex Mesh from source mesh "SM_Rock_Cliffwall_004_CM_-789190536" within the maximum polygons limit (256). The partial hull will be used. Consider simplifying your mesh.
Couldn't create a Convex Mesh from source mesh "SM_Rock_Mountain_02_CM_435822050" within the maximum polygons limit (256). The partial hull will be used. Consider simplifying your mesh.
Setting linear velocity of a kinematic body is not supported.
FunPlus.WorldX.Entities.Components.AttachInfo:OnEnable_Physics(Entity, Entity)
FunPlus.WorldX.Entities.Components.AttachInfo:OnEnable(Entity, Entity)
FunPlus.WorldX.Entities.Components.AttachInfo:LateUpdate(Single)
FunPlus.WorldX.Manager.EntityManager:BeforeRender()
FunPlus.WorldX.AppFacade:BeforeRenderUpdateManager()

[ line -1504778664]

Unloading 1 Unused Serialized files (Serialized files now loaded: 1282)
Unloading 88 unused Assets to reduce memory usage. Loaded Objects now: 165620.
Total: 126.088500 ms (FindLiveObjects: 9.507600 ms CreateObjectMapping: 5.272300 ms MarkObjects: 110.970400 ms  DeleteObjects: 0.337900 ms)

Couldn't create a Convex Mesh from source mesh "SM_Item_Props_Chest_Shell01_Bottom_CM_-1245903479" within the maximum polygons limit (256). The partial hull will be used. Consider simplifying your mesh.
Couldn't create a Convex Mesh from source mesh "SM_Item_Props_Chest_Shell01_Top_CM_-1599723075" within the maximum polygons limit (256). The partial hull will be used. Consider simplifying your mesh.
Couldn't create a Convex Mesh from source mesh "M_Item_SceneObject_BouncePlantBig_Grow_A" within the maximum polygons limit (256). The partial hull will be used. Consider simplifying your mesh.
Couldn't create a Convex Mesh from source mesh "M_Item_SceneObject_BouncePlantBig_Dry_A" within the maximum polygons limit (256). The partial hull will be used. Consider simplifying your mesh.
The referenced script on this Behaviour (Game Object '<null>') is missing!
The referenced script on this Behaviour (Game Object '<null>') is missing!
The referenced script on this Behaviour (Game Object '<null>') is missing!
The referenced script on this Behaviour (Game Object '<null>') is missing!
The referenced script on this Behaviour (Game Object '<null>') is missing!
Can't add 'SkinnedMeshBatch' to M_Parmon_10371_Body02 because a 'SkinnedMeshBatch' is already added to the game object!
UnityEngine.GameObject:AddComponent()
XRender.Pipeline.Modules.SkinnedMeshCombine.SkinnedMeshBufferMgr:AddSkinnedComponent(SkinnedMeshRenderer)
FunPlus.WorldX.Model.PrefabLoadTask:Destroy()
FunPlus.WorldX.Model.PhysiqueModel:DestroyModel()
FunPlus.WorldX.Model.ModelView:DestroyAllModel(Boolean)
FunPlus.WorldX.Model.ModelView:Destroy()
FunPlus.WorldX.Entities.Components.ModelComponent:Destroy()
FunPlus.WorldX.Entities.EntityBase:DelAllComponent()
FunPlus.WorldX.Entities.EntityBase:OnDestroy()
FunPlus.WorldX.Manager.EntityManager:DestroyEModel(Entity)
XLua.CSObjectWrap.FunPlusWorldXManagerEntityManagerWrap:_m_DestroyEModel(IntPtr)
XLua.LuaFunction:Func(T1, T2)
FunPlus.WorldX.Cutscene.CutsceneItem:CmdLua(String, Object[])
FunPlus.WorldX.Cutscene.CutsceneRoot:DestroyAssets()
FunPlus.WorldX.Cutscene.CutsceneInitializer:Dispose()
XLua.CSObjectWrap.FunPlusWorldXManagerCutsceneManagerWrap:_m_DestroyCutscene(IntPtr)
XLua.LuaFunction:Action(T1, T2, T3, T4, T5, T6, T7)
FunPlus.WorldX.Manager.LuaManager:CommonUpdate()
FunPlus.WorldX.AppFacade:UpdateAllManager()

[ line -1504784648]

[6294.1690][Log]|[lua][info][2026-09-17 04:15:29.556892]	[info]	[PHONESTCORE_HOOK]	[clearSpace is_destroy:true id:100-202000114279-3000 actor count:0]	[Space.cpp:30(logic::Space::clearSpace)]
FunPlus.WorldX.Utils.GameLog:SimpleLog(LogType, IntPtr, Int32)
FunPlus.WorldX.Utils.LuaUtils:LogForLua(Int32, IntPtr, Int32)
XLua.CSObjectWrap.FunPlusWorldXUtilsLuaUtilsWrap:_m_LogForLua_xlua_st_(IntPtr)
XLua.LuaFunction:Action(T1, T2, T3, T4, T5, T6, T7)
FunPlus.WorldX.Manager.LuaManager:CommonUpdate()
FunPlus.WorldX.AppFacade:UpdateAllManager()

[6294.3406][Log]|[lua][info][2026-09-17 04:15:29.730987]	[info]	[PHONESTCORE_HOOK]	[client 0x28f49269f40 stop]	[Client.hpp:41(phonestcore::Client::stop)]
FunPlus.WorldX.Utils.GameLog:SimpleLog(LogType, IntPtr, Int32)
FunPlus.WorldX.Utils.LuaUtils:LogForLua(Int32, IntPtr, Int32)
XLua.CSObjectWrap.FunPlusWorldXUtilsLuaUtilsWrap:_m_LogForLua_xlua_st_(IntPtr)
XLua.LuaFunction:Action(T1, T2, T3, T4, T5, T6, T7)
FunPlus.WorldX.Manager.LuaManager:CommonUpdate()
FunPlus.WorldX.AppFacade:UpdateAllManager()

[6294.3408][Log]|[lua][info][2026-09-17 04:15:29.731038]	[info]	[PHONESTCORE_HOOK]	[client 0x29002c40890 connect to eu-prod-line-2002.worldx-gate.kingsgroupgames.com 20000]	[Client.hpp:26(phonestcore::Client::connect)]
FunPlus.WorldX.Utils.GameLog:SimpleLog(LogType, IntPtr, Int32)
FunPlus.WorldX.Utils.LuaUtils:LogForLua(Int32, IntPtr, Int32)
XLua.CSObjectWrap.FunPlusWorldXUtilsLuaUtilsWrap:_m_LogForLua_xlua_st_(IntPtr)
XLua.LuaFunction:Action(T1, T2, T3, T4, T5, T6, T7)
FunPlus.WorldX.Manager.LuaManager:CommonUpdate()
FunPlus.WorldX.AppFacade:UpdateAllManager()

[6294.3410][Warn]|[lua][warning][2026-09-17 04:15:29.731064]	[warning]	[PHONESTCORE_HOOK]	[0x28da0444920 onRead error The I/O operation has been aborted because of either a thread exit or an application request]	[TcpConnection.cpp:56(phonestcore::TcpConnection::onRead)]
FunPlus.WorldX.Utils.GameLog:SimpleLog(LogType, IntPtr, Int32)
FunPlus.WorldX.Utils.LuaUtils:LogForLua(Int32, IntPtr, Int32)
XLua.CSObjectWrap.FunPlusWorldXUtilsLuaUtilsWrap:_m_LogForLua_xlua_st_(IntPtr)
XLua.LuaFunction:Action(T1, T2, T3, T4, T5, T6, T7)
FunPlus.WorldX.Manager.LuaManager:CommonUpdate()
FunPlus.WorldX.AppFacade:UpdateAllManager()

[6294.3824][Log]|[lua][info][2026-09-17 04:15:29.768429]	[info]	[PHONESTCORE_HOOK]	[TcpClient(0x29002c40890) onResolve ok, endpointCount=2, firstEndpoint=47.245.171.220:20000, family=IPv4]	[TcpClient.cpp:74(phonestcore::TcpClient::onResolve)]
FunPlus.WorldX.Utils.GameLog:SimpleLog(LogType, IntPtr, Int32)
FunPlus.WorldX.Utils.LuaUtils:LogForLua(Int32, IntPtr, Int32)
XLua.CSObjectWrap.FunPlusWorldXUtilsLuaUtilsWrap:_m_LogForLua_xlua_st_(IntPtr)
XLua.LuaFunction:Action(T1, T2, T3, T4, T5, T6, T7)
FunPlus.WorldX.Manager.LuaManager:CommonUpdate()
FunPlus.WorldX.AppFacade:UpdateAllManager()

[6294.3826][Log]|[lua][info][2026-09-17 04:15:29.768479]	[info]	[PHONESTCORE_HOOK]	[TcpClient(0x29002c40890) tryConnect endpoint=47.245.171.220:20000 family=IPv4]	[TcpClient.cpp:119(phonestcore::TcpClient::tryConnect)]
FunPlus.WorldX.Utils.GameLog:SimpleLog(LogType, IntPtr, Int32)
FunPlus.WorldX.Utils.LuaUtils:LogForLua(Int32, IntPtr, Int32)
XLua.CSObjectWrap.FunPlusWorldXUtilsLuaUtilsWrap:_m_LogForLua_xlua_st_(IntPtr)
XLua.LuaFunction:Action(T1, T2, T3, T4, T5, T6, T7)
FunPlus.WorldX.Manager.LuaManager:CommonUpdate()
FunPlus.WorldX.AppFacade:UpdateAllManager()

[6294.3987][Log]|[lua][info][2026-09-17 04:15:29.786739]	[info]	[PHONESTCORE_HOOK]	[LuaClient(0x28ff00c3120)::connectCallback status true]	[LuaClient.h:75(phonestcore::LuaClient::connect::<lambda_ffd3430e67ee12999344db9951a5eac4>::operator ())]
FunPlus.WorldX.Utils.GameLog:SimpleLog(LogType, IntPtr, Int32)
FunPlus.WorldX.Utils.LuaUtils:LogForLua(Int32, IntPtr, Int32)
XLua.CSObjectWrap.FunPlusWorldXUtilsLuaUtilsWrap:_m_LogForLua_xlua_st_(IntPtr)
XLua.LuaFunction:Action(T1, T2, T3, T4, T5, T6, T7)
FunPlus.WorldX.Manager.LuaManager:CommonUpdate()
FunPlus.WorldX.AppFacade:UpdateAllManager()

[6294.9854][Log]|[lua][info][2026-09-17 04:15:30.347746]	[info]	[PHONESTCORE_HOOK]	[Actor::setIsMainPlayerActor: true, actor_id: 182421]	[ActorC.h:75(logic::ActorC::setIsMainPlayerActor)]
FunPlus.WorldX.Utils.GameLog:SimpleLog(LogType, IntPtr, Int32)
FunPlus.WorldX.Utils.LuaUtils:LogForLua(Int32, IntPtr, Int32)
XLua.CSObjectWrap.FunPlusWorldXUtilsLuaUtilsWrap:_m_LogForLua_xlua_st_(IntPtr)
XLua.LuaFunction:Action(T1, T2, T3, T4, T5, T6, T7)
FunPlus.WorldX.Manager.LuaManager:CommonUpdate()
FunPlus.WorldX.AppFacade:UpdateAllManager()

[6294.9855][Log]|[lua][info][2026-09-17 04:15:30.354881]	[info]	[PHONESTCORE_HOOK]	[createVoxelScene new>>>id:aqtNQV3AST_iXNng 0x28f54cd59c0	ref:1]	[SpaceManagerC.cpp:78(logic::SpaceManagerC::createVoxelScene)]
FunPlus.WorldX.Utils.GameLog:SimpleLog(LogType, IntPtr, Int32)
FunPlus.WorldX.Utils.LuaUtils:LogForLua(Int32, IntPtr, Int32)
XLua.CSObjectWrap.FunPlusWorldXUtilsLuaUtilsWrap:_m_LogForLua_xlua_st_(IntPtr)
XLua.LuaFunction:Action(T1, T2, T3, T4, T5, T6, T7)
FunPlus.WorldX.Manager.LuaManager:CommonUpdate()
FunPlus.WorldX.AppFacade:UpdateAllManager()

Can't add 'SkinnedMeshBatch' to M_Parmon_10371_Body02 because a 'SkinnedMeshBatch' is already added to the game object!
UnityEngine.GameObject:AddComponent()
XRender.Pipeline.Modules.SkinnedMeshCombine.SkinnedMeshBufferMgr:AddSkinnedComponent(SkinnedMeshRenderer)

[ line -1504780888]

Can't add 'SkinnedMeshBatch' to M_Parmon_10371_Body02 because a 'SkinnedMeshBatch' is already added to the game object!
UnityEngine.GameObject:AddComponent()
XRender.Pipeline.Modules.SkinnedMeshCombine.SkinnedMeshBufferMgr:AddSkinnedComponent(SkinnedMeshRenderer)
FunPlus.WorldX.Model.PrefabLoadTask:Destroy()
FunPlus.WorldX.Model.PhysiqueModel:DestroyModel()
FunPlus.WorldX.Model.ModelView:DestroyAllModel(Boolean)
FunPlus.WorldX.Model.ModelView:Destroy()
FunPlus.WorldX.Entities.Components.ModelComponent:Destroy()
FunPlus.WorldX.Entities.EntityBase:DelAllComponent()
FunPlus.WorldX.Entities.EntityBase:OnDestroy()
FunPlus.WorldX.Manager.EntityManager:DestroyEModel(Entity)
XLua.CSObjectWrap.FunPlusWorldXManagerEntityManagerWrap:_m_DestroyEModel(IntPtr)
XLua.LuaFunction:Func(T1, T2)
FunPlus.WorldX.Cutscene.CutsceneItem:CmdLua(String, Object[])
FunPlus.WorldX.Cutscene.CutsceneRoot:DestroyAssets()
FunPlus.WorldX.Cutscene.CutsceneInitializer:Dispose()
XLua.CSObjectWrap.FunPlusWorldXManagerCutsceneManagerWrap:_m_DestroyCutscene(IntPtr)
XLua.LuaFunction:Action(T1, T2, T3, T4, T5, T6, T7)
FunPlus.WorldX.Manager.LuaManager:CommonUpdate()
FunPlus.WorldX.AppFacade:UpdateAllManager()

[ line -1504784648]

[6310.3549][Log]|[lua][info][2026-09-17 04:15:45.743705]	[info]	[PHONESTCORE_HOOK]	[clearSpace is_destroy:true id:aqtNQV3AST_iXNng actor count:0]	[Space.cpp:30(logic::Space::clearSpace)]
FunPlus.WorldX.Utils.GameLog:SimpleLog(LogType, IntPtr, Int32)
FunPlus.WorldX.Utils.LuaUtils:LogForLua(Int32, IntPtr, Int32)
XLua.CSObjectWrap.FunPlusWorldXUtilsLuaUtilsWrap:_m_LogForLua_xlua_st_(IntPtr)
XLua.LuaFunction:Action(T1, T2, T3, T4, T5, T6, T7)
FunPlus.WorldX.Manager.LuaManager:CommonUpdate()
FunPlus.WorldX.AppFacade:UpdateAllManager()

[6310.5708][Log]|[lua][info][2026-09-17 04:15:45.961114]	[info]	[PHONESTCORE_HOOK]	[client 0x29002c40890 stop]	[Client.hpp:41(phonestcore::Client::stop)]
FunPlus.WorldX.Utils.GameLog:SimpleLog(LogType, IntPtr, Int32)
FunPlus.WorldX.Utils.LuaUtils:LogForLua(Int32, IntPtr, Int32)
XLua.CSObjectWrap.FunPlusWorldXUtilsLuaUtilsWrap:_m_LogForLua_xlua_st_(IntPtr)
XLua.LuaFunction:Action(T1, T2, T3, T4, T5, T6, T7)
FunPlus.WorldX.Manager.LuaManager:CommonUpdate()
FunPlus.WorldX.AppFacade:UpdateAllManager()

[6310.5711][Log]|[lua][info][2026-09-17 04:15:45.961181]	[info]	[PHONESTCORE_HOOK]	[client 0x28f3549d980 connect to eu-prod-singleworld-1000.worldx-gate.kingsgroupgames.com 20000]	[Client.hpp:26(phonestcore::Client::connect)]
FunPlus.WorldX.Utils.GameLog:SimpleLog(LogType, IntPtr, Int32)
FunPlus.WorldX.Utils.LuaUtils:LogForLua(Int32, IntPtr, Int32)
XLua.CSObjectWrap.FunPlusWorldXUtilsLuaUtilsWrap:_m_LogForLua_xlua_st_(IntPtr)
XLua.LuaFunction:Action(T1, T2, T3, T4, T5, T6, T7)
FunPlus.WorldX.Manager.LuaManager:CommonUpdate()
FunPlus.WorldX.AppFacade:UpdateAllManager()

[6310.5712][Warn]|[lua][warning][2026-09-17 04:15:45.961194]	[warning]	[PHONESTCORE_HOOK]	[0x28ed090f130 onRead error The I/O operation has been aborted because of either a thread exit or an application request]	[TcpConnection.cpp:56(phonestcore::TcpConnection::onRead)]
FunPlus.WorldX.Utils.GameLog:SimpleLog(LogType, IntPtr, Int32)
FunPlus.WorldX.Utils.LuaUtils:LogForLua(Int32, IntPtr, Int32)
XLua.CSObjectWrap.FunPlusWorldXUtilsLuaUtilsWrap:_m_LogForLua_xlua_st_(IntPtr)
XLua.LuaFunction:Action(T1, T2, T3, T4, T5, T6, T7)
FunPlus.WorldX.Manager.LuaManager:CommonUpdate()
FunPlus.WorldX.AppFacade:UpdateAllManager()

[6310.6121][Log]|[lua][info][2026-09-17 04:15:45.995752]	[info]	[PHONESTCORE_HOOK]	[TcpClient(0x28f3549d980) onResolve ok, endpointCount=2, firstEndpoint=47.245.180.250:20000, family=IPv4]	[TcpClient.cpp:74(phonestcore::TcpClient::onResolve)]
FunPlus.WorldX.Utils.GameLog:SimpleLog(LogType, IntPtr, Int32)
FunPlus.WorldX.Utils.LuaUtils:LogForLua(Int32, IntPtr, Int32)
XLua.CSObjectWrap.FunPlusWorldXUtilsLuaUtilsWrap:_m_LogForLua_xlua_st_(IntPtr)
XLua.LuaFunction:Action(T1, T2, T3, T4, T5, T6, T7)
FunPlus.WorldX.Manager.LuaManager:CommonUpdate()
FunPlus.WorldX.AppFacade:UpdateAllManager()

[6310.6122][Log]|[lua][info][2026-09-17 04:15:45.995793]	[info]	[PHONESTCORE_HOOK]	[TcpClient(0x28f3549d980) tryConnect endpoint=47.245.180.250:20000 family=IPv4]	[TcpClient.cpp:119(phonestcore::TcpClient::tryConnect)]
FunPlus.WorldX.Utils.GameLog:SimpleLog(LogType, IntPtr, Int32)
FunPlus.WorldX.Utils.LuaUtils:LogForLua(Int32, IntPtr, Int32)
XLua.CSObjectWrap.FunPlusWorldXUtilsLuaUtilsWrap:_m_LogForLua_xlua_st_(IntPtr)
XLua.LuaFunction:Action(T1, T2, T3, T4, T5, T6, T7)
FunPlus.WorldX.Manager.LuaManager:CommonUpdate()
FunPlus.WorldX.AppFacade:UpdateAllManager()

[6310.6285][Log]|[lua][info][2026-09-17 04:15:46.011042]	[info]	[PHONESTCORE_HOOK]	[LuaClient(0x28f3cc529f0)::connectCallback status true]	[LuaClient.h:75(phonestcore::LuaClient::connect::<lambda_ffd3430e67ee12999344db9951a5eac4>::operator ())]
FunPlus.WorldX.Utils.GameLog:SimpleLog(LogType, IntPtr, Int32)
FunPlus.WorldX.Utils.LuaUtils:LogForLua(Int32, IntPtr, Int32)
XLua.CSObjectWrap.FunPlusWorldXUtilsLuaUtilsWrap:_m_LogForLua_xlua_st_(IntPtr)
XLua.LuaFunction:Action(T1, T2, T3, T4, T5, T6, T7)
FunPlus.WorldX.Manager.LuaManager:CommonUpdate()
FunPlus.WorldX.AppFacade:UpdateAllManager()

[6311.3298][Log]|[lua][info][2026-09-17 04:15:46.700120]	[info]	[PHONESTCORE_HOOK]	[Actor::setIsMainPlayerActor: true, actor_id: 4840922]	[ActorC.h:75(logic::ActorC::setIsMainPlayerActor)]
FunPlus.WorldX.Utils.GameLog:SimpleLog(LogType, IntPtr, Int32)
FunPlus.WorldX.Utils.LuaUtils:LogForLua(Int32, IntPtr, Int32)
XLua.CSObjectWrap.FunPlusWorldXUtilsLuaUtilsWrap:_m_LogForLua_xlua_st_(IntPtr)
XLua.LuaFunction:Action(T1, T2, T3, T4, T5, T6, T7)
FunPlus.WorldX.Manager.LuaManager:CommonUpdate()
FunPlus.WorldX.AppFacade:UpdateAllManager()

[6311.3299][Log]|[lua][info][2026-09-17 04:15:46.706384]	[info]	[PHONESTCORE_HOOK]	[createVoxelScene new>>>id:100-202000114279-3000 0x28ed044a300	ref:1]	[SpaceManagerC.cpp:78(logic::SpaceManagerC::createVoxelScene)]
FunPlus.WorldX.Utils.GameLog:SimpleLog(LogType, IntPtr, Int32)
FunPlus.WorldX.Utils.LuaUtils:LogForLua(Int32, IntPtr, Int32)
XLua.CSObjectWrap.FunPlusWorldXUtilsLuaUtilsWrap:_m_LogForLua_xlua_st_(IntPtr)
XLua.LuaFunction:Action(T1, T2, T3, T4, T5, T6, T7)
FunPlus.WorldX.Manager.LuaManager:CommonUpdate()
FunPlus.WorldX.AppFacade:UpdateAllManager()

The referenced script on this Behaviour (Game Object '35Rad_Sphere_Cloud') is missing!
The referenced script on this Behaviour (Game Object '20Rad_Sphere_Cloud') is missing!
The referenced script on this Behaviour (Game Object '25Rad_Sphere_Cloud (3)') is missing!
Can't add 'SkinnedMeshBatch' to M_Parmon_10371_Body02 because a 'SkinnedMeshBatch' is already added to the game object!
UnityEngine.GameObject:AddComponent()
XRender.Pipeline.Modules.SkinnedMeshCombine.SkinnedMeshBufferMgr:AddSkinnedComponent(SkinnedMeshRenderer)

[ line -1504780888]

The referenced script on this Behaviour (Game Object '<null>') is missing!
The referenced script on this Behaviour (Game Object '<null>') is missing!
The referenced script on this Behaviour (Game Object '<null>') is missing!
The referenced script on this Behaviour (Game Object '<null>') is missing!
The referenced script on this Behaviour (Game Object '<null>') is missing!
The referenced script on this Behaviour (Game Object '<null>') is missing!
The referenced script on this Behaviour (Game Object '<null>') is missing!
The referenced script on this Behaviour (Game Object '<null>') is missing!
The referenced script on this Behaviour (Game Object '<null>') is missing!
The referenced script on this Behaviour (Game Object '<null>') is missing!
The referenced script on this Behaviour (Game Object '<null>') is missing!
The referenced script on this Behaviour (Game Object '<null>') is missing!
The referenced script on this Behaviour (Game Object '<null>') is missing!
The referenced script on this Behaviour (Game Object '<null>') is missing!
The referenced script on this Behaviour (Game Object '<null>') is missing!
The referenced script on this Behaviour (Game Object '<null>') is missing!
The referenced script on this Behaviour (Game Object '<null>') is missing!
[6374.0414][Log]|[lua][info][2026-09-17 04:16:49.431737]	[info]	[PHONESTCORE_HOOK]	[0x28f4957c1e0 connect to http://worldx-global-assets.oss-us-east-1.aliyuncs.com:443/eu/prod/ClientInfo/202000114279_client_info_bin?x-oss-credential=LTAI5tS3b81GXuYfXYtgJZ7J%2F20260917%2Fus-east-1%2Foss%2Faliyun_v4_request&x-oss-date=20260917T021649Z&x-oss-expires=300&x-oss-signature=7d9aa2649836d99cf230913fd1d5e5d95c9babd6af752d61af639341b03e7523&x-oss-signature-version=OSS4-HMAC-SHA256]	[HttpClient.cpp:38(phonestcore::HttpClient::connect)]
FunPlus.WorldX.Utils.GameLog:SimpleLog(LogType, IntPtr, Int32)
FunPlus.WorldX.Utils.LuaUtils:LogForLua(Int32, IntPtr, Int32)
XLua.CSObjectWrap.FunPlusWorldXUtilsLuaUtilsWrap:_m_LogForLua_xlua_st_(IntPtr)
XLua.LuaFunction:Action(T1, T2, T3, T4, T5, T6, T7)
FunPlus.WorldX.Manager.LuaManager:CommonUpdate()
FunPlus.WorldX.AppFacade:UpdateAllManager()

[6376.8313][Log]|[lua][info][2026-09-17 04:16:52.218024]	[info]	[PHONESTCORE_HOOK]	[0x28ed8aee220 connect to http://priv-platform-yimoo-api.funplus.com:443/api/game/red-dot]	[HttpClient.cpp:38(phonestcore::HttpClient::connect)]
FunPlus.WorldX.Utils.GameLog:SimpleLog(LogType, IntPtr, Int32)
FunPlus.WorldX.Utils.LuaUtils:LogForLua(Int32, IntPtr, Int32)
XLua.CSObjectWrap.FunPlusWorldXUtilsLuaUtilsWrap:_m_LogForLua_xlua_st_(IntPtr)
XLua.LuaFunction:Action(T1, T2, T3, T4, T5, T6, T7)
FunPlus.WorldX.Manager.LuaManager:CommonUpdate()
FunPlus.WorldX.AppFacade:UpdateAllManager()

[6376.8314][Log]|[lua][info][2026-09-17 04:16:52.218491]	[info]	[PHONESTCORE_HOOK]	[0x28ed8aedbc0 connect to http://announcement-web.funplus.com:443/api/announce/list]	[HttpClient.cpp:38(phonestcore::HttpClient::connect)]
FunPlus.WorldX.Utils.GameLog:SimpleLog(LogType, IntPtr, Int32)
FunPlus.WorldX.Utils.LuaUtils:LogForLua(Int32, IntPtr, Int32)
XLua.CSObjectWrap.FunPlusWorldXUtilsLuaUtilsWrap:_m_LogForLua_xlua_st_(IntPtr)
XLua.LuaFunction:Action(T1, T2, T3, T4, T5, T6, T7)
FunPlus.WorldX.Manager.LuaManager:CommonUpdate()
FunPlus.WorldX.AppFacade:UpdateAllManager()

The referenced script on this Behaviour (Game Object '<null>') is missing!
The referenced script on this Behaviour (Game Object '<null>') is missing!
The class named 'FunPlus.WorldX.GameApp.Chem.ConditionalChemMaterial' is not derived from MonoBehaviour or ScriptableObject!
The class named 'FunPlus.WorldX.GameApp.Chem.ConditionalChemMaterial' is not derived from MonoBehaviour or ScriptableObject!
The class named 'FunPlus.WorldX.GameApp.Chem.ConditionalChemMaterial' is not derived from MonoBehaviour or ScriptableObject!
UnityEngine.Object:InstantiateAsync(T, Int32, ReadOnlySpan`1, ReadOnlySpan`1, InstantiateParameters)
UnityEngine.Object:InstantiateAsync(T)
FunPlus.WorldX.ResourceManager.Runtime.Task:InstantiateAsync()
FunPlus.WorldX.ResourceManager.Runtime.InstantiateQueue:InnerUpdateQueue(Queue`1, Int32)
FunPlus.WorldX.ResourceManager.Runtime.InstantiateQueue:OnCommonUpdate()
FunPlus.WorldX.ResourceManager.Runtime.WorldXResourceManager:CommonLateUpdate()
FunPlus.WorldX.AppFacade:LateUpdateAllManager()
FunPlus.WorldX.GlobalUpdater:LateUpdate()

[ line -1504779288]

The referenced script on this Behaviour (Game Object '<null>') is missing!
YooAsset.BundledAssetProvider:Update()
YooAsset.ProviderBase:WaitForAsyncComplete()
YooAsset.ResourcePackage:LoadAssetInternal(AssetInfo, Boolean)
YooAsset.YooAssets:LoadAssetSync(String, UInt32, Boolean)
FunPlus.WorldX.ResourceManager.Runtime.XYooAssetImpl:NewLoadAssetSync(AssetInfo, String, String, TObject&, Action`2, Object, Boolean)
FunPlus.WorldX.ResourceManager.Runtime.XYooAssetImpl:LoadAssetSyncByID(String, Action`2, Object, Boolean)
FunPlus.WorldX.ResourceManager.Runtime.WorldXResourceManager:LoadAssetSyncByID(String, Action`2, Object, Boolean, Boolean)
FunPlus.WorldX.ResourceManager.Runtime.GoInstanceTask:GetAssetAndInstance()
FunPlus.WorldX.ResourceManager.Runtime.GameObjectCacheManager:GetInstance(String, Action`2, GOCacheType, Object, Transform, Boolean, InstantiatePriority, AsyncLoadPriority)
FunPlus.WorldX.Load.ResourcesManager:GetInstanceFromCache(String, Action`2, GOCacheType, Object, Transform, Boolean, InstantiatePriority, AsyncLoadPriority)
FunPlus.WorldX.Manager.UIManager:InstantiateUIView(String, String, Boolean, Boolean, Action`1)
XLua.CSObjectWrap.FunPlusWorldXManagerUIManagerWrap:_m_InstantiateUIView(IntPtr)
XLua.LuaFunction:Action(T1, T2, T3, T4, T5, T6, T7)
FunPlus.WorldX.Manager.LuaManager:CommonUpdate()
FunPlus.WorldX.AppFacade:UpdateAllManager()

[ line -1504783560]

Tree prefab at index 0 is missing.
Tree prefab at index 0 is missing.
Unloading 1 Unused Serialized files (Serialized files now loaded: 1310)
Unloading 23228 unused Assets to reduce memory usage. Loaded Objects now: 201305.
Total: 153.483500 ms (FindLiveObjects: 12.829800 ms CreateObjectMapping: 7.288200 ms MarkObjects: 110.525800 ms  DeleteObjects: 22.839400 ms)

Unloading 1 Unused Serialized files (Serialized files now loaded: 1311)
Unloading 2559 unused Assets to reduce memory usage. Loaded Objects now: 211487.
Total: 125.367600 ms (FindLiveObjects: 11.497800 ms CreateObjectMapping: 6.017700 ms MarkObjects: 105.944600 ms  DeleteObjects: 1.907300 ms)

Couldn't create a Convex Mesh from source mesh "SM_Rock_Edge_Mid_04_CM_1505413858" within the maximum polygons limit (256). The partial hull will be used. Consider simplifying your mesh.
Couldn't create a Convex Mesh from source mesh "SM_Rock_Mountain_04_CM_1160429538" within the maximum polygons limit (256). The partial hull will be used. Consider simplifying your mesh.
Couldn't create a Convex Mesh from source mesh "SM_LVIOT_Rock_Cliff_14_CM_-1344668994" within the maximum polygons limit (256). The partial hull will be used. Consider simplifying your mesh.
Couldn't create a Convex Mesh from source mesh "SM_LVIOT_Build_FlowerVillage_Wndmill_001_A_Collider_Convex_Wood_-175679427" within the maximum polygons limit (256). The partial hull will be used. Consider simplifying your mesh.
Unloading 1 Unused Serialized files (Serialized files now loaded: 1234)
Unloading 776 unused Assets to reduce memory usage. Loaded Objects now: 179197.
Total: 126.020100 ms (FindLiveObjects: 12.113200 ms CreateObjectMapping: 6.233800 ms MarkObjects: 105.917600 ms  DeleteObjects: 1.755100 ms)

Couldn't create a Convex Mesh from source mesh "SM_LVIOT_Tree_Iris_Eff_CM_619886536" within the maximum polygons limit (256). The partial hull will be used. Consider simplifying your mesh.
[6554.1124][Log]|[lua][info][2026-09-17 04:19:49.502704]	[info]	[PHONESTCORE_HOOK]	[0x28da0245c60 connect to http://worldx-global-assets.oss-us-east-1.aliyuncs.com:443/eu/prod/ClientInfo/202000114279_client_info_bin?x-oss-credential=LTAI5tS3b81GXuYfXYtgJZ7J%2F20260917%2Fus-east-1%2Foss%2Faliyun_v4_request&x-oss-date=20260917T021949Z&x-oss-expires=300&x-oss-signature=243f2b067b280371f5c36533b1bba1054f8b9196d75c6b2d900602948baac383&x-oss-signature-version=OSS4-HMAC-SHA256]	[HttpClient.cpp:38(phonestcore::HttpClient::connect)]
FunPlus.WorldX.Utils.GameLog:SimpleLog(LogType, IntPtr, Int32)
FunPlus.WorldX.Utils.LuaUtils:LogForLua(Int32, IntPtr, Int32)
XLua.CSObjectWrap.FunPlusWorldXUtilsLuaUtilsWrap:_m_LogForLua_xlua_st_(IntPtr)
XLua.LuaFunction:Action(T1, T2, T3, T4, T5, T6, T7)
FunPlus.WorldX.Manager.LuaManager:CommonUpdate()
FunPlus.WorldX.AppFacade:UpdateAllManager()

Setting linear velocity of a kinematic body is not supported.
FunPlus.WorldX.Entities.Components.AttachInfo:OnEnable_Physics(Entity, Entity)
FunPlus.WorldX.Entities.Components.AttachInfo:OnEnable(Entity, Entity)
FunPlus.WorldX.Entities.Components.AttachInfo:LateUpdate(Single)
FunPlus.WorldX.Manager.EntityManager:BeforeRender()
FunPlus.WorldX.AppFacade:BeforeRenderUpdateManager()

[ line -1504778664]

Setting linear velocity of a kinematic body is not supported.
FunPlus.WorldX.Entities.Components.AttachInfo:OnEnable_Physics(Entity, Entity)
FunPlus.WorldX.Entities.Components.AttachInfo:OnEnable(Entity, Entity)
FunPlus.WorldX.Entities.Components.AttachInfo:LateUpdate(Single)
FunPlus.WorldX.Manager.EntityManager:BeforeRender()
FunPlus.WorldX.AppFacade:BeforeRenderUpdateManager()

[ line -1504778664]

Unloading 1 Unused Serialized files (Serialized files now loaded: 1252)
Unloading 44877 unused Assets to reduce memory usage. Loaded Objects now: 158044.
Total: 158.397000 ms (FindLiveObjects: 11.993100 ms CreateObjectMapping: 7.327800 ms MarkObjects: 113.511300 ms  DeleteObjects: 25.564500 ms)

The referenced script on this Behaviour (Game Object '20Rad_Sphere_Cloud') is missing!
The referenced script on this Behaviour (Game Object '35Rad_Sphere_Cloud') is missing!
The referenced script on this Behaviour (Game Object '25Rad_Sphere_Cloud (3)') is missing!
Couldn't create a Convex Mesh from source mesh "SM_Stone_SmoothStone_009_A_CM_2099548914" within the maximum polygons limit (256). The partial hull will be used. Consider simplifying your mesh.
Couldn't create a Convex Mesh from source mesh "SM_Rock_Cliff_Beach_05_CM_2024070376" within the maximum polygons limit (256). The partial hull will be used. Consider simplifying your mesh.
Couldn't create a Convex Mesh from source mesh "SM_Rock_Cliff_Beach_01_CM_811127384" within the maximum polygons limit (256). The partial hull will be used. Consider simplifying your mesh.
Couldn't create a Convex Mesh from source mesh "SM_Rock_Edge_Big_03_CM_-675274334" within the maximum polygons limit (256). The partial hull will be used. Consider simplifying your mesh.
Couldn't create a Convex Mesh from source mesh "SM_Rock_Cliffwall_004_CM_-789190536" within the maximum polygons limit (256). The partial hull will be used. Consider simplifying your mesh.
Couldn't create a Convex Mesh from source mesh "SM_Rock_Cliffwall_001_Collider_Mesh_-2008044692" within the maximum polygons limit (256). The partial hull will be used. Consider simplifying your mesh.
Couldn't create a Convex Mesh from source mesh "SM_Rock_Mountain_02_CM_435822050" within the maximum polygons limit (256). The partial hull will be used. Consider simplifying your mesh.
Unloading 1 Unused Serialized files (Serialized files now loaded: 1237)
Unloading 9529 unused Assets to reduce memory usage. Loaded Objects now: 131873.
Total: 118.572800 ms (FindLiveObjects: 9.199800 ms CreateObjectMapping: 4.311600 ms MarkObjects: 100.026000 ms  DeleteObjects: 5.035100 ms)

The referenced script on this Behaviour (Game Object '<null>') is missing!
The referenced script on this Behaviour (Game Object '<null>') is missing!
Unloading 1 Unused Serialized files (Serialized files now loaded: 1239)
Unloading 5006 unused Assets to reduce memory usage. Loaded Objects now: 146651.
Total: 162.280800 ms (FindLiveObjects: 9.697800 ms CreateObjectMapping: 4.356600 ms MarkObjects: 114.619600 ms  DeleteObjects: 33.606500 ms)

Couldn't create a Convex Mesh from source mesh "SM_Rock_Cliff_Beach_05_CM_2024070376" within the maximum polygons limit (256). The partial hull will be used. Consider simplifying your mesh.
Couldn't create a Convex Mesh from source mesh "SM_Rock_Cliff_Beach_10_Collider_Mesh_1374907504" within the maximum polygons limit (256). The partial hull will be used. Consider simplifying your mesh.
Couldn't create a Convex Mesh from source mesh "SM_Rock_Cliffwall_008_CM_1918480376" within the maximum polygons limit (256). The partial hull will be used. Consider simplifying your mesh.
Couldn't create a Convex Mesh from source mesh "SM_LVIOT_Rock_Cliff_05_A_Collider_CM_02_1411904746" within the maximum polygons limit (256). The partial hull will be used. Consider simplifying your mesh.
Couldn't create a Convex Mesh from source mesh "SM_Rock_Cliff_Beach_04_CM_-1533757938" within the maximum polygons limit (256). The partial hull will be used. Consider simplifying your mesh.
Couldn't create a Convex Mesh from source mesh "SM_LVIOT_Rock_Cliff_01_B_Collider_Convex_Stone_-2128040324" within the maximum polygons limit (256). The partial hull will be used. Consider simplifying your mesh.
Couldn't create a Convex Mesh from source mesh "SM_Rock_Cliffwall_002_Collider_Mesh_-866322356" within the maximum polygons limit (256). The partial hull will be used. Consider simplifying your mesh.
Couldn't create a Convex Mesh from source mesh "SM_Rock_Cliff_Beach_10_Collider_Mesh_1374907504" within the maximum polygons limit (256). The partial hull will be used. Consider simplifying your mesh.
Couldn't create a Convex Mesh from source mesh "SM_Rock_Beachrock_003_B_Collider_Mesh_-646731316" within the maximum polygons limit (256). The partial hull will be used. Consider simplifying your mesh.
Couldn't create a Convex Mesh from source mesh "SM_Rock_Beachrock_003_A_Collider_Mesh_-1931667380" within the maximum polygons limit (256). The partial hull will be used. Consider simplifying your mesh.
Couldn't create a Convex Mesh from source mesh "SM_LVIOT_Rock_Cliff_01_C_Collider_Mesh_Stone_518205044" within the maximum polygons limit (256). The partial hull will be used. Consider simplifying your mesh.
Couldn't create a Convex Mesh from source mesh "SM_LVIOT_Rock_SplitMountains_004_A_Collider_Mesh_278569052" within the maximum polygons limit (256). The partial hull will be used. Consider simplifying your mesh.
Couldn't create a Convex Mesh from source mesh "SM_Rock_Beachrock_001_Collider_Mesh_-1736269204" within the maximum polygons limit (256). The partial hull will be used. Consider simplifying your mesh.
Setting linear velocity of a kinematic body is not supported.
FunPlus.WorldX.Entities.Components.AttachInfo:OnEnable_Physics(Entity, Entity)
FunPlus.WorldX.Entities.Components.AttachInfo:OnEnable(Entity, Entity)
FunPlus.WorldX.Entities.Components.AttachInfo:LateUpdate(Single)
FunPlus.WorldX.Manager.EntityManager:BeforeRender()
FunPlus.WorldX.AppFacade:BeforeRenderUpdateManager()

[ line -1504778664]

Couldn't create a Convex Mesh from source mesh "SM_Item_Props_SoulEgg_Rare_Collider_Conevx_400907215" within the maximum polygons limit (256). The partial hull will be used. Consider simplifying your mesh.
Setting linear velocity of a kinematic body is not supported.
FunPlus.WorldX.Entities.Components.AttachInfo:OnEnable_Physics(Entity, Entity)
FunPlus.WorldX.Entities.Components.AttachInfo:OnEnable(Entity, Entity)
FunPlus.WorldX.Entities.Components.AttachInfo:LateUpdate(Single)
FunPlus.WorldX.Manager.EntityManager:BeforeRender()
FunPlus.WorldX.AppFacade:BeforeRenderUpdateManager()

[ line -1504778664]

Couldn't create a Convex Mesh from source mesh "SM_Item_Props_Ore_21_Collider_Mesh_1427908941" within the maximum polygons limit (256). The partial hull will be used. Consider simplifying your mesh.
Unloading 1 Unused Serialized files (Serialized files now loaded: 1238)
Unloading 535 unused Assets to reduce memory usage. Loaded Objects now: 140187.
Total: 116.826700 ms (FindLiveObjects: 8.873200 ms CreateObjectMapping: 4.226700 ms MarkObjects: 102.931700 ms  DeleteObjects: 0.794600 ms)

The referenced script on this Behaviour (Game Object '<null>') is missing!
Couldn't create a Convex Mesh from source mesh "M_Item_SceneObject_BouncePlantBig_Grow_A" within the maximum polygons limit (256). The partial hull will be used. Consider simplifying your mesh.
Couldn't create a Convex Mesh from source mesh "M_Item_SceneObject_BouncePlantBig_Dry_A" within the maximum polygons limit (256). The partial hull will be used. Consider simplifying your mesh.
[6734.1242][Log]|[lua][info][2026-09-17 04:22:49.514575]	[info]	[PHONESTCORE_HOOK]	[0x290180761e0 connect to http://worldx-global-assets.oss-us-east-1.aliyuncs.com:443/eu/prod/ClientInfo/202000114279_client_info_bin?x-oss-credential=LTAI5tS3b81GXuYfXYtgJZ7J%2F20260917%2Fus-east-1%2Foss%2Faliyun_v4_request&x-oss-date=20260917T022249Z&x-oss-expires=300&x-oss-signature=9050507cf44662d6c96482bab8b5bade1eeca656a443ddc6ac145d7a351cfbbd&x-oss-signature-version=OSS4-HMAC-SHA256]	[HttpClient.cpp:38(phonestcore::HttpClient::connect)]
FunPlus.WorldX.Utils.GameLog:SimpleLog(LogType, IntPtr, Int32)
FunPlus.WorldX.Utils.LuaUtils:LogForLua(Int32, IntPtr, Int32)
XLua.CSObjectWrap.FunPlusWorldXUtilsLuaUtilsWrap:_m_LogForLua_xlua_st_(IntPtr)
XLua.LuaFunction:Action(T1, T2, T3, T4, T5, T6, T7)
FunPlus.WorldX.Manager.LuaManager:CommonUpdate()
FunPlus.WorldX.AppFacade:UpdateAllManager()

Couldn't create a Convex Mesh from source mesh "SM_Rock_Mountain_01_CM_1905651362" within the maximum polygons limit (256). The partial hull will be used. Consider simplifying your mesh.
Couldn't create a Convex Mesh from source mesh "SM_Rock_Mountain_05_CM_761466786" within the maximum polygons limit (256). The partial hull will be used. Consider simplifying your mesh.
Couldn't create a Convex Mesh from source mesh "SM_LVIOT_Rock_Cliff_01_A_CM_-1667037262" within the maximum polygons limit (256). The partial hull will be used. Consider simplifying your mesh.
[6737.5478][Log]|[lua][info][2026-09-17 04:22:52.934564]	[info]	[PHONESTCORE_HOOK]	[0x28f20275eb0 connect to http://priv-platform-yimoo-api.funplus.com:443/api/game/red-dot]	[HttpClient.cpp:38(phonestcore::HttpClient::connect)]
FunPlus.WorldX.Utils.GameLog:SimpleLog(LogType, IntPtr, Int32)
FunPlus.WorldX.Utils.LuaUtils:LogForLua(Int32, IntPtr, Int32)
XLua.CSObjectWrap.FunPlusWorldXUtilsLuaUtilsWrap:_m_LogForLua_xlua_st_(IntPtr)
XLua.LuaFunction:Action(T1, T2, T3, T4, T5, T6, T7)
FunPlus.WorldX.Manager.LuaManager:CommonUpdate()
FunPlus.WorldX.AppFacade:UpdateAllManager()

[6737.5479][Log]|[lua][info][2026-09-17 04:22:52.934968]	[info]	[PHONESTCORE_HOOK]	[0x28f202761e0 connect to http://announcement-web.funplus.com:443/api/announce/list]	[HttpClient.cpp:38(phonestcore::HttpClient::connect)]
FunPlus.WorldX.Utils.GameLog:SimpleLog(LogType, IntPtr, Int32)
FunPlus.WorldX.Utils.LuaUtils:LogForLua(Int32, IntPtr, Int32)
XLua.CSObjectWrap.FunPlusWorldXUtilsLuaUtilsWrap:_m_LogForLua_xlua_st_(IntPtr)
XLua.LuaFunction:Action(T1, T2, T3, T4, T5, T6, T7)
FunPlus.WorldX.Manager.LuaManager:CommonUpdate()
FunPlus.WorldX.AppFacade:UpdateAllManager()

The referenced script on this Behaviour (Game Object '<null>') is missing!
The referenced script on this Behaviour (Game Object '') is missing!
The referenced script on this Behaviour (Game Object '<null>') is missing!
The AnimationClip 'VX_Node_TopLogoElement_R_Out' used by the Animation component 'UI_Node_TopLogoElement_Thunder(Clone)' must be marked as Legacy.
XGUI.Tool.UPoolTool:TryGetFromPool(Int32, Transform, UWidget&)
FunPlus.WorldX.GameApp.Ecs.EcsManager:GetTopLogoFromPool(Int32, List`1, Transform)
FunPlus.WorldX.GameApp.Ecs.EcsProgressContainer:ApplyElectricState(EcsTopLogoComponent&)
FunPlus.WorldX.GameApp.Ecs.EcsProgressContainer:ApplyState(EcsTopLogoComponent&)
FunPlus.WorldX.GameApp.Ecs.TopLogoSystem:UpdateEntity(Int32, Boolean, Vector3)
FunPlus.WorldX.GameApp.Ecs.TopLogoSystem:Tick(IEcsSystems)
FunPlus.WorldX.GameApp.Ecs.EcsSystems:Run()
FunPlus.WorldX.GameApp.Ecs.EcsManager:CommonLateUpdate()
FunPlus.WorldX.AppFacade:LateUpdateAllManager()
FunPlus.WorldX.GlobalUpdater:LateUpdate()

[ line -1504781080]

The AnimationClip 'VX_Node_TopLogoElement_R_Out' used by the Animation component 'UI_Node_TopLogoElement_Thunder(Clone)' must be marked as Legacy.
XGUI.Tool.UPoolTool:TryGetFromPool(Int32, Transform, UWidget&)
FunPlus.WorldX.GameApp.Ecs.EcsManager:GetTopLogoFromPool(Int32, List`1, Transform)
FunPlus.WorldX.GameApp.Ecs.EcsProgressContainer:ApplyElectricState(EcsTopLogoComponent&)
FunPlus.WorldX.GameApp.Ecs.EcsProgressContainer:ApplyState(EcsTopLogoComponent&)
FunPlus.WorldX.GameApp.Ecs.TopLogoSystem:UpdateEntity(Int32, Boolean, Vector3)
FunPlus.WorldX.GameApp.Ecs.TopLogoSystem:Tick(IEcsSystems)
FunPlus.WorldX.GameApp.Ecs.EcsSystems:Run()
FunPlus.WorldX.GameApp.Ecs.EcsManager:CommonLateUpdate()
FunPlus.WorldX.AppFacade:LateUpdateAllManager()
FunPlus.WorldX.GlobalUpdater:LateUpdate()

[ line -1504781080]

The AnimationClip 'VX_Node_TopLogoElement_R_Out' used by the Animation component 'UI_Node_TopLogoElement_Thunder(Clone)' must be marked as Legacy.
XGUI.Tool.UPoolTool:TryGetFromPool(Int32, Transform, UWidget&)
FunPlus.WorldX.GameApp.Ecs.EcsManager:GetTopLogoFromPool(Int32, List`1, Transform)
FunPlus.WorldX.GameApp.Ecs.EcsProgressContainer:ApplyElectricState(EcsTopLogoComponent&)
FunPlus.WorldX.GameApp.Ecs.EcsProgressContainer:ApplyState(EcsTopLogoComponent&)
FunPlus.WorldX.GameApp.Ecs.TopLogoSystem:UpdateEntity(Int32, Boolean, Vector3)
FunPlus.WorldX.GameApp.Ecs.TopLogoSystem:Tick(IEcsSystems)
FunPlus.WorldX.GameApp.Ecs.EcsSystems:Run()
FunPlus.WorldX.GameApp.Ecs.EcsManager:CommonLateUpdate()
FunPlus.WorldX.AppFacade:LateUpdateAllManager()
FunPlus.WorldX.GlobalUpdater:LateUpdate()

[ line -1504781080]

Setting linear velocity of a kinematic body is not supported.
FunPlus.WorldX.Entities.Components.AttachInfo:OnEnable_Physics(Entity, Entity)
FunPlus.WorldX.Entities.Components.AttachInfo:OnEnable(Entity, Entity)
FunPlus.WorldX.Entities.Components.AttachInfo:LateUpdate(Single)
FunPlus.WorldX.Manager.EntityManager:BeforeRender()
FunPlus.WorldX.AppFacade:BeforeRenderUpdateManager()

[ line -1504778664]

Unloading 1 Unused Serialized files (Serialized files now loaded: 1269)
Unloading 5713 unused Assets to reduce memory usage. Loaded Objects now: 198539.
Total: 136.672800 ms (FindLiveObjects: 12.235100 ms CreateObjectMapping: 5.719600 ms MarkObjects: 113.836400 ms  DeleteObjects: 4.881500 ms)

Look rotation viewing vector is zero
Setting linear velocity of a kinematic body is not supported.
FunPlus.WorldX.Entities.Components.AttachInfo:OnEnable_Physics(Entity, Entity)
FunPlus.WorldX.Entities.Components.AttachInfo:OnEnable(Entity, Entity)
FunPlus.WorldX.Entities.Components.AttachInfo:LateUpdate(Single)
FunPlus.WorldX.Manager.EntityManager:BeforeRender()
FunPlus.WorldX.AppFacade:BeforeRenderUpdateManager()

[ line -1504778664]

The referenced script on this Behaviour (Game Object '') is missing!
The referenced script on this Behaviour (Game Object '<null>') is missing!
The referenced script on this Behaviour (Game Object '<null>') is missing!
The referenced script on this Behaviour (Game Object '<null>') is missing!
The referenced script on this Behaviour (Game Object '<null>') is missing!
Unloading 1 Unused Serialized files (Serialized files now loaded: 1273)
Unloading 46 unused Assets to reduce memory usage. Loaded Objects now: 192534.
Total: 134.933900 ms (FindLiveObjects: 11.325700 ms CreateObjectMapping: 5.471900 ms MarkObjects: 117.907700 ms  DeleteObjects: 0.228300 ms)

Can't add 'SkinnedMeshBatch' to M_Parmon_10371_Body02 because a 'SkinnedMeshBatch' is already added to the game object!
UnityEngine.GameObject:AddComponent()
XRender.Pipeline.Modules.SkinnedMeshCombine.SkinnedMeshBufferMgr:AddSkinnedComponent(SkinnedMeshRenderer)
FunPlus.WorldX.Model.PrefabLoadTask:Destroy()
FunPlus.WorldX.Model.PhysiqueModel:DestroyModel()
FunPlus.WorldX.Model.ModelView:DestroyAllModel(Boolean)
FunPlus.WorldX.Model.ModelView:Destroy()
FunPlus.WorldX.Entities.Components.ModelComponent:Destroy()
FunPlus.WorldX.Entities.EntityBase:DelAllComponent()
FunPlus.WorldX.Entities.EntityBase:OnDestroy()
FunPlus.WorldX.Manager.EntityManager:DestroyEModel(Entity)
XLua.CSObjectWrap.FunPlusWorldXManagerEntityManagerWrap:_m_DestroyEModel(IntPtr)
XLua.LuaFunction:Func(T1, T2)
FunPlus.WorldX.Cutscene.CutsceneItem:CmdLua(String, Object[])
FunPlus.WorldX.Cutscene.CutsceneRoot:DestroyAssets()
FunPlus.WorldX.Cutscene.CutsceneInitializer:Dispose()
XLua.CSObjectWrap.FunPlusWorldXManagerCutsceneManagerWrap:_m_DestroyCutscene(IntPtr)
XLua.LuaFunction:Action(T1, T2, T3, T4, T5, T6, T7)
FunPlus.WorldX.Manager.LuaManager:CommonUpdate()
FunPlus.WorldX.AppFacade:UpdateAllManager()

[ line -1504784648]

[6829.5527][Log]|[lua][info][2026-09-17 04:24:24.938431]	[info]	[PHONESTCORE_HOOK]	[clearSpace is_destroy:true id:100-202000114279-3000 actor count:0]	[Space.cpp:30(logic::Space::clearSpace)]
FunPlus.WorldX.Utils.GameLog:SimpleLog(LogType, IntPtr, Int32)
FunPlus.WorldX.Utils.LuaUtils:LogForLua(Int32, IntPtr, Int32)
XLua.CSObjectWrap.FunPlusWorldXUtilsLuaUtilsWrap:_m_LogForLua_xlua_st_(IntPtr)
XLua.LuaFunction:Action(T1, T2, T3, T4, T5, T6, T7)
FunPlus.WorldX.Manager.LuaManager:CommonUpdate()
FunPlus.WorldX.AppFacade:UpdateAllManager()

[6829.7758][Log]|[lua][info][2026-09-17 04:24:25.166175]	[info]	[PHONESTCORE_HOOK]	[client 0x28f3549d980 stop]	[Client.hpp:41(phonestcore::Client::stop)]
FunPlus.WorldX.Utils.GameLog:SimpleLog(LogType, IntPtr, Int32)
FunPlus.WorldX.Utils.LuaUtils:LogForLua(Int32, IntPtr, Int32)
XLua.CSObjectWrap.FunPlusWorldXUtilsLuaUtilsWrap:_m_LogForLua_xlua_st_(IntPtr)
XLua.LuaFunction:Action(T1, T2, T3, T4, T5, T6, T7)
FunPlus.WorldX.Manager.LuaManager:CommonUpdate()
FunPlus.WorldX.AppFacade:UpdateAllManager()

[6829.7762][Log]|[lua][info][2026-09-17 04:24:25.166240]	[info]	[PHONESTCORE_HOOK]	[client 0x28da588d640 connect to eu-prod-singleworld-1000.worldx-gate.kingsgroupgames.com 20000]	[Client.hpp:26(phonestcore::Client::connect)]
FunPlus.WorldX.Utils.GameLog:SimpleLog(LogType, IntPtr, Int32)
FunPlus.WorldX.Utils.LuaUtils:LogForLua(Int32, IntPtr, Int32)
XLua.CSObjectWrap.FunPlusWorldXUtilsLuaUtilsWrap:_m_LogForLua_xlua_st_(IntPtr)
XLua.LuaFunction:Action(T1, T2, T3, T4, T5, T6, T7)
FunPlus.WorldX.Manager.LuaManager:CommonUpdate()
FunPlus.WorldX.AppFacade:UpdateAllManager()

[6829.7763][Warn]|[lua][warning][2026-09-17 04:24:25.166251]	[warning]	[PHONESTCORE_HOOK]	[0x28ed090fd50 onRead error The I/O operation has been aborted because of either a thread exit or an application request]	[TcpConnection.cpp:56(phonestcore::TcpConnection::onRead)]
FunPlus.WorldX.Utils.GameLog:SimpleLog(LogType, IntPtr, Int32)
FunPlus.WorldX.Utils.LuaUtils:LogForLua(Int32, IntPtr, Int32)
XLua.CSObjectWrap.FunPlusWorldXUtilsLuaUtilsWrap:_m_LogForLua_xlua_st_(IntPtr)
XLua.LuaFunction:Action(T1, T2, T3, T4, T5, T6, T7)
FunPlus.WorldX.Manager.LuaManager:CommonUpdate()
FunPlus.WorldX.AppFacade:UpdateAllManager()

[6829.8105][Log]|[lua][info][2026-09-17 04:24:25.199711]	[info]	[PHONESTCORE_HOOK]	[TcpClient(0x28da588d640) onResolve ok, endpointCount=2, firstEndpoint=8.209.70.65:20000, family=IPv4]	[TcpClient.cpp:74(phonestcore::TcpClient::onResolve)]
FunPlus.WorldX.Utils.GameLog:SimpleLog(LogType, IntPtr, Int32)
FunPlus.WorldX.Utils.LuaUtils:LogForLua(Int32, IntPtr, Int32)
XLua.CSObjectWrap.FunPlusWorldXUtilsLuaUtilsWrap:_m_LogForLua_xlua_st_(IntPtr)
XLua.LuaFunction:Action(T1, T2, T3, T4, T5, T6, T7)
FunPlus.WorldX.Manager.LuaManager:CommonUpdate()
FunPlus.WorldX.AppFacade:UpdateAllManager()

[6829.8107][Log]|[lua][info][2026-09-17 04:24:25.199752]	[info]	[PHONESTCORE_HOOK]	[TcpClient(0x28da588d640) tryConnect endpoint=8.209.70.65:20000 family=IPv4]	[TcpClient.cpp:119(phonestcore::TcpClient::tryConnect)]
FunPlus.WorldX.Utils.GameLog:SimpleLog(LogType, IntPtr, Int32)
FunPlus.WorldX.Utils.LuaUtils:LogForLua(Int32, IntPtr, Int32)
XLua.CSObjectWrap.FunPlusWorldXUtilsLuaUtilsWrap:_m_LogForLua_xlua_st_(IntPtr)
XLua.LuaFunction:Action(T1, T2, T3, T4, T5, T6, T7)
FunPlus.WorldX.Manager.LuaManager:CommonUpdate()
FunPlus.WorldX.AppFacade:UpdateAllManager()

[6829.8269][Log]|[lua][info][2026-09-17 04:24:25.216545]	[info]	[PHONESTCORE_HOOK]	[LuaClient(0x28f494308d0)::connectCallback status true]	[LuaClient.h:75(phonestcore::LuaClient::connect::<lambda_ffd3430e67ee12999344db9951a5eac4>::operator ())]
FunPlus.WorldX.Utils.GameLog:SimpleLog(LogType, IntPtr, Int32)
FunPlus.WorldX.Utils.LuaUtils:LogForLua(Int32, IntPtr, Int32)
XLua.CSObjectWrap.FunPlusWorldXUtilsLuaUtilsWrap:_m_LogForLua_xlua_st_(IntPtr)
XLua.LuaFunction:Action(T1, T2, T3, T4, T5, T6, T7)
FunPlus.WorldX.Manager.LuaManager:CommonUpdate()
FunPlus.WorldX.AppFacade:UpdateAllManager()

[6830.6406][Log]|[lua][info][2026-09-17 04:24:25.943870]	[info]	[PHONESTCORE_HOOK]	[Actor::setIsMainPlayerActor: true, actor_id: 4891081]	[ActorC.h:75(logic::ActorC::setIsMainPlayerActor)]
FunPlus.WorldX.Utils.GameLog:SimpleLog(LogType, IntPtr, Int32)
FunPlus.WorldX.Utils.LuaUtils:LogForLua(Int32, IntPtr, Int32)
XLua.CSObjectWrap.FunPlusWorldXUtilsLuaUtilsWrap:_m_LogForLua_xlua_st_(IntPtr)
XLua.LuaFunction:Action(T1, T2, T3, T4, T5, T6, T7)
FunPlus.WorldX.Manager.LuaManager:CommonUpdate()
FunPlus.WorldX.AppFacade:UpdateAllManager()

[6830.6408][Log]|[lua][info][2026-09-17 04:24:25.955580]	[info]	[PHONESTCORE_HOOK]	[createVoxelScene new>>>id:aqtPWM3ahykHI5gc 0x28f47d3f130	ref:1]	[SpaceManagerC.cpp:78(logic::SpaceManagerC::createVoxelScene)]
FunPlus.WorldX.Utils.GameLog:SimpleLog(LogType, IntPtr, Int32)
FunPlus.WorldX.Utils.LuaUtils:LogForLua(Int32, IntPtr, Int32)
XLua.CSObjectWrap.FunPlusWorldXUtilsLuaUtilsWrap:_m_LogForLua_xlua_st_(IntPtr)
XLua.LuaFunction:Action(T1, T2, T3, T4, T5, T6, T7)
FunPlus.WorldX.Manager.LuaManager:CommonUpdate()
FunPlus.WorldX.AppFacade:UpdateAllManager()

[ABDIAG] cached scene paths name='xpt21_mres_exunity_0.uab' count=1
Unloading 1 Unused Serialized files (Serialized files now loaded: 1278)
UnloadTime: 36.146500 ms
Unloading 29434 unused Assets to reduce memory usage. Loaded Objects now: 112167.
Total: 140.794900 ms (FindLiveObjects: 8.793800 ms CreateObjectMapping: 6.271000 ms MarkObjects: 105.997800 ms  DeleteObjects: 19.732000 ms)

The referenced script on this Behaviour (Game Object '') is missing!
The referenced script on this Behaviour (Game Object '') is missing!
The referenced script on this Behaviour (Game Object 'Eff_VEG_Electric_Connection_Procedual') is missing!
[ABDIAG] cached scene paths name='mres_level_exunity_0.uab' count=49
Unloading 1 Unused Serialized files (Serialized files now loaded: 1384)
The referenced script on this Behaviour (Game Object 'Eff_VEG_Electric_Connection_Procedual') is missing!
The referenced script on this Behaviour (Game Object 'Eff_VEG_Electric_Connection_Procedual') is missing!
The referenced script on this Behaviour (Game Object 'Eff_VEG_Electric_Connection_Procedual') is missing!
The referenced script on this Behaviour (Game Object 'Eff_VEG_Electric_Connection_Procedual') is missing!
The referenced script on this Behaviour (Game Object 'Eff_VEG_Electric_Connection_Procedual') is missing!
The referenced script on this Behaviour (Game Object 'Eff_VEG_Electric_Connection_Procedual') is missing!
The referenced script on this Behaviour (Game Object 'Eff_VEG_Electric_Connection_Procedual') is missing!
The referenced script on this Behaviour (Game Object 'Eff_VEG_Electric_Connection_Procedual') is missing!
The referenced script on this Behaviour (Game Object 'Eff_VEG_Electric_Connection_Procedual') is missing!
The referenced script on this Behaviour (Game Object 'Eff_VEG_Electric_Connection_Procedual') is missing!
The referenced script on this Behaviour (Game Object 'Eff_VEG_Electric_Connection_Procedual') is missing!
The referenced script on this Behaviour (Game Object 'Eff_VEG_Electric_Connection_Procedual') is missing!
UnloadTime: 0.328200 ms
Unloading 7 unused Assets to reduce memory usage. Loaded Objects now: 118077.
Total: 119.067700 ms (FindLiveObjects: 7.351600 ms CreateObjectMapping: 3.660000 ms MarkObjects: 107.960300 ms  DeleteObjects: 0.095600 ms)

Unloading 1 Unused Serialized files (Serialized files now loaded: 1239)
Unloading 626 unused Assets to reduce memory usage. Loaded Objects now: 133819.
Total: 120.231100 ms (FindLiveObjects: 8.756700 ms CreateObjectMapping: 4.630700 ms MarkObjects: 106.185600 ms  DeleteObjects: 0.658000 ms)

[6834.9393][Error]|[lua][error][SafeCallback]	SafeCallback traceback occurred 
	...imitChallengeComponent.lua:192	invalid arguments to XGUI.UContent.SetActiveFastest!
stack traceback:
	[C]: in function 'SetActiveFastest'
	...ublish\proj\p4dir\client\LuaScripts\Utils\LuaUIUtils.lua:177: in function 'setUIVisible'
	...s\Guis\Panels\Tips\Component\LimitChallengeComponent.lua:201: in function '_refreshTempSceneUI'
	...s\Guis\Panels\Tips\Component\LimitChallengeComponent.lua:193: in function <...s\Guis\Panels\Tips\Component\LimitChallengeComponent.lua:192>
	[C]: in function 'xpcall'
	...proj\p4dir\client\LuaScripts\Core\Timer\TimerManager.lua:240: in function <...proj\p4dir\client\LuaScripts\Core\Timer\TimerManager.lua:234>
	[C]: in function 'pullIO'
	...lish\proj\p4dir\client\LuaScripts\Core\Net\Scheduler.lua:13: in function 'poll'
	...nPublish\proj\p4dir\client\LuaScripts\Network\Client.lua:399: in function <...nPublish\proj\p4dir\client\LuaScripts\Network\Client.lua:398>
	[C]: in function 'xpcall'
	...roj\p4dir\client\LuaScripts\Core\Framework\Exception.lua:39: in function 'try'
	...nPublish\proj\p4dir\client\LuaScripts\Network\Client.lua:369: in function 'update'
	...ce\XWinPublish\proj\p4dir\client\LuaScripts\Lib\Main.lua:84: in function <...ce\XWinPublish\proj\p4dir\client\LuaScripts\Lib\Main.lua:79>	[[]     ...proj\p4dir\client\LuaScripts\Core\Timer\TimerManager.lua:242]
FunPlus.WorldX.Utils.GameLog:SimpleLog(LogType, IntPtr, Int32)
FunPlus.WorldX.Utils.LuaUtils:LogForLua(Int32, IntPtr, Int32)
XLua.CSObjectWrap.FunPlusWorldXUtilsLuaUtilsWrap:_m_LogForLua_xlua_st_(IntPtr)
XLua.LuaFunction:Action(T1, T2, T3, T4, T5, T6, T7)
FunPlus.WorldX.Manager.LuaManager:CommonUpdate()
FunPlus.WorldX.AppFacade:UpdateAllManager()

[6914.1423][Log]|[lua][info][2026-09-17 04:25:49.532700]	[info]	[PHONESTCORE_HOOK]	[0x28f30fddb80 connect to http://worldx-global-assets.oss-us-east-1.aliyuncs.com:443/eu/prod/ClientInfo/202000114279_client_info_bin?x-oss-credential=LTAI5tS3b81GXuYfXYtgJZ7J%2F20260917%2Fus-east-1%2Foss%2Faliyun_v4_request&x-oss-date=20260917T022549Z&x-oss-expires=300&x-oss-signature=07d5b537f1486f0c1ce3496d2b86f3c48571cf387f8308b70520d7a73972cfbc&x-oss-signature-version=OSS4-HMAC-SHA256]	[HttpClient.cpp:38(phonestcore::HttpClient::connect)]
FunPlus.WorldX.Utils.GameLog:SimpleLog(LogType, IntPtr, Int32)
FunPlus.WorldX.Utils.LuaUtils:LogForLua(Int32, IntPtr, Int32)
XLua.CSObjectWrap.FunPlusWorldXUtilsLuaUtilsWrap:_m_LogForLua_xlua_st_(IntPtr)
XLua.LuaFunction:Action(T1, T2, T3, T4, T5, T6, T7)
FunPlus.WorldX.Manager.LuaManager:CommonUpdate()
FunPlus.WorldX.AppFacade:UpdateAllManager()

[7031.4472][Error]|[lua][error][SafeCallback]	SafeCallback traceback occurred 
	...nent\PetHatchComponent.lua:114	c# exception:System.NullReferenceException: Object reference not set to an instance of an object.
  at XLua.CSObjectWrap.XGUIUCountDownWrap._s_set_formatText (System.IntPtr L) [0x00000] in <00000000000000000000000000000000>:0 
  at XLua.LuaFunction.Action[T1,T2,T3,T4,T5,T6,T7] (T1 a1, T2 a2, T3 a3, T4 a4, T5 a5, T6 a6, T7 a7) [0x00000] in <00000000000000000000000000000000>:0 
  at FunPlus.WorldX.Manager.LuaManager.CommonUpdate () [0x00000] in <00000000000000000000000000000000>:0 
  at FunPlus.WorldX.AppFacade.UpdateAllManager () [0x00000] in <00000000000000000000000000000000>:0 
stack traceback:
	[C]: at 0x7ff9b436dff0
	[C]: in function '__newindex'
	...Guis\Panels\PetFertility\Component\PetHatchComponent.lua:102: in function 'setHatchSlotCountDownTime'
	...Guis\Panels\PetFertility\Component\PetHatchComponent.lua:119: in function <...Guis\Panels\PetFertility\Component\PetHatchComponent.lua:114>
	[C]: in function 'xpcall'
	...proj\p4dir\client\LuaScripts\Core\Timer\TimerManager.lua:240: in function <...proj\p4dir\client\LuaScripts\Core\Timer\TimerManager.lua:234>
	[C]: in function 'pullIO'
	...lish\proj\p4dir\client\LuaScripts\Core\Net\Scheduler.lua:13: in function 'poll'
	...nPublish\proj\p4dir\client\LuaScripts\Network\Client.lua:399: in function <...nPublish\proj\p4dir\client\LuaScripts\Network\Client.lua:398>
	[C]: in function 'xpcall'
	...roj\p4dir\client\LuaScripts\Core\Framework\Exception.lua:39: in function 'try'
	...nPublish\proj\p4dir\client\LuaScripts\Network\Client.lua:369: in function 'update'
	...ce\XWinPublish\proj\p4dir\client\LuaScripts\Lib\Main.lua:84: in function <...ce\XWinPublish\proj\p4dir\client\LuaScripts\Lib\Main.lua:79>	[[]     ...proj\p4dir\client\LuaScripts\Core\Timer\TimerManager.lua:242]
FunPlus.WorldX.Utils.GameLog:SimpleLog(LogType, IntPtr, Int32)
FunPlus.WorldX.Utils.LuaUtils:LogForLua(Int32, IntPtr, Int32)
XLua.CSObjectWrap.FunPlusWorldXUtilsLuaUtilsWrap:_m_LogForLua_xlua_st_(IntPtr)
XLua.LuaFunction:Action(T1, T2, T3, T4, T5, T6, T7)
FunPlus.WorldX.Manager.LuaManager:CommonUpdate()
FunPlus.WorldX.AppFacade:UpdateAllManager()

[7032.1736][Error]|[lua][error][SafeCallback]	SafeCallback traceback occurred 
	...nent\PetHatchComponent.lua:114	c# exception:System.NullReferenceException: Object reference not set to an instance of an object.
  at XLua.CSObjectWrap.XGUIUCountDownWrap._s_set_formatText (System.IntPtr L) [0x00000] in <00000000000000000000000000000000>:0 
  at XLua.LuaFunction.Action[T1,T2,T3,T4,T5,T6,T7] (T1 a1, T2 a2, T3 a3, T4 a4, T5 a5, T6 a6, T7 a7) [0x00000] in <00000000000000000000000000000000>:0 
  at FunPlus.WorldX.Manager.LuaManager.CommonUpdate () [0x00000] in <00000000000000000000000000000000>:0 
  at FunPlus.WorldX.AppFacade.UpdateAllManager () [0x00000] in <00000000000000000000000000000000>:0 
stack traceback:
	[C]: at 0x7ff9b436dff0
	[C]: in function '__newindex'
	...Guis\Panels\PetFertility\Component\PetHatchComponent.lua:105: in function 'setHatchSlotCountDownTime'
	...Guis\Panels\PetFertility\Component\PetHatchComponent.lua:119: in function <...Guis\Panels\PetFertility\Component\PetHatchComponent.lua:114>
	[C]: in function 'xpcall'
	...proj\p4dir\client\LuaScripts\Core\Timer\TimerManager.lua:240: in function <...proj\p4dir\client\LuaScripts\Core\Timer\TimerManager.lua:234>
	[C]: in function 'pullIO'
	...lish\proj\p4dir\client\LuaScripts\Core\Net\Scheduler.lua:13: in function 'poll'
	...nPublish\proj\p4dir\client\LuaScripts\Network\Client.lua:399: in function <...nPublish\proj\p4dir\client\LuaScripts\Network\Client.lua:398>
	[C]: in function 'xpcall'
	...roj\p4dir\client\LuaScripts\Core\Framework\Exception.lua:39: in function 'try'
	...nPublish\proj\p4dir\client\LuaScripts\Network\Client.lua:369: in function 'update'
	...ce\XWinPublish\proj\p4dir\client\LuaScripts\Lib\Main.lua:84: in function <...ce\XWinPublish\proj\p4dir\client\LuaScripts\Lib\Main.lua:79>	[[]     ...proj\p4dir\client\LuaScripts\Core\Timer\TimerManager.lua:242]
FunPlus.WorldX.Utils.GameLog:SimpleLog(LogType, IntPtr, Int32)
FunPlus.WorldX.Utils.LuaUtils:LogForLua(Int32, IntPtr, Int32)
XLua.CSObjectWrap.FunPlusWorldXUtilsLuaUtilsWrap:_m_LogForLua_xlua_st_(IntPtr)
XLua.LuaFunction:Action(T1, T2, T3, T4, T5, T6, T7)
FunPlus.WorldX.Manager.LuaManager:CommonUpdate()
FunPlus.WorldX.AppFacade:UpdateAllManager()

[7033.1496][Error]|[lua][error][SafeCallback]	SafeCallback traceback occurred 
	...nent\PetHatchComponent.lua:114	c# exception:System.NullReferenceException: Object reference not set to an instance of an object.
  at XLua.CSObjectWrap.XGUIUCountDownWrap._s_set_formatText (System.IntPtr L) [0x00000] in <00000000000000000000000000000000>:0 
  at XLua.LuaFunction.Action[T1,T2,T3,T4,T5,T6,T7] (T1 a1, T2 a2, T3 a3, T4 a4, T5 a5, T6 a6, T7 a7) [0x00000] in <00000000000000000000000000000000>:0 
  at FunPlus.WorldX.Manager.LuaManager.CommonUpdate () [0x00000] in <00000000000000000000000000000000>:0 
  at FunPlus.WorldX.AppFacade.UpdateAllManager () [0x00000] in <00000000000000000000000000000000>:0 
stack traceback:
	[C]: at 0x7ff9b436dff0
	[C]: in function '__newindex'
	...Guis\Panels\PetFertility\Component\PetHatchComponent.lua:102: in function 'setHatchSlotCountDownTime'
	...Guis\Panels\PetFertility\Component\PetHatchComponent.lua:119: in function <...Guis\Panels\PetFertility\Component\PetHatchComponent.lua:114>
	[C]: in function 'xpcall'
	...proj\p4dir\client\LuaScripts\Core\Timer\TimerManager.lua:240: in function <...proj\p4dir\client\LuaScripts\Core\Timer\TimerManager.lua:234>
	[C]: in function 'pullIO'
	...lish\proj\p4dir\client\LuaScripts\Core\Net\Scheduler.lua:13: in function 'poll'
	...nPublish\proj\p4dir\client\LuaScripts\Network\Client.lua:399: in function <...nPublish\proj\p4dir\client\LuaScripts\Network\Client.lua:398>
	[C]: in function 'xpcall'
	...roj\p4dir\client\LuaScripts\Core\Framework\Exception.lua:39: in function 'try'
	...nPublish\proj\p4dir\client\LuaScripts\Network\Client.lua:369: in function 'update'
	...ce\XWinPublish\proj\p4dir\client\LuaScripts\Lib\Main.lua:84: in function <...ce\XWinPublish\proj\p4dir\client\LuaScripts\Lib\Main.lua:79>	[[]     ...proj\p4dir\client\LuaScripts\Core\Timer\TimerManager.lua:242]
FunPlus.WorldX.Utils.GameLog:SimpleLog(LogType, IntPtr, Int32)
FunPlus.WorldX.Utils.LuaUtils:LogForLua(Int32, IntPtr, Int32)
XLua.CSObjectWrap.FunPlusWorldXUtilsLuaUtilsWrap:_m_LogForLua_xlua_st_(IntPtr)
XLua.LuaFunction:Action(T1, T2, T3, T4, T5, T6, T7)
FunPlus.WorldX.Manager.LuaManager:CommonUpdate()
FunPlus.WorldX.AppFacade:UpdateAllManager()

[7033.8764][Error]|[lua][error][SafeCallback]	SafeCallback traceback occurred 
	...nent\PetHatchComponent.lua:114	c# exception:System.NullReferenceException: Object reference not set to an instance of an object.
  at XLua.CSObjectWrap.XGUIUCountDownWrap._s_set_formatText (System.IntPtr L) [0x00000] in <00000000000000000000000000000000>:0 
  at XLua.LuaFunction.Action[T1,T2,T3,T4,T5,T6,T7] (T1 a1, T2 a2, T3 a3, T4 a4, T5 a5, T6 a6, T7 a7) [0x00000] in <00000000000000000000000000000000>:0 
  at FunPlus.WorldX.Manager.LuaManager.CommonUpdate () [0x00000] in <00000000000000000000000000000000>:0 
  at FunPlus.WorldX.AppFacade.UpdateAllManager () [0x00000] in <00000000000000000000000000000000>:0 
stack traceback:
	[C]: at 0x7ff9b436dff0
	[C]: in function '__newindex'
	...Guis\Panels\PetFertility\Component\PetHatchComponent.lua:105: in function 'setHatchSlotCountDownTime'
	...Guis\Panels\PetFertility\Component\PetHatchComponent.lua:119: in function <...Guis\Panels\PetFertility\Component\PetHatchComponent.lua:114>
	[C]: in function 'xpcall'
	...proj\p4dir\client\LuaScripts\Core\Timer\TimerManager.lua:240: in function <...proj\p4dir\client\LuaScripts\Core\Timer\TimerManager.lua:234>
	[C]: in function 'pullIO'
	...lish\proj\p4dir\client\LuaScripts\Core\Net\Scheduler.lua:13: in function 'poll'
	...nPublish\proj\p4dir\client\LuaScripts\Network\Client.lua:399: in function <...nPublish\proj\p4dir\client\LuaScripts\Network\Client.lua:398>
	[C]: in function 'xpcall'
	...roj\p4dir\client\LuaScripts\Core\Framework\Exception.lua:39: in function 'try'
	...nPublish\proj\p4dir\client\LuaScripts\Network\Client.lua:369: in function 'update'
	...ce\XWinPublish\proj\p4dir\client\LuaScripts\Lib\Main.lua:84: in function <...ce\XWinPublish\proj\p4dir\client\LuaScripts\Lib\Main.lua:79>	[[]     ...proj\p4dir\client\LuaScripts\Core\Timer\TimerManager.lua:242]
FunPlus.WorldX.Utils.GameLog:SimpleLog(LogType, IntPtr, Int32)
FunPlus.WorldX.Utils.LuaUtils:LogForLua(Int32, IntPtr, Int32)
XLua.CSObjectWrap.FunPlusWorldXUtilsLuaUtilsWrap:_m_LogForLua_xlua_st_(IntPtr)
XLua.LuaFunction:Action(T1, T2, T3, T4, T5, T6, T7)
FunPlus.WorldX.Manager.LuaManager:CommonUpdate()
FunPlus.WorldX.AppFacade:UpdateAllManager()

The AnimationClip 'VX_Node_TopLogoElement_R_Out' used by the Animation component 'UI_Node_TopLogoElement_Thunder(Clone)' must be marked as Legacy.
XGUI.Tool.UPoolTool:TryGetFromPool(Int32, Transform, UWidget&)
FunPlus.WorldX.GameApp.Ecs.EcsManager:GetTopLogoFromPool(Int32, List`1, Transform)
FunPlus.WorldX.GameApp.Ecs.EcsProgressContainer:ApplyElectricState(EcsTopLogoComponent&)
FunPlus.WorldX.GameApp.Ecs.EcsProgressContainer:ApplyState(EcsTopLogoComponent&)
FunPlus.WorldX.GameApp.Ecs.TopLogoSystem:UpdateEntity(Int32, Boolean, Vector3)
FunPlus.WorldX.GameApp.Ecs.TopLogoSystem:Tick(IEcsSystems)
FunPlus.WorldX.GameApp.Ecs.EcsSystems:Run()
FunPlus.WorldX.GameApp.Ecs.EcsManager:CommonLateUpdate()
FunPlus.WorldX.AppFacade:LateUpdateAllManager()
FunPlus.WorldX.GlobalUpdater:LateUpdate()

[ line -1504781080]

The AnimationClip 'VX_Node_TopLogoElement_R_Out' used by the Animation component 'UI_Node_TopLogoElement_Thunder(Clone)' must be marked as Legacy.
XGUI.Tool.UPoolTool:TryGetFromPool(Int32, Transform, UWidget&)
FunPlus.WorldX.GameApp.Ecs.EcsManager:GetTopLogoFromPool(Int32, List`1, Transform)
FunPlus.WorldX.GameApp.Ecs.EcsProgressContainer:ApplyElectricState(EcsTopLogoComponent&)
FunPlus.WorldX.GameApp.Ecs.EcsProgressContainer:ApplyState(EcsTopLogoComponent&)
FunPlus.WorldX.GameApp.Ecs.TopLogoSystem:UpdateEntity(Int32, Boolean, Vector3)
FunPlus.WorldX.GameApp.Ecs.TopLogoSystem:Tick(IEcsSystems)
FunPlus.WorldX.GameApp.Ecs.EcsSystems:Run()
FunPlus.WorldX.GameApp.Ecs.EcsManager:CommonLateUpdate()
FunPlus.WorldX.AppFacade:LateUpdateAllManager()
FunPlus.WorldX.GlobalUpdater:LateUpdate()

[ line -1504781080]

The AnimationClip 'VX_Node_TopLogoElement_R_Out' used by the Animation component 'UI_Node_TopLogoElement_Thunder(Clone)' must be marked as Legacy.
XGUI.Tool.UPoolTool:TryGetFromPool(Int32, Transform, UWidget&)
FunPlus.WorldX.GameApp.Ecs.EcsManager:GetTopLogoFromPool(Int32, List`1, Transform)
FunPlus.WorldX.GameApp.Ecs.EcsProgressContainer:ApplyElectricState(EcsTopLogoComponent&)
FunPlus.WorldX.GameApp.Ecs.EcsProgressContainer:ApplyState(EcsTopLogoComponent&)
FunPlus.WorldX.GameApp.Ecs.TopLogoSystem:UpdateEntity(Int32, Boolean, Vector3)
FunPlus.WorldX.GameApp.Ecs.TopLogoSystem:Tick(IEcsSystems)
FunPlus.WorldX.GameApp.Ecs.EcsSystems:Run()
FunPlus.WorldX.GameApp.Ecs.EcsManager:CommonLateUpdate()
FunPlus.WorldX.AppFacade:LateUpdateAllManager()
FunPlus.WorldX.GlobalUpdater:LateUpdate()

[ line -1504781080]

[7454.3688][Log]|[lua][info][2026-09-17 04:34:49.759168]	[info]	[PHONESTCORE_HOOK]	[0x28f493aede0 connect to http://worldx-global-assets.oss-us-east-1.aliyuncs.com:443/eu/prod/ClientInfo/202000114279_client_info_bin?x-oss-credential=LTAI5tS3b81GXuYfXYtgJZ7J%2F20260917%2Fus-east-1%2Foss%2Faliyun_v4_request&x-oss-date=20260917T023449Z&x-oss-expires=300&x-oss-signature=54e6195c8fe1882257459fa593bee698ecbdb7fab6b6e805a943571c35281836&x-oss-signature-version=OSS4-HMAC-SHA256]	[HttpClient.cpp:38(phonestcore::HttpClient::connect)]
FunPlus.WorldX.Utils.GameLog:SimpleLog(LogType, IntPtr, Int32)
FunPlus.WorldX.Utils.LuaUtils:LogForLua(Int32, IntPtr, Int32)
XLua.CSObjectWrap.FunPlusWorldXUtilsLuaUtilsWrap:_m_LogForLua_xlua_st_(IntPtr)
XLua.LuaFunction:Action(T1, T2, T3, T4, T5, T6, T7)
FunPlus.WorldX.Manager.LuaManager:CommonUpdate()
FunPlus.WorldX.AppFacade:UpdateAllManager()

[7499.0140][Log]|[lua][info][2026-09-17 04:35:34.399923]	[info]	[PHONESTCORE_HOOK]	[clearSpace is_destroy:true id:aqtPWM3ahykHI5gc actor count:0]	[Space.cpp:30(logic::Space::clearSpace)]
FunPlus.WorldX.Utils.GameLog:SimpleLog(LogType, IntPtr, Int32)
FunPlus.WorldX.Utils.LuaUtils:LogForLua(Int32, IntPtr, Int32)
XLua.CSObjectWrap.FunPlusWorldXUtilsLuaUtilsWrap:_m_LogForLua_xlua_st_(IntPtr)
XLua.LuaFunction:Action(T1, T2, T3, T4, T5, T6, T7)
FunPlus.WorldX.Manager.LuaManager:CommonUpdate()
FunPlus.WorldX.AppFacade:UpdateAllManager()

[7499.2437][Log]|[lua][info][2026-09-17 04:35:34.634092]	[info]	[PHONESTCORE_HOOK]	[client 0x28da588d640 stop]	[Client.hpp:41(phonestcore::Client::stop)]
FunPlus.WorldX.Utils.GameLog:SimpleLog(LogType, IntPtr, Int32)
FunPlus.WorldX.Utils.LuaUtils:LogForLua(Int32, IntPtr, Int32)
XLua.CSObjectWrap.FunPlusWorldXUtilsLuaUtilsWrap:_m_LogForLua_xlua_st_(IntPtr)
XLua.LuaFunction:Action(T1, T2, T3, T4, T5, T6, T7)
FunPlus.WorldX.Manager.LuaManager:CommonUpdate()
FunPlus.WorldX.AppFacade:UpdateAllManager()

[7499.2439][Log]|[lua][info][2026-09-17 04:35:34.634142]	[info]	[PHONESTCORE_HOOK]	[client 0x28f357a5b00 connect to eu-prod-singleworld-1002.worldx-gate.kingsgroupgames.com 20000]	[Client.hpp:26(phonestcore::Client::connect)]
FunPlus.WorldX.Utils.GameLog:SimpleLog(LogType, IntPtr, Int32)
FunPlus.WorldX.Utils.LuaUtils:LogForLua(Int32, IntPtr, Int32)
XLua.CSObjectWrap.FunPlusWorldXUtilsLuaUtilsWrap:_m_LogForLua_xlua_st_(IntPtr)
XLua.LuaFunction:Action(T1, T2, T3, T4, T5, T6, T7)
FunPlus.WorldX.Manager.LuaManager:CommonUpdate()
FunPlus.WorldX.AppFacade:UpdateAllManager()

[7499.2442][Warn]|[lua][warning][2026-09-17 04:35:34.634165]	[warning]	[PHONESTCORE_HOOK]	[0x28ed090e510 onRead error The I/O operation has been aborted because of either a thread exit or an application request]	[TcpConnection.cpp:56(phonestcore::TcpConnection::onRead)]
FunPlus.WorldX.Utils.GameLog:SimpleLog(LogType, IntPtr, Int32)
FunPlus.WorldX.Utils.LuaUtils:LogForLua(Int32, IntPtr, Int32)
XLua.CSObjectWrap.FunPlusWorldXUtilsLuaUtilsWrap:_m_LogForLua_xlua_st_(IntPtr)
XLua.LuaFunction:Action(T1, T2, T3, T4, T5, T6, T7)
FunPlus.WorldX.Manager.LuaManager:CommonUpdate()
FunPlus.WorldX.AppFacade:UpdateAllManager()

[7499.3202][Log]|[lua][info][2026-09-17 04:35:34.710309]	[info]	[PHONESTCORE_HOOK]	[TcpClient(0x28f357a5b00) onResolve ok, endpointCount=2, firstEndpoint=47.245.182.113:20000, family=IPv4]	[TcpClient.cpp:74(phonestcore::TcpClient::onResolve)]
FunPlus.WorldX.Utils.GameLog:SimpleLog(LogType, IntPtr, Int32)
FunPlus.WorldX.Utils.LuaUtils:LogForLua(Int32, IntPtr, Int32)
XLua.CSObjectWrap.FunPlusWorldXUtilsLuaUtilsWrap:_m_LogForLua_xlua_st_(IntPtr)
XLua.LuaFunction:Action(T1, T2, T3, T4, T5, T6, T7)
FunPlus.WorldX.Manager.LuaManager:CommonUpdate()
FunPlus.WorldX.AppFacade:UpdateAllManager()

[7499.3204][Log]|[lua][info][2026-09-17 04:35:34.710348]	[info]	[PHONESTCORE_HOOK]	[TcpClient(0x28f357a5b00) tryConnect endpoint=47.245.182.113:20000 family=IPv4]	[TcpClient.cpp:119(phonestcore::TcpClient::tryConnect)]
FunPlus.WorldX.Utils.GameLog:SimpleLog(LogType, IntPtr, Int32)
FunPlus.WorldX.Utils.LuaUtils:LogForLua(Int32, IntPtr, Int32)
XLua.CSObjectWrap.FunPlusWorldXUtilsLuaUtilsWrap:_m_LogForLua_xlua_st_(IntPtr)
XLua.LuaFunction:Action(T1, T2, T3, T4, T5, T6, T7)
FunPlus.WorldX.Manager.LuaManager:CommonUpdate()
FunPlus.WorldX.AppFacade:UpdateAllManager()

[7499.3372][Log]|[lua][info][2026-09-17 04:35:34.726836]	[info]	[PHONESTCORE_HOOK]	[LuaClient(0x28edcf2daf0)::connectCallback status true]	[LuaClient.h:75(phonestcore::LuaClient::connect::<lambda_ffd3430e67ee12999344db9951a5eac4>::operator ())]
FunPlus.WorldX.Utils.GameLog:SimpleLog(LogType, IntPtr, Int32)
FunPlus.WorldX.Utils.LuaUtils:LogForLua(Int32, IntPtr, Int32)
XLua.CSObjectWrap.FunPlusWorldXUtilsLuaUtilsWrap:_m_LogForLua_xlua_st_(IntPtr)
XLua.LuaFunction:Action(T1, T2, T3, T4, T5, T6, T7)
FunPlus.WorldX.Manager.LuaManager:CommonUpdate()
FunPlus.WorldX.AppFacade:UpdateAllManager()

[7499.8819][Log]|[lua][info][2026-09-17 04:35:35.249530]	[info]	[PHONESTCORE_HOOK]	[Actor::setIsMainPlayerActor: true, actor_id: 6271295]	[ActorC.h:75(logic::ActorC::setIsMainPlayerActor)]
FunPlus.WorldX.Utils.GameLog:SimpleLog(LogType, IntPtr, Int32)
FunPlus.WorldX.Utils.LuaUtils:LogForLua(Int32, IntPtr, Int32)
XLua.CSObjectWrap.FunPlusWorldXUtilsLuaUtilsWrap:_m_LogForLua_xlua_st_(IntPtr)
XLua.LuaFunction:Action(T1, T2, T3, T4, T5, T6, T7)
FunPlus.WorldX.Manager.LuaManager:CommonUpdate()
FunPlus.WorldX.AppFacade:UpdateAllManager()

[7499.8821][Log]|[lua][info][2026-09-17 04:35:35.255972]	[info]	[PHONESTCORE_HOOK]	[createVoxelScene new>>>id:100-202000114279-3000 0x2902a6c3ca0	ref:1]	[SpaceManagerC.cpp:78(logic::SpaceManagerC::createVoxelScene)]
FunPlus.WorldX.Utils.GameLog:SimpleLog(LogType, IntPtr, Int32)
FunPlus.WorldX.Utils.LuaUtils:LogForLua(Int32, IntPtr, Int32)
XLua.CSObjectWrap.FunPlusWorldXUtilsLuaUtilsWrap:_m_LogForLua_xlua_st_(IntPtr)
XLua.LuaFunction:Action(T1, T2, T3, T4, T5, T6, T7)
FunPlus.WorldX.Manager.LuaManager:CommonUpdate()
FunPlus.WorldX.AppFacade:UpdateAllManager()

[ABDIAG] cached scene paths name='xpt21_mres_exunity_0.uab' count=1
Unloading 1 Unused Serialized files (Serialized files now loaded: 1246)
UnloadTime: 4.085200 ms
Unloading 32708 unused Assets to reduce memory usage. Loaded Objects now: 85696.
Total: 134.259700 ms (FindLiveObjects: 7.739100 ms CreateObjectMapping: 4.536500 ms MarkObjects: 97.618800 ms  DeleteObjects: 24.365100 ms)

The referenced script on this Behaviour (Game Object '35Rad_Sphere_Cloud') is missing!
The referenced script on this Behaviour (Game Object '20Rad_Sphere_Cloud') is missing!
The referenced script on this Behaviour (Game Object '') is missing!
[ABDIAG] cached scene paths name='mres_level_exunity_1.uab' count=57
Unloading 1 Unused Serialized files (Serialized files now loaded: 1361)
UnloadTime: 0.279000 ms
Unloading 738 unused Assets to reduce memory usage. Loaded Objects now: 103895.
Total: 125.042900 ms (FindLiveObjects: 7.897000 ms CreateObjectMapping: 3.284100 ms MarkObjects: 113.306000 ms  DeleteObjects: 0.555700 ms)

The referenced script on this Behaviour (Game Object '35Rad_Sphere_Cloud') is missing!
The referenced script on this Behaviour (Game Object '20Rad_Sphere_Cloud') is missing!
The referenced script on this Behaviour (Game Object '25Rad_Sphere_Cloud (3)') is missing!
Couldn't create a Convex Mesh from source mesh "SM_Rock_Cliff_Beach_06_CM_606194242" within the maximum polygons limit (256). The partial hull will be used. Consider simplifying your mesh.
Couldn't create a Convex Mesh from source mesh "SM_Rock_Cliff_Beach_03_CM_-934479732" within the maximum polygons limit (256). The partial hull will be used. Consider simplifying your mesh.
Couldn't create a Convex Mesh from source mesh "SM_Rock_Cliff_Hilly_02_Collider_Mesh_105490436" within the maximum polygons limit (256). The partial hull will be used. Consider simplifying your mesh.
Couldn't create a Convex Mesh from source mesh "SM_Rock_Cliff_Beach_05_CM_2024070376" within the maximum polygons limit (256). The partial hull will be used. Consider simplifying your mesh.
Couldn't create a Convex Mesh from source mesh "SM_Rock_Cliffwall_004_CM_-789190536" within the maximum polygons limit (256). The partial hull will be used. Consider simplifying your mesh.
Couldn't create a Convex Mesh from source mesh "SM_Rock_Edge_Big_01_CM_1648632610" within the maximum polygons limit (256). The partial hull will be used. Consider simplifying your mesh.
Couldn't create a Convex Mesh from source mesh "SM_Rock_Mountain_04_CM_1160429538" within the maximum polygons limit (256). The partial hull will be used. Consider simplifying your mesh.
Couldn't create a Convex Mesh from source mesh "SM_Rock_Edge_Big_03_CM_-675274334" within the maximum polygons limit (256). The partial hull will be used. Consider simplifying your mesh.
Couldn't create a Convex Mesh from source mesh "SM_Rock_Beachrock_009_D_CM_881445048" within the maximum polygons limit (256). The partial hull will be used. Consider simplifying your mesh.
Couldn't create a Convex Mesh from source mesh "SM_Rock_Cliffwall_001_Collider_Mesh_-2008044692" within the maximum polygons limit (256). The partial hull will be used. Consider simplifying your mesh.
Couldn't create a Convex Mesh from source mesh "SM_Rock_Cliff_Beach_12_Collider_Mesh_-628442756" within the maximum polygons limit (256). The partial hull will be used. Consider simplifying your mesh.
Couldn't create a Convex Mesh from source mesh "SM_Rock_Cliff_Beach_07_CM_278463260" within the maximum polygons limit (256). The partial hull will be used. Consider simplifying your mesh.
Couldn't create a Convex Mesh from source mesh "SM_Rock_Edge_Big_07_CM_-1819458910" within the maximum polygons limit (256). The partial hull will be used. Consider simplifying your mesh.
Couldn't create a Convex Mesh from source mesh "SM_LVIOT_Rock_Cliff_14_CM_-1344668994" within the maximum polygons limit (256). The partial hull will be used. Consider simplifying your mesh.
Couldn't create a Convex Mesh from source mesh "SM_Rock_Edge_Mid_04_CM_1505413858" within the maximum polygons limit (256). The partial hull will be used. Consider simplifying your mesh.
Couldn't create a Convex Mesh from source mesh "SM_Rock_Cliff_Beach_01_CM_811127384" within the maximum polygons limit (256). The partial hull will be used. Consider simplifying your mesh.
Couldn't create a Convex Mesh from source mesh "SM_Rock_Cliff_Hilly_07_CM_1166888786" within the maximum polygons limit (256). The partial hull will be used. Consider simplifying your mesh.
Couldn't create a Convex Mesh from source mesh "SM_Rock_Mountain_02_CM_435822050" within the maximum polygons limit (256). The partial hull will be used. Consider simplifying your mesh.
Couldn't create a Convex Mesh from source mesh "SM_Rock_Cliff_Hilly_05_CM_-894274274" within the maximum polygons limit (256). The partial hull will be used. Consider simplifying your mesh.
Couldn't create a Convex Mesh from source mesh "SM_Rock_Edge_Big_02_CM_1997472482" within the maximum polygons limit (256). The partial hull will be used. Consider simplifying your mesh.
Couldn't create a Convex Mesh from source mesh "SM_Rock_Cliff_Hilly_08_CM_-1530425176" within the maximum polygons limit (256). The partial hull will be used. Consider simplifying your mesh.
Couldn't create a Convex Mesh from source mesh "SM_Rock_Cliffwall_002_Collider_Mesh_-866322356" within the maximum polygons limit (256). The partial hull will be used. Consider simplifying your mesh.
Couldn't create a Convex Mesh from source mesh "SM_Rock_Edge_Mid_01_CM_-1168274782" within the maximum polygons limit (256). The partial hull will be used. Consider simplifying your mesh.
Couldn't create a Convex Mesh from source mesh "SM_LVIOT_Rock_Cliff_05_A_Collider_CM_02_1411904746" within the maximum polygons limit (256). The partial hull will be used. Consider simplifying your mesh.
Couldn't create a Convex Mesh from source mesh "SM_Rock_Cliff_Beach_10_Collider_Mesh_1374907504" within the maximum polygons limit (256). The partial hull will be used. Consider simplifying your mesh.
Couldn't create a Convex Mesh from source mesh "SM_Rock_Mountain_01_CM_1905651362" within the maximum polygons limit (256). The partial hull will be used. Consider simplifying your mesh.
Couldn't create a Convex Mesh from source mesh "SM_Rock_Mountain_05_CM_761466786" within the maximum polygons limit (256). The partial hull will be used. Consider simplifying your mesh.
Couldn't create a Convex Mesh from source mesh "SM_LVIOT_Rock_Cliff_01_A_CM_-1667037262" within the maximum polygons limit (256). The partial hull will be used. Consider simplifying your mesh.
Couldn't create a Convex Mesh from source mesh "SM_Rock_Cliff_Beach_04_CM_-1533757938" within the maximum polygons limit (256). The partial hull will be used. Consider simplifying your mesh.
Couldn't create a Convex Mesh from source mesh "SM_LVIOT_Rock_Cliff_01_B_Collider_Convex_Stone_-2128040324" within the maximum polygons limit (256). The partial hull will be used. Consider simplifying your mesh.
Couldn't create a Convex Mesh from source mesh "SM_Item_Props_SoulEgg_Rare_Collider_Conevx_400907215" within the maximum polygons limit (256). The partial hull will be used. Consider simplifying your mesh.
Setting linear velocity of a kinematic body is not supported.
FunPlus.WorldX.Entities.Components.AttachInfo:OnEnable_Physics(Entity, Entity)
FunPlus.WorldX.Entities.Components.AttachInfo:OnEnable(Entity, Entity)
FunPlus.WorldX.Entities.Components.AttachInfo:LateUpdate(Single)
FunPlus.WorldX.Manager.EntityManager:BeforeRender()
FunPlus.WorldX.AppFacade:BeforeRenderUpdateManager()

[ line -1504778664]

Couldn't create a Convex Mesh from source mesh "SM_LVIOT_Tree_Iris_Eff_CM_619886536" within the maximum polygons limit (256). The partial hull will be used. Consider simplifying your mesh.
Couldn't create a Convex Mesh from source mesh "SM_LVIOT_Build_FlowerVillage_Wndmill_001_A_Collider_Convex_Wood_-175679427" within the maximum polygons limit (256). The partial hull will be used. Consider simplifying your mesh.
The referenced script on this Behaviour (Game Object '<null>') is missing!
The referenced script on this Behaviour (Game Object '<null>') is missing!
The referenced script on this Behaviour (Game Object '<null>') is missing!
The referenced script on this Behaviour (Game Object '<null>') is missing!
The referenced script on this Behaviour (Game Object '<null>') is missing!
The referenced script on this Behaviour (Game Object '<null>') is missing!
The referenced script on this Behaviour (Game Object '<null>') is missing!
The referenced script on this Behaviour (Game Object '<null>') is missing!
The referenced script on this Behaviour (Game Object '<null>') is missing!
The referenced script on this Behaviour (Game Object '<null>') is missing!
The referenced script on this Behaviour (Game Object '<null>') is missing!
The referenced script on this Behaviour (Game Object '<null>') is missing!
The referenced script on this Behaviour (Game Object '<null>') is missing!
The referenced script on this Behaviour (Game Object '<null>') is missing!
The referenced script on this Behaviour (Game Object '<null>') is missing!
The referenced script on this Behaviour (Game Object '') is missing!
The referenced script on this Behaviour (Game Object '<null>') is missing!
Couldn't create a Convex Mesh from source mesh "SM_Item_Props_Ore_21_Collider_Mesh_1427908941" within the maximum polygons limit (256). The partial hull will be used. Consider simplifying your mesh.
Can't add 'SkinnedMeshBatch' to M_Parmon_10371_Body02 because a 'SkinnedMeshBatch' is already added to the game object!
UnityEngine.GameObject:AddComponent()
XRender.Pipeline.Modules.SkinnedMeshCombine.SkinnedMeshBufferMgr:AddSkinnedComponent(SkinnedMeshRenderer)

[ line -1504780888]

The referenced script on this Behaviour (Game Object '') is missing!
The referenced script on this Behaviour (Game Object '<null>') is missing!
The referenced script on this Behaviour (Game Object '<null>') is missing!
The referenced script on this Behaviour (Game Object '<null>') is missing!
The referenced script on this Behaviour (Game Object '<null>') is missing!
Look rotation viewing vector is zero
Look rotation viewing vector is zero
Unloading 1 Unused Serialized files (Serialized files now loaded: 1263)
Unloading 813 unused Assets to reduce memory usage. Loaded Objects now: 131866.
Total: 107.516100 ms (FindLiveObjects: 8.273100 ms CreateObjectMapping: 4.217100 ms MarkObjects: 94.428300 ms  DeleteObjects: 0.597300 ms)

Look rotation viewing vector is zero
FunPlus.WorldX.Entities.KCC.KinematicCharacterManager:SimulatePhase1(List`1, Int32)
FunPlus.WorldX.Entities.KCC.KinematicCharacterManager:Simulate(Single, List`1, List`1)
FunPlus.WorldX.Entities.KCC.KinematicCharacterManager:AfterAnimation()
FunPlus.WorldX.AppFacade:AfterAnimationUpdate()

[ line -1504779880]

The referenced script on this Behaviour (Game Object '<null>') is missing!
The referenced script on this Behaviour (Game Object '<null>') is missing!
Unloading 1 Unused Serialized files (Serialized files now loaded: 1267)
Unloading 8215 unused Assets to reduce memory usage. Loaded Objects now: 156598.
Total: 156.379600 ms (FindLiveObjects: 10.765600 ms CreateObjectMapping: 4.265800 ms MarkObjects: 111.331000 ms  DeleteObjects: 30.016600 ms)

Couldn't create a Convex Mesh from source mesh "SM_Item_Tree_IrisJaponica_006_A_Collider_Capsule_2089390748" within the maximum polygons limit (256). The partial hull will be used. Consider simplifying your mesh.
Couldn't create a Convex Mesh from source mesh "SM_LVIOT_Rock_Cliff_16_CM_1806466034" within the maximum polygons limit (256). The partial hull will be used. Consider simplifying your mesh.
Couldn't create a Convex Mesh from source mesh "SM_Item_Tree_IrisJaponica_006_B_Collider_Capsule_1929271452" within the maximum polygons limit (256). The partial hull will be used. Consider simplifying your mesh.
Couldn't create a Convex Mesh from source mesh "SM_Item_Tree_IrisJaponica_006_D_Collider_Capsule_1953668124" within the maximum polygons limit (256). The partial hull will be used. Consider simplifying your mesh.
XRender.Modules.XBatch.BatchRendererManager:ProcessAllRenderRequestsBeforeCulling(XList`1)
XRender.Pipeline.XRenderPipeline:Render(ScriptableRenderContext, List`1)
UnityEngine.Rendering.RenderPipelineManager:DoRenderLoop_Internal(RenderPipelineAsset, IntPtr, Object)

[ line -1504853096]

Couldn't create a Convex Mesh from source mesh "SM_Item_Tree_IrisJaponica_006_C_Collider_Capsule_-1191953380" within the maximum polygons limit (256). The partial hull will be used. Consider simplifying your mesh.
Couldn't create a Convex Mesh from source mesh "SM_Item_Tree_IrisJaponica_006_F_Collider_Capsule_-1123596388" within the maximum polygons limit (256). The partial hull will be used. Consider simplifying your mesh.
Couldn't create a Convex Mesh from source mesh "SM_LVIOT_Rock_Cliff_15_CM_-1066913000" within the maximum polygons limit (256). The partial hull will be used. Consider simplifying your mesh.
Couldn't create a Convex Mesh from source mesh "SM_Item_Tree_IrisJaponica_006_E_Collider_Capsule_-963477092" within the maximum polygons limit (256). The partial hull will be used. Consider simplifying your mesh.
Couldn't create a Convex Mesh from source mesh "SM_LVIOT_Rock_Cliff_22_CM_73182600" within the maximum polygons limit (256). The partial hull will be used. Consider simplifying your mesh.
Unloading 1 Unused Serialized files (Serialized files now loaded: 1261)
Unloading 422 unused Assets to reduce memory usage. Loaded Objects now: 145245.
Total: 118.248500 ms (FindLiveObjects: 8.722000 ms CreateObjectMapping: 4.608200 ms MarkObjects: 104.310900 ms  DeleteObjects: 0.607100 ms)

[7542.1245][Error]|[lua][error][SingleGuide]	限制时间内面板未显示结束清空引导	220000	220001	3	BIN DESIGN DATA TABLE:22559434	[[checkTick]     ...oj\p4dir\client\LuaScripts\GameApp\Guide\SingleGuide.lua:181]
FunPlus.WorldX.Utils.GameLog:SimpleLog(LogType, IntPtr, Int32)
FunPlus.WorldX.Utils.LuaUtils:LogForLua(Int32, IntPtr, Int32)
XLua.CSObjectWrap.FunPlusWorldXUtilsLuaUtilsWrap:_m_LogForLua_xlua_st_(IntPtr)
XLua.LuaFunction:Action(T1, T2, T3, T4, T5, T6, T7)
FunPlus.WorldX.Manager.LuaManager:CommonUpdate()
FunPlus.WorldX.AppFacade:UpdateAllManager()

[Physics.PhysX] QuickHullConvexHullLib::findSimplex: Simplex input points appers to be coplanar.
Failed to create Convex Mesh from source mesh "SM_LVIOT_Rock_Cliff_24_CM_-639351380". An internal unspecified error has occured that could mean the Quickhull algorithm found the input mesh topologically challenging. 
The referenced script on this Behaviour (Game Object '<null>') is missing!
Couldn't create a Convex Mesh from source mesh "SM_Item_Props_ProceduralMeshCloud_15_CM_-682330211" within the maximum polygons limit (256). The partial hull will be used. Consider simplifying your mesh.
Couldn't create a Convex Mesh from source mesh "SM_LVIOT_Rock_Cliff_01_C_Collider_Mesh_Stone_518205044" within the maximum polygons limit (256). The partial hull will be used. Consider simplifying your mesh.
Couldn't create a Convex Mesh from source mesh "SM_Item_Props_ProceduralMeshCloud_16_CM_-631677419" within the maximum polygons limit (256). The partial hull will be used. Consider simplifying your mesh.
[7617.3566][Error]|[lua][error][SingleGuide]	限制时间内面板未显示结束清空引导	220000	220001	3	BIN DESIGN DATA TABLE:22559434	[[checkTick]     ...oj\p4dir\client\LuaScripts\GameApp\Guide\SingleGuide.lua:181]
FunPlus.WorldX.Utils.GameLog:SimpleLog(LogType, IntPtr, Int32)
FunPlus.WorldX.Utils.LuaUtils:LogForLua(Int32, IntPtr, Int32)
XLua.CSObjectWrap.FunPlusWorldXUtilsLuaUtilsWrap:_m_LogForLua_xlua_st_(IntPtr)
XLua.LuaFunction:Action(T1, T2, T3, T4, T5, T6, T7)
FunPlus.WorldX.Manager.LuaManager:CommonUpdate()
FunPlus.WorldX.AppFacade:UpdateAllManager()

[7634.4540][Log]|[lua][info][2026-09-17 04:37:49.844337]	[info]	[PHONESTCORE_HOOK]	[0x28b68062f10 connect to http://worldx-global-assets.oss-us-east-1.aliyuncs.com:443/eu/prod/ClientInfo/202000114279_client_info_bin?x-oss-credential=LTAI5tS3b81GXuYfXYtgJZ7J%2F20260917%2Fus-east-1%2Foss%2Faliyun_v4_request&x-oss-date=20260917T023749Z&x-oss-expires=300&x-oss-signature=750560402beff30505b4f2c751be900aed9e6ed1b9be8d541b03b4af76f223c3&x-oss-signature-version=OSS4-HMAC-SHA256]	[HttpClient.cpp:38(phonestcore::HttpClient::connect)]
FunPlus.WorldX.Utils.GameLog:SimpleLog(LogType, IntPtr, Int32)
FunPlus.WorldX.Utils.LuaUtils:LogForLua(Int32, IntPtr, Int32)
XLua.CSObjectWrap.FunPlusWorldXUtilsLuaUtilsWrap:_m_LogForLua_xlua_st_(IntPtr)
XLua.LuaFunction:Action(T1, T2, T3, T4, T5, T6, T7)
FunPlus.WorldX.Manager.LuaManager:CommonUpdate()
FunPlus.WorldX.AppFacade:UpdateAllManager()

[7645.7408][Log]|[lua][info][2026-09-17 04:38:01.128130]	[info]	[PHONESTCORE_HOOK]	[0x28f83f3a540 connect to http://priv-platform-yimoo-api.funplus.com:443/api/game/red-dot]	[HttpClient.cpp:38(phonestcore::HttpClient::connect)]
FunPlus.WorldX.Utils.GameLog:SimpleLog(LogType, IntPtr, Int32)
FunPlus.WorldX.Utils.LuaUtils:LogForLua(Int32, IntPtr, Int32)
XLua.CSObjectWrap.FunPlusWorldXUtilsLuaUtilsWrap:_m_LogForLua_xlua_st_(IntPtr)
XLua.LuaFunction:Action(T1, T2, T3, T4, T5, T6, T7)
FunPlus.WorldX.Manager.LuaManager:CommonUpdate()
FunPlus.WorldX.AppFacade:UpdateAllManager()

[7645.7409][Log]|[lua][info][2026-09-17 04:38:01.128584]	[info]	[PHONESTCORE_HOOK]	[0x28f83f3a210 connect to http://announcement-web.funplus.com:443/api/announce/list]	[HttpClient.cpp:38(phonestcore::HttpClient::connect)]
FunPlus.WorldX.Utils.GameLog:SimpleLog(LogType, IntPtr, Int32)
FunPlus.WorldX.Utils.LuaUtils:LogForLua(Int32, IntPtr, Int32)
XLua.CSObjectWrap.FunPlusWorldXUtilsLuaUtilsWrap:_m_LogForLua_xlua_st_(IntPtr)
XLua.LuaFunction:Action(T1, T2, T3, T4, T5, T6, T7)
FunPlus.WorldX.Manager.LuaManager:CommonUpdate()
FunPlus.WorldX.AppFacade:UpdateAllManager()

The referenced script on this Behaviour (Game Object '<null>') is missing!
BoxCollider does not support negative scale or size.
The effective box size has been forced positive and is likely to give unexpected collision geometry.
If you absolutely need to use negative scaling you can use the convex MeshCollider. Scene hierarchy path "UISceneRoot/P_RV_Scene(Clone)/HomeCarScene/ArtAssets/RVRoot/aqtSjNNog8uQEi74/PlayerBody/ModelRoot/Skeleton/HomeCarDoor/Prefab_LVH_Props_CarDoor_002_Blue/SM_LVH_Props_CarDoor_002_Blue_Box"
FunPlus.WorldX.Manager.GameManager:PhysxKickSimulate(Single)
FunPlus.WorldX.AppFacade:PhysxSimulateAsync()
Utilities.DelayedCallbackUtil:InvokeEveryFrameCallInMainThread()
XRender.Pipeline.Assembler.XRenderGraphAssemblerSimpleDeferred:Assemble(XRenderRequest)
XRender.RenderGraph.XRenderGraph:AssembleAndExecute(ScriptableRenderContext, CommandBuffer2, Int32, XRenderRequest)
XRender.Pipeline.XRenderPipeline:ExecuteRenderRequest(ScriptableRenderContext, CommandBuffer2, XRenderRequest, XRenderRequest)
XRender.Pipeline.XRenderPipeline:Render(ScriptableRenderContext, List`1)
UnityEngine.Rendering.RenderPipelineManager:DoRenderLoop_Internal(RenderPipelineAsset, IntPtr, Object)

[ line -1504852792]

BoxCollider does not support negative scale or size.
The effective box size has been forced positive and is likely to give unexpected collision geometry.
If you absolutely need to use negative scaling you can use the convex MeshCollider. Scene hierarchy path "UISceneRoot/P_RV_Scene(Clone)/HomeCarScene/ArtAssets/RVRoot/aqtSjNNog8uQEi74/PlayerBody/ModelRoot/Skeleton/RoofOrnament/P_Home_SetDressing_CarChair03(Clone)/Prefab_LVH_Props_CarChair_003/SM_LVH_Props_CarChair_003_Collider_Box"
FunPlus.WorldX.Manager.GameManager:PhysxKickSimulate(Single)
FunPlus.WorldX.AppFacade:PhysxSimulateAsync()
Utilities.DelayedCallbackUtil:InvokeEveryFrameCallInMainThread()
XRender.Pipeline.Assembler.XRenderGraphAssemblerSimpleDeferred:Assemble(XRenderRequest)
XRender.RenderGraph.XRenderGraph:AssembleAndExecute(ScriptableRenderContext, CommandBuffer2, Int32, XRenderRequest)
XRender.Pipeline.XRenderPipeline:ExecuteRenderRequest(ScriptableRenderContext, CommandBuffer2, XRenderRequest, XRenderRequest)
XRender.Pipeline.XRenderPipeline:Render(ScriptableRenderContext, List`1)
UnityEngine.Rendering.RenderPipelineManager:DoRenderLoop_Internal(RenderPipelineAsset, IntPtr, Object)

[ line -1504852792]

BoxCollider does not support negative scale or size.
The effective box size has been forced positive and is likely to give unexpected collision geometry.
If you absolutely need to use negative scaling you can use the convex MeshCollider. Scene hierarchy path "UISceneRoot/P_RV_Scene(Clone)/HomeCarScene/ArtAssets/RVRoot/aqtSjNNog8uQEi74/PlayerBody/ModelRoot/Skeleton/HomeCarDoor/Prefab_LVH_Props_CarDoor_002_Blue/SM_LVH_Props_CarDoor_002_Blue_Box"
FunPlus.WorldX.Manager.GameManager:PhysxKickSimulate(Single)
FunPlus.WorldX.AppFacade:PhysxSimulateAsync()
Utilities.DelayedCallbackUtil:InvokeEveryFrameCallInMainThread()
XRender.Pipeline.Assembler.XRenderGraphAssemblerSimpleDeferred:Assemble(XRenderRequest)
XRender.RenderGraph.XRenderGraph:AssembleAndExecute(ScriptableRenderContext, CommandBuffer2, Int32, XRenderRequest)
XRender.Pipeline.XRenderPipeline:ExecuteRenderRequest(ScriptableRenderContext, CommandBuffer2, XRenderRequest, XRenderRequest)
XRender.Pipeline.XRenderPipeline:Render(ScriptableRenderContext, List`1)
UnityEngine.Rendering.RenderPipelineManager:DoRenderLoop_Internal(RenderPipelineAsset, IntPtr, Object)

[ line -1504852792]

BoxCollider does not support negative scale or size.
The effective box size has been forced positive and is likely to give unexpected collision geometry.
If you absolutely need to use negative scaling you can use the convex MeshCollider. Scene hierarchy path "UISceneRoot/P_RV_Scene(Clone)/HomeCarScene/ArtAssets/RVRoot/aqtSjNNog8uQEi74/PlayerBody/ModelRoot/Skeleton/RoofOrnament/P_Home_SetDressing_CarChair03(Clone)/Prefab_LVH_Props_CarChair_003/SM_LVH_Props_CarChair_003_Collider_Box"
FunPlus.WorldX.Manager.GameManager:PhysxKickSimulate(Single)
FunPlus.WorldX.AppFacade:PhysxSimulateAsync()
Utilities.DelayedCallbackUtil:InvokeEveryFrameCallInMainThread()
XRender.Pipeline.Assembler.XRenderGraphAssemblerSimpleDeferred:Assemble(XRenderRequest)
XRender.RenderGraph.XRenderGraph:AssembleAndExecute(ScriptableRenderContext, CommandBuffer2, Int32, XRenderRequest)
XRender.Pipeline.XRenderPipeline:ExecuteRenderRequest(ScriptableRenderContext, CommandBuffer2, XRenderRequest, XRenderRequest)
XRender.Pipeline.XRenderPipeline:Render(ScriptableRenderContext, List`1)
UnityEngine.Rendering.RenderPipelineManager:DoRenderLoop_Internal(RenderPipelineAsset, IntPtr, Object)

[ line -1504852792]

BoxCollider does not support negative scale or size.
The effective box size has been forced positive and is likely to give unexpected collision geometry.
If you absolutely need to use negative scaling you can use the convex MeshCollider. Scene hierarchy path "UISceneRoot/P_RV_Scene(Clone)/HomeCarScene/ArtAssets/RVRoot/aqtSjNNog8uQEi74/PlayerBody/ModelRoot/Skeleton/HomeCarDoor/Prefab_LVH_Props_CarDoor_002_Blue/SM_LVH_Props_CarDoor_002_Blue_Box"
FunPlus.WorldX.Manager.GameManager:PhysxKickSimulate(Single)
FunPlus.WorldX.AppFacade:PhysxSimulateAsync()
Utilities.DelayedCallbackUtil:InvokeEveryFrameCallInMainThread()
XRender.Pipeline.Assembler.XRenderGraphAssemblerSimpleDeferred:Assemble(XRenderRequest)
XRender.RenderGraph.XRenderGraph:AssembleAndExecute(ScriptableRenderContext, CommandBuffer2, Int32, XRenderRequest)
XRender.Pipeline.XRenderPipeline:ExecuteRenderRequest(ScriptableRenderContext, CommandBuffer2, XRenderRequest, XRenderRequest)
XRender.Pipeline.XRenderPipeline:Render(ScriptableRenderContext, List`1)
UnityEngine.Rendering.RenderPipelineManager:DoRenderLoop_Internal(RenderPipelineAsset, IntPtr, Object)

[ line -1504852792]

BoxCollider does not support negative scale or size.
The effective box size has been forced positive and is likely to give unexpected collision geometry.
If you absolutely need to use negative scaling you can use the convex MeshCollider. Scene hierarchy path "UISceneRoot/P_RV_Scene(Clone)/HomeCarScene/ArtAssets/RVRoot/aqtSjNNog8uQEi74/PlayerBody/ModelRoot/Skeleton/RoofOrnament/P_Home_SetDressing_CarChair03(Clone)/Prefab_LVH_Props_CarChair_003/SM_LVH_Props_CarChair_003_Collider_Box"
FunPlus.WorldX.Manager.GameManager:PhysxKickSimulate(Single)
FunPlus.WorldX.AppFacade:PhysxSimulateAsync()
Utilities.DelayedCallbackUtil:InvokeEveryFrameCallInMainThread()
XRender.Pipeline.Assembler.XRenderGraphAssemblerSimpleDeferred:Assemble(XRenderRequest)
XRender.RenderGraph.XRenderGraph:AssembleAndExecute(ScriptableRenderContext, CommandBuffer2, Int32, XRenderRequest)
XRender.Pipeline.XRenderPipeline:ExecuteRenderRequest(ScriptableRenderContext, CommandBuffer2, XRenderRequest, XRenderRequest)
XRender.Pipeline.XRenderPipeline:Render(ScriptableRenderContext, List`1)
UnityEngine.Rendering.RenderPipelineManager:DoRenderLoop_Internal(RenderPipelineAsset, IntPtr, Object)

[ line -1504852792]

The animation state VX_Pb_Home_CampingCar_Main_BtnGotoHome_Hover 1 could not be played because it couldn't be found!
Please attach an animation clip with the name 'VX_Pb_Home_CampingCar_Main_BtnGotoHome_Hover 1' or call this function only for existing animations.
XGUI.Extension.E_CustomEvent:DoAnimationQueue(UWidget, Action, Object, Boolean)
XGUI.FStaticMethod:Invoke(UWidget, Action, Boolean)
XGUI.FController:InvokeActions(Boolean)
XGUI.FController:TryChangePage(String, Boolean, Boolean, Boolean)
XGUI.UContent:DoStateTransition(String, Boolean)
XGUI.UContent:EvaluateAndTransitionToState()
XGUI.UContent:OnHover(FPointerEventData)
XGUI.UButton:OnHover(FPointerEventData)
XGUI.EventSystems.BaseEventListener:InvokeEvent(PointerEventDelegate, PointerEventData, EEventFlags)
XGUI.EventSystems.ClickEventListener:OnPointerEnter(PointerEventData)
UnityEngine.EventSystems.ExecuteEvents:Execute(GameObject, BaseEventData, EventFunction`1)
UnityEngine.InputSystem.UI.InputSystemUIInputModule:ProcessPointerMovement(ExtendedPointerEventData, GameObject)
UnityEngine.InputSystem.UI.InputSystemUIInputModule:ProcessPointer(PointerModel&)
UnityEngine.InputSystem.UI.InputSystemUIInputModule:Process()
UnityEngine.EventSystems.EventSystem:Update()

[ line -1504780392]

BoxCollider does not support negative scale or size.
The effective box size has been forced positive and is likely to give unexpected collision geometry.
If you absolutely need to use negative scaling you can use the convex MeshCollider. Scene hierarchy path "UISceneRoot/P_RV_Scene(Clone)/HomeCarScene/ArtAssets/RVRoot/aqtSjNNog8uQEi74/PlayerBody/ModelRoot/Skeleton/HomeCarDoor/Prefab_LVH_Props_CarDoor_002_Blue/SM_LVH_Props_CarDoor_002_Blue_Box"
FunPlus.WorldX.Manager.GameManager:PhysxKickSimulate(Single)
FunPlus.WorldX.AppFacade:PhysxSimulateAsync()
Utilities.DelayedCallbackUtil:InvokeEveryFrameCallInMainThread()
XRender.Pipeline.Assembler.XRenderGraphAssemblerSimpleDeferred:Assemble(XRenderRequest)
XRender.RenderGraph.XRenderGraph:AssembleAndExecute(ScriptableRenderContext, CommandBuffer2, Int32, XRenderRequest)
XRender.Pipeline.XRenderPipeline:ExecuteRenderRequest(ScriptableRenderContext, CommandBuffer2, XRenderRequest, XRenderRequest)
XRender.Pipeline.XRenderPipeline:Render(ScriptableRenderContext, List`1)
UnityEngine.Rendering.RenderPipelineManager:DoRenderLoop_Internal(RenderPipelineAsset, IntPtr, Object)

[ line -1504852792]

BoxCollider does not support negative scale or size.
The effective box size has been forced positive and is likely to give unexpected collision geometry.
If you absolutely need to use negative scaling you can use the convex MeshCollider. Scene hierarchy path "UISceneRoot/P_RV_Scene(Clone)/HomeCarScene/ArtAssets/RVRoot/aqtSjNNog8uQEi74/PlayerBody/ModelRoot/Skeleton/RoofOrnament/P_Home_SetDressing_CarChair03(Clone)/Prefab_LVH_Props_CarChair_003/SM_LVH_Props_CarChair_003_Collider_Box"
FunPlus.WorldX.Manager.GameManager:PhysxKickSimulate(Single)
FunPlus.WorldX.AppFacade:PhysxSimulateAsync()
Utilities.DelayedCallbackUtil:InvokeEveryFrameCallInMainThread()
XRender.Pipeline.Assembler.XRenderGraphAssemblerSimpleDeferred:Assemble(XRenderRequest)
XRender.RenderGraph.XRenderGraph:AssembleAndExecute(ScriptableRenderContext, CommandBuffer2, Int32, XRenderRequest)
XRender.Pipeline.XRenderPipeline:ExecuteRenderRequest(ScriptableRenderContext, CommandBuffer2, XRenderRequest, XRenderRequest)
XRender.Pipeline.XRenderPipeline:Render(ScriptableRenderContext, List`1)
UnityEngine.Rendering.RenderPipelineManager:DoRenderLoop_Internal(RenderPipelineAsset, IntPtr, Object)

[ line -1504852792]

BoxCollider does not support negative scale or size.
The effective box size has been forced positive and is likely to give unexpected collision geometry.
If you absolutely need to use negative scaling you can use the convex MeshCollider. Scene hierarchy path "UISceneRoot/P_RV_Scene(Clone)/HomeCarScene/ArtAssets/RVRoot/aqtSjNNog8uQEi74/PlayerBody/ModelRoot/Skeleton/HomeCarDoor/Prefab_LVH_Props_CarDoor_002_Blue/SM_LVH_Props_CarDoor_002_Blue_Box"
FunPlus.WorldX.Manager.GameManager:PhysxKickSimulate(Single)
FunPlus.WorldX.AppFacade:PhysxSimulateAsync()
Utilities.DelayedCallbackUtil:InvokeEveryFrameCallInMainThread()
XRender.Pipeline.Assembler.XRenderGraphAssemblerSimpleDeferred:Assemble(XRenderRequest)
XRender.RenderGraph.XRenderGraph:AssembleAndExecute(ScriptableRenderContext, CommandBuffer2, Int32, XRenderRequest)
XRender.Pipeline.XRenderPipeline:ExecuteRenderRequest(ScriptableRenderContext, CommandBuffer2, XRenderRequest, XRenderRequest)
XRender.Pipeline.XRenderPipeline:Render(ScriptableRenderContext, List`1)
UnityEngine.Rendering.RenderPipelineManager:DoRenderLoop_Internal(RenderPipelineAsset, IntPtr, Object)

[ line -1504852792]

BoxCollider does not support negative scale or size.
The effective box size has been forced positive and is likely to give unexpected collision geometry.
If you absolutely need to use negative scaling you can use the convex MeshCollider. Scene hierarchy path "UISceneRoot/P_RV_Scene(Clone)/HomeCarScene/ArtAssets/RVRoot/aqtSjNNog8uQEi74/PlayerBody/ModelRoot/Skeleton/RoofOrnament/P_Home_SetDressing_CarChair03(Clone)/Prefab_LVH_Props_CarChair_003/SM_LVH_Props_CarChair_003_Collider_Box"
FunPlus.WorldX.Manager.GameManager:PhysxKickSimulate(Single)
FunPlus.WorldX.AppFacade:PhysxSimulateAsync()
Utilities.DelayedCallbackUtil:InvokeEveryFrameCallInMainThread()
XRender.Pipeline.Assembler.XRenderGraphAssemblerSimpleDeferred:Assemble(XRenderRequest)
XRender.RenderGraph.XRenderGraph:AssembleAndExecute(ScriptableRenderContext, CommandBuffer2, Int32, XRenderRequest)
XRender.Pipeline.XRenderPipeline:ExecuteRenderRequest(ScriptableRenderContext, CommandBuffer2, XRenderRequest, XRenderRequest)
XRender.Pipeline.XRenderPipeline:Render(ScriptableRenderContext, List`1)
UnityEngine.Rendering.RenderPipelineManager:DoRenderLoop_Internal(RenderPipelineAsset, IntPtr, Object)

[ line -1504852792]

Can't add 'SkinnedMeshBatch' to M_Parmon_10371_Body02 because a 'SkinnedMeshBatch' is already added to the game object!
UnityEngine.GameObject:AddComponent()
XRender.Pipeline.Modules.SkinnedMeshCombine.SkinnedMeshBufferMgr:AddSkinnedComponent(SkinnedMeshRenderer)
FunPlus.WorldX.Model.PrefabLoadTask:Destroy()
FunPlus.WorldX.Model.PhysiqueModel:DestroyModel()
FunPlus.WorldX.Model.ModelView:DestroyAllModel(Boolean)
FunPlus.WorldX.Model.ModelView:Destroy()
FunPlus.WorldX.Entities.Components.ModelComponent:Destroy()
FunPlus.WorldX.Entities.EntityBase:DelAllComponent()
FunPlus.WorldX.Entities.EntityBase:OnDestroy()
FunPlus.WorldX.Manager.EntityManager:DestroyEModel(Entity)
XLua.CSObjectWrap.FunPlusWorldXManagerEntityManagerWrap:_m_DestroyEModel(IntPtr)
XLua.LuaFunction:Func(T1, T2)
FunPlus.WorldX.Cutscene.CutsceneItem:CmdLua(String, Object[])
FunPlus.WorldX.Cutscene.CutsceneRoot:DestroyAssets()
FunPlus.WorldX.Cutscene.CutsceneInitializer:Dispose()
XLua.CSObjectWrap.FunPlusWorldXManagerCutsceneManagerWrap:_m_DestroyCutscene(IntPtr)
XLua.LuaFunction:Action(T1, T2, T3, T4, T5, T6, T7)
FunPlus.WorldX.Manager.LuaManager:CommonUpdate()
FunPlus.WorldX.AppFacade:UpdateAllManager()

[ line -1504784648]

[7681.5408][Log]|[lua][info][2026-09-17 04:38:36.929367]	[info]	[PHONESTCORE_HOOK]	[clearSpace is_destroy:true id:100-202000114279-3000 actor count:0]	[Space.cpp:30(logic::Space::clearSpace)]
FunPlus.WorldX.Utils.GameLog:SimpleLog(LogType, IntPtr, Int32)
FunPlus.WorldX.Utils.LuaUtils:LogForLua(Int32, IntPtr, Int32)
XLua.CSObjectWrap.FunPlusWorldXUtilsLuaUtilsWrap:_m_LogForLua_xlua_st_(IntPtr)
XLua.LuaFunction:Action(T1, T2, T3, T4, T5, T6, T7)
FunPlus.WorldX.Manager.LuaManager:CommonUpdate()
FunPlus.WorldX.AppFacade:UpdateAllManager()

[7681.6729][Log]|[lua][info][2026-09-17 04:38:37.063169]	[info]	[PHONESTCORE_HOOK]	[client 0x28f357a5b00 stop]	[Client.hpp:41(phonestcore::Client::stop)]
FunPlus.WorldX.Utils.GameLog:SimpleLog(LogType, IntPtr, Int32)
FunPlus.WorldX.Utils.LuaUtils:LogForLua(Int32, IntPtr, Int32)
XLua.CSObjectWrap.FunPlusWorldXUtilsLuaUtilsWrap:_m_LogForLua_xlua_st_(IntPtr)
XLua.LuaFunction:Action(T1, T2, T3, T4, T5, T6, T7)
FunPlus.WorldX.Manager.LuaManager:CommonUpdate()
FunPlus.WorldX.AppFacade:UpdateAllManager()

[7681.6730][Log]|[lua][info][2026-09-17 04:38:37.063248]	[info]	[PHONESTCORE_HOOK]	[client 0x28f3143d880 connect to eu-prod-line-2001.worldx-gate.kingsgroupgames.com 20000]	[Client.hpp:26(phonestcore::Client::connect)]
FunPlus.WorldX.Utils.GameLog:SimpleLog(LogType, IntPtr, Int32)
FunPlus.WorldX.Utils.LuaUtils:LogForLua(Int32, IntPtr, Int32)
XLua.CSObjectWrap.FunPlusWorldXUtilsLuaUtilsWrap:_m_LogForLua_xlua_st_(IntPtr)
XLua.LuaFunction:Action(T1, T2, T3, T4, T5, T6, T7)
FunPlus.WorldX.Manager.LuaManager:CommonUpdate()
FunPlus.WorldX.AppFacade:UpdateAllManager()

[7681.6733][Warn]|[lua][warning][2026-09-17 04:38:37.063274]	[warning]	[PHONESTCORE_HOOK]	[0x28ed090f740 onRead error The I/O operation has been aborted because of either a thread exit or an application request]	[TcpConnection.cpp:56(phonestcore::TcpConnection::onRead)]
FunPlus.WorldX.Utils.GameLog:SimpleLog(LogType, IntPtr, Int32)
FunPlus.WorldX.Utils.LuaUtils:LogForLua(Int32, IntPtr, Int32)
XLua.CSObjectWrap.FunPlusWorldXUtilsLuaUtilsWrap:_m_LogForLua_xlua_st_(IntPtr)
XLua.LuaFunction:Action(T1, T2, T3, T4, T5, T6, T7)
FunPlus.WorldX.Manager.LuaManager:CommonUpdate()
FunPlus.WorldX.AppFacade:UpdateAllManager()

[7681.6820][Error]|[lua][error][2026-09-17 04:38:37.063986]	[error]	[PHONESTCORE_HOOK]	[0x28fefaaf200 dispatchRpc2C when not connect]	[ProtobufHandler.h:96(phonestcore::ProtobufHandler<class phonestcore::GateClientProtobufHandler>::dispatchRpc2C)]
FunPlus.WorldX.Utils.GameLog:SimpleLog(LogType, IntPtr, Int32)
FunPlus.WorldX.Utils.LuaUtils:LogForLua(Int32, IntPtr, Int32)
XLua.CSObjectWrap.FunPlusWorldXUtilsLuaUtilsWrap:_m_LogForLua_xlua_st_(IntPtr)
XLua.LuaFunction:Action(T1, T2, T3, T4, T5, T6, T7)
FunPlus.WorldX.Manager.LuaManager:CommonUpdate()
FunPlus.WorldX.AppFacade:UpdateAllManager()

[7681.7268][Log]|[lua][info][2026-09-17 04:38:37.105883]	[info]	[PHONESTCORE_HOOK]	[TcpClient(0x28f3143d880) onResolve ok, endpointCount=2, firstEndpoint=8.220.104.223:20000, family=IPv4]	[TcpClient.cpp:74(phonestcore::TcpClient::onResolve)]
FunPlus.WorldX.Utils.GameLog:SimpleLog(LogType, IntPtr, Int32)
FunPlus.WorldX.Utils.LuaUtils:LogForLua(Int32, IntPtr, Int32)
XLua.CSObjectWrap.FunPlusWorldXUtilsLuaUtilsWrap:_m_LogForLua_xlua_st_(IntPtr)
XLua.LuaFunction:Action(T1, T2, T3, T4, T5, T6, T7)
FunPlus.WorldX.Manager.LuaManager:CommonUpdate()
FunPlus.WorldX.AppFacade:UpdateAllManager()

[7681.7269][Log]|[lua][info][2026-09-17 04:38:37.105941]	[info]	[PHONESTCORE_HOOK]	[TcpClient(0x28f3143d880) tryConnect endpoint=8.220.104.223:20000 family=IPv4]	[TcpClient.cpp:119(phonestcore::TcpClient::tryConnect)]
FunPlus.WorldX.Utils.GameLog:SimpleLog(LogType, IntPtr, Int32)
FunPlus.WorldX.Utils.LuaUtils:LogForLua(Int32, IntPtr, Int32)
XLua.CSObjectWrap.FunPlusWorldXUtilsLuaUtilsWrap:_m_LogForLua_xlua_st_(IntPtr)
XLua.LuaFunction:Action(T1, T2, T3, T4, T5, T6, T7)
FunPlus.WorldX.Manager.LuaManager:CommonUpdate()
FunPlus.WorldX.AppFacade:UpdateAllManager()

[7681.7421][Log]|[lua][info][2026-09-17 04:38:37.122829]	[info]	[PHONESTCORE_HOOK]	[LuaClient(0x28f35afe4e0)::connectCallback status true]	[LuaClient.h:75(phonestcore::LuaClient::connect::<lambda_ffd3430e67ee12999344db9951a5eac4>::operator ())]
FunPlus.WorldX.Utils.GameLog:SimpleLog(LogType, IntPtr, Int32)
FunPlus.WorldX.Utils.LuaUtils:LogForLua(Int32, IntPtr, Int32)
XLua.CSObjectWrap.FunPlusWorldXUtilsLuaUtilsWrap:_m_LogForLua_xlua_st_(IntPtr)
XLua.LuaFunction:Action(T1, T2, T3, T4, T5, T6, T7)
FunPlus.WorldX.Manager.LuaManager:CommonUpdate()
FunPlus.WorldX.AppFacade:UpdateAllManager()

[7682.4619][Log]|[lua][info][2026-09-17 04:38:37.814449]	[info]	[PHONESTCORE_HOOK]	[Actor::setIsMainPlayerActor: true, actor_id: 185135]	[ActorC.h:75(logic::ActorC::setIsMainPlayerActor)]
FunPlus.WorldX.Utils.GameLog:SimpleLog(LogType, IntPtr, Int32)
FunPlus.WorldX.Utils.LuaUtils:LogForLua(Int32, IntPtr, Int32)
XLua.CSObjectWrap.FunPlusWorldXUtilsLuaUtilsWrap:_m_LogForLua_xlua_st_(IntPtr)
XLua.LuaFunction:Action(T1, T2, T3, T4, T5, T6, T7)
FunPlus.WorldX.Manager.LuaManager:CommonUpdate()
FunPlus.WorldX.AppFacade:UpdateAllManager()

[7682.4624][Log]|[lua][info][2026-09-17 04:38:37.821728]	[info]	[PHONESTCORE_HOOK]	[createVoxelScene new>>>id:aqtSrMjAyRDMOebh 0x2902a6c3ca0	ref:1]	[SpaceManagerC.cpp:78(logic::SpaceManagerC::createVoxelScene)]
FunPlus.WorldX.Utils.GameLog:SimpleLog(LogType, IntPtr, Int32)
FunPlus.WorldX.Utils.LuaUtils:LogForLua(Int32, IntPtr, Int32)
XLua.CSObjectWrap.FunPlusWorldXUtilsLuaUtilsWrap:_m_LogForLua_xlua_st_(IntPtr)
XLua.LuaFunction:Action(T1, T2, T3, T4, T5, T6, T7)
FunPlus.WorldX.Manager.LuaManager:CommonUpdate()
FunPlus.WorldX.AppFacade:UpdateAllManager()

Couldn't create a Convex Mesh from source mesh "SM_Rock_SoilSlope_001_CM_-1558118248" within the maximum polygons limit (256). The partial hull will be used. Consider simplifying your mesh.
Couldn't create a Convex Mesh from source mesh "SM_Rock_SoilSlope_002_CM_1663744504" within the maximum polygons limit (256). The partial hull will be used. Consider simplifying your mesh.
Couldn't create a Convex Mesh from source mesh "SM_Rock_Beachrock_001_Collider_Mesh_-1736269204" within the maximum polygons limit (256). The partial hull will be used. Consider simplifying your mesh.
Couldn't create a Convex Mesh from source mesh "SM_Rock_Beachrock_003_B_Collider_Mesh_-646731316" within the maximum polygons limit (256). The partial hull will be used. Consider simplifying your mesh.
Can't add 'SkinnedMeshBatch' to M_Parmon_10371_Body02 because a 'SkinnedMeshBatch' is already added to the game object!
UnityEngine.GameObject:AddComponent()
XRender.Pipeline.Modules.SkinnedMeshCombine.SkinnedMeshBufferMgr:AddSkinnedComponent(SkinnedMeshRenderer)

[ line -1504780888]

Unloading 1 Unused Serialized files (Serialized files now loaded: 1272)
Unloading 27385 unused Assets to reduce memory usage. Loaded Objects now: 132261.
Total: 154.274800 ms (FindLiveObjects: 10.314900 ms CreateObjectMapping: 6.059500 ms MarkObjects: 121.590900 ms  DeleteObjects: 16.309300 ms)

[7710.5213][Log]|[lua][info][2026-09-17 04:39:05.908622]	[info]	[PHONESTCORE_HOOK]	[0x28fd32d94a0 connect to http://priv-platform-yimoo-api.funplus.com:443/api/game/red-dot]	[HttpClient.cpp:38(phonestcore::HttpClient::connect)]
FunPlus.WorldX.Utils.GameLog:SimpleLog(LogType, IntPtr, Int32)
FunPlus.WorldX.Utils.LuaUtils:LogForLua(Int32, IntPtr, Int32)
XLua.CSObjectWrap.FunPlusWorldXUtilsLuaUtilsWrap:_m_LogForLua_xlua_st_(IntPtr)
XLua.LuaFunction:Action(T1, T2, T3, T4, T5, T6, T7)
FunPlus.WorldX.Manager.LuaManager:CommonUpdate()
FunPlus.WorldX.AppFacade:UpdateAllManager()

[7710.5214][Log]|[lua][info][2026-09-17 04:39:05.909037]	[info]	[PHONESTCORE_HOOK]	[0x28fd32d97d0 connect to http://announcement-web.funplus.com:443/api/announce/list]	[HttpClient.cpp:38(phonestcore::HttpClient::connect)]
FunPlus.WorldX.Utils.GameLog:SimpleLog(LogType, IntPtr, Int32)
FunPlus.WorldX.Utils.LuaUtils:LogForLua(Int32, IntPtr, Int32)
XLua.CSObjectWrap.FunPlusWorldXUtilsLuaUtilsWrap:_m_LogForLua_xlua_st_(IntPtr)
XLua.LuaFunction:Action(T1, T2, T3, T4, T5, T6, T7)
FunPlus.WorldX.Manager.LuaManager:CommonUpdate()
FunPlus.WorldX.AppFacade:UpdateAllManager()

BoxCollider does not support negative scale or size.
The effective box size has been forced positive and is likely to give unexpected collision geometry.
If you absolutely need to use negative scaling you can use the convex MeshCollider. Scene hierarchy path "UISceneRoot/P_RV_Scene(Clone)/HomeCarScene/ArtAssets/RVRoot/aqtSy9Nog8uQEi8W/PlayerBody/ModelRoot/Skeleton/HomeCarDoor/Prefab_LVH_Props_CarDoor_002_Blue/SM_LVH_Props_CarDoor_002_Blue_Box"
FunPlus.WorldX.Manager.GameManager:PhysxKickSimulate(Single)
FunPlus.WorldX.AppFacade:PhysxSimulateAsync()
Utilities.DelayedCallbackUtil:InvokeEveryFrameCallInMainThread()
XRender.Pipeline.Assembler.XRenderGraphAssemblerSimpleDeferred:Assemble(XRenderRequest)
XRender.RenderGraph.XRenderGraph:AssembleAndExecute(ScriptableRenderContext, CommandBuffer2, Int32, XRenderRequest)
XRender.Pipeline.XRenderPipeline:ExecuteRenderRequest(ScriptableRenderContext, CommandBuffer2, XRenderRequest, XRenderRequest)
XRender.Pipeline.XRenderPipeline:Render(ScriptableRenderContext, List`1)
UnityEngine.Rendering.RenderPipelineManager:DoRenderLoop_Internal(RenderPipelineAsset, IntPtr, Object)

[ line -1504852792]

BoxCollider does not support negative scale or size.
The effective box size has been forced positive and is likely to give unexpected collision geometry.
If you absolutely need to use negative scaling you can use the convex MeshCollider. Scene hierarchy path "UISceneRoot/P_RV_Scene(Clone)/HomeCarScene/ArtAssets/RVRoot/aqtSy9Nog8uQEi8W/PlayerBody/ModelRoot/Skeleton/RoofOrnament/P_Home_SetDressing_CarChair03(Clone)/Prefab_LVH_Props_CarChair_003/SM_LVH_Props_CarChair_003_Collider_Box"
FunPlus.WorldX.Manager.GameManager:PhysxKickSimulate(Single)
FunPlus.WorldX.AppFacade:PhysxSimulateAsync()
Utilities.DelayedCallbackUtil:InvokeEveryFrameCallInMainThread()
XRender.Pipeline.Assembler.XRenderGraphAssemblerSimpleDeferred:Assemble(XRenderRequest)
XRender.RenderGraph.XRenderGraph:AssembleAndExecute(ScriptableRenderContext, CommandBuffer2, Int32, XRenderRequest)
XRender.Pipeline.XRenderPipeline:ExecuteRenderRequest(ScriptableRenderContext, CommandBuffer2, XRenderRequest, XRenderRequest)
XRender.Pipeline.XRenderPipeline:Render(ScriptableRenderContext, List`1)
UnityEngine.Rendering.RenderPipelineManager:DoRenderLoop_Internal(RenderPipelineAsset, IntPtr, Object)

[ line -1504852792]

The animation state VX_Pb_Home_CampingCar_Main_BtnGotoHome_Hover 1 could not be played because it couldn't be found!
Please attach an animation clip with the name 'VX_Pb_Home_CampingCar_Main_BtnGotoHome_Hover 1' or call this function only for existing animations.
XGUI.Extension.E_CustomEvent:DoAnimationQueue(UWidget, Action, Object, Boolean)
XGUI.FStaticMethod:Invoke(UWidget, Action, Boolean)
XGUI.FController:InvokeActions(Boolean)
XGUI.FController:TryChangePage(String, Boolean, Boolean, Boolean)
XGUI.UContent:DoStateTransition(String, Boolean)
XGUI.UContent:EvaluateAndTransitionToState()
XGUI.UContent:OnHover(FPointerEventData)
XGUI.UButton:OnHover(FPointerEventData)
XGUI.EventSystems.BaseEventListener:InvokeEvent(PointerEventDelegate, PointerEventData, EEventFlags)
XGUI.EventSystems.ClickEventListener:OnPointerEnter(PointerEventData)
UnityEngine.EventSystems.ExecuteEvents:Execute(GameObject, BaseEventData, EventFunction`1)
UnityEngine.InputSystem.UI.InputSystemUIInputModule:ProcessPointerMovement(ExtendedPointerEventData, GameObject)
UnityEngine.InputSystem.UI.InputSystemUIInputModule:ProcessPointer(PointerModel&)
UnityEngine.InputSystem.UI.InputSystemUIInputModule:Process()
UnityEngine.EventSystems.EventSystem:Update()

[ line -1504780392]

BoxCollider does not support negative scale or size.
The effective box size has been forced positive and is likely to give unexpected collision geometry.
If you absolutely need to use negative scaling you can use the convex MeshCollider. Scene hierarchy path "UISceneRoot/P_RV_Scene(Clone)/HomeCarScene/ArtAssets/RVRoot/aqtSy9Nog8uQEi8W/PlayerBody/ModelRoot/Skeleton/HomeCarDoor/Prefab_LVH_Props_CarDoor_002_Blue/SM_LVH_Props_CarDoor_002_Blue_Box"
FunPlus.WorldX.Manager.GameManager:PhysxKickSimulate(Single)
FunPlus.WorldX.AppFacade:PhysxSimulateAsync()
Utilities.DelayedCallbackUtil:InvokeEveryFrameCallInMainThread()
XRender.Pipeline.Assembler.XRenderGraphAssemblerSimpleDeferred:Assemble(XRenderRequest)
XRender.RenderGraph.XRenderGraph:AssembleAndExecute(ScriptableRenderContext, CommandBuffer2, Int32, XRenderRequest)
XRender.Pipeline.XRenderPipeline:ExecuteRenderRequest(ScriptableRenderContext, CommandBuffer2, XRenderRequest, XRenderRequest)
XRender.Pipeline.XRenderPipeline:Render(ScriptableRenderContext, List`1)
UnityEngine.Rendering.RenderPipelineManager:DoRenderLoop_Internal(RenderPipelineAsset, IntPtr, Object)

[ line -1504852792]

BoxCollider does not support negative scale or size.
The effective box size has been forced positive and is likely to give unexpected collision geometry.
If you absolutely need to use negative scaling you can use the convex MeshCollider. Scene hierarchy path "UISceneRoot/P_RV_Scene(Clone)/HomeCarScene/ArtAssets/RVRoot/aqtSy9Nog8uQEi8W/PlayerBody/ModelRoot/Skeleton/RoofOrnament/P_Home_SetDressing_CarChair03(Clone)/Prefab_LVH_Props_CarChair_003/SM_LVH_Props_CarChair_003_Collider_Box"
FunPlus.WorldX.Manager.GameManager:PhysxKickSimulate(Single)
FunPlus.WorldX.AppFacade:PhysxSimulateAsync()
Utilities.DelayedCallbackUtil:InvokeEveryFrameCallInMainThread()
XRender.Pipeline.Assembler.XRenderGraphAssemblerSimpleDeferred:Assemble(XRenderRequest)
XRender.RenderGraph.XRenderGraph:AssembleAndExecute(ScriptableRenderContext, CommandBuffer2, Int32, XRenderRequest)
XRender.Pipeline.XRenderPipeline:ExecuteRenderRequest(ScriptableRenderContext, CommandBuffer2, XRenderRequest, XRenderRequest)
XRender.Pipeline.XRenderPipeline:Render(ScriptableRenderContext, List`1)
UnityEngine.Rendering.RenderPipelineManager:DoRenderLoop_Internal(RenderPipelineAsset, IntPtr, Object)

[ line -1504852792]

BoxCollider does not support negative scale or size.
The effective box size has been forced positive and is likely to give unexpected collision geometry.
If you absolutely need to use negative scaling you can use the convex MeshCollider. Scene hierarchy path "UISceneRoot/P_RV_Scene(Clone)/HomeCarScene/ArtAssets/RVRoot/aqtSy9Nog8uQEi8W/PlayerBody/ModelRoot/Skeleton/HomeCarDoor/Prefab_LVH_Props_CarDoor_002_Blue/SM_LVH_Props_CarDoor_002_Blue_Box"
FunPlus.WorldX.Manager.GameManager:PhysxKickSimulate(Single)
FunPlus.WorldX.AppFacade:PhysxSimulateAsync()
Utilities.DelayedCallbackUtil:InvokeEveryFrameCallInMainThread()
XRender.Pipeline.Assembler.XRenderGraphAssemblerSimpleDeferred:Assemble(XRenderRequest)
XRender.RenderGraph.XRenderGraph:AssembleAndExecute(ScriptableRenderContext, CommandBuffer2, Int32, XRenderRequest)
XRender.Pipeline.XRenderPipeline:ExecuteRenderRequest(ScriptableRenderContext, CommandBuffer2, XRenderRequest, XRenderRequest)
XRender.Pipeline.XRenderPipeline:Render(ScriptableRenderContext, List`1)
UnityEngine.Rendering.RenderPipelineManager:DoRenderLoop_Internal(RenderPipelineAsset, IntPtr, Object)

[ line -1504852792]

BoxCollider does not support negative scale or size.
The effective box size has been forced positive and is likely to give unexpected collision geometry.
If you absolutely need to use negative scaling you can use the convex MeshCollider. Scene hierarchy path "UISceneRoot/P_RV_Scene(Clone)/HomeCarScene/ArtAssets/RVRoot/aqtSy9Nog8uQEi8W/PlayerBody/ModelRoot/Skeleton/RoofOrnament/P_Home_SetDressing_CarChair03(Clone)/Prefab_LVH_Props_CarChair_003/SM_LVH_Props_CarChair_003_Collider_Box"
FunPlus.WorldX.Manager.GameManager:PhysxKickSimulate(Single)
FunPlus.WorldX.AppFacade:PhysxSimulateAsync()
Utilities.DelayedCallbackUtil:InvokeEveryFrameCallInMainThread()
XRender.Pipeline.Assembler.XRenderGraphAssemblerSimpleDeferred:Assemble(XRenderRequest)
XRender.RenderGraph.XRenderGraph:AssembleAndExecute(ScriptableRenderContext, CommandBuffer2, Int32, XRenderRequest)
XRender.Pipeline.XRenderPipeline:ExecuteRenderRequest(ScriptableRenderContext, CommandBuffer2, XRenderRequest, XRenderRequest)
XRender.Pipeline.XRenderPipeline:Render(ScriptableRenderContext, List`1)
UnityEngine.Rendering.RenderPipelineManager:DoRenderLoop_Internal(RenderPipelineAsset, IntPtr, Object)

[ line -1504852792]

The referenced script on this Behaviour (Game Object '<null>') is missing!
Can't add 'SkinnedMeshBatch' to M_Parmon_10371_Body02 because a 'SkinnedMeshBatch' is already added to the game object!
UnityEngine.GameObject:AddComponent()
XRender.Pipeline.Modules.SkinnedMeshCombine.SkinnedMeshBufferMgr:AddSkinnedComponent(SkinnedMeshRenderer)
FunPlus.WorldX.Model.PrefabLoadTask:Destroy()
FunPlus.WorldX.Model.PhysiqueModel:DestroyModel()
FunPlus.WorldX.Model.ModelView:DestroyAllModel(Boolean)
FunPlus.WorldX.Model.ModelView:Destroy()
FunPlus.WorldX.Entities.Components.ModelComponent:Destroy()
FunPlus.WorldX.Entities.EntityBase:DelAllComponent()
FunPlus.WorldX.Entities.EntityBase:OnDestroy()
FunPlus.WorldX.Manager.EntityManager:DestroyEModel(Entity)
XLua.CSObjectWrap.FunPlusWorldXManagerEntityManagerWrap:_m_DestroyEModel(IntPtr)
XLua.LuaFunction:Func(T1, T2)
FunPlus.WorldX.Cutscene.CutsceneItem:CmdLua(String, Object[])
FunPlus.WorldX.Cutscene.CutsceneRoot:DestroyAssets()
FunPlus.WorldX.Cutscene.CutsceneInitializer:Dispose()
XLua.CSObjectWrap.FunPlusWorldXManagerCutsceneManagerWrap:_m_DestroyCutscene(IntPtr)
XLua.LuaFunction:Action(T1, T2, T3, T4, T5, T6, T7)
FunPlus.WorldX.Manager.LuaManager:CommonUpdate()
FunPlus.WorldX.AppFacade:UpdateAllManager()

[ line -1504784648]

[7743.1951][Log]|[lua][info][2026-09-17 04:39:38.583621]	[info]	[PHONESTCORE_HOOK]	[clearSpace is_destroy:true id:aqtSrMjAyRDMOebh actor count:0]	[Space.cpp:30(logic::Space::clearSpace)]
FunPlus.WorldX.Utils.GameLog:SimpleLog(LogType, IntPtr, Int32)
FunPlus.WorldX.Utils.LuaUtils:LogForLua(Int32, IntPtr, Int32)
XLua.CSObjectWrap.FunPlusWorldXUtilsLuaUtilsWrap:_m_LogForLua_xlua_st_(IntPtr)
XLua.LuaFunction:Action(T1, T2, T3, T4, T5, T6, T7)
FunPlus.WorldX.Manager.LuaManager:CommonUpdate()
FunPlus.WorldX.AppFacade:UpdateAllManager()

[7743.5089][Log]|[lua][info][2026-09-17 04:39:38.899261]	[info]	[PHONESTCORE_HOOK]	[client 0x28f3143d880 stop]	[Client.hpp:41(phonestcore::Client::stop)]
FunPlus.WorldX.Utils.GameLog:SimpleLog(LogType, IntPtr, Int32)
FunPlus.WorldX.Utils.LuaUtils:LogForLua(Int32, IntPtr, Int32)
XLua.CSObjectWrap.FunPlusWorldXUtilsLuaUtilsWrap:_m_LogForLua_xlua_st_(IntPtr)
XLua.LuaFunction:Action(T1, T2, T3, T4, T5, T6, T7)
FunPlus.WorldX.Manager.LuaManager:CommonUpdate()
FunPlus.WorldX.AppFacade:UpdateAllManager()

[7743.5091][Log]|[lua][info][2026-09-17 04:39:38.899312]	[info]	[PHONESTCORE_HOOK]	[client 0x28da588c380 connect to eu-prod-line-2000.worldx-gate.kingsgroupgames.com 20000]	[Client.hpp:26(phonestcore::Client::connect)]
FunPlus.WorldX.Utils.GameLog:SimpleLog(LogType, IntPtr, Int32)
FunPlus.WorldX.Utils.LuaUtils:LogForLua(Int32, IntPtr, Int32)
XLua.CSObjectWrap.FunPlusWorldXUtilsLuaUtilsWrap:_m_LogForLua_xlua_st_(IntPtr)
XLua.LuaFunction:Action(T1, T2, T3, T4, T5, T6, T7)
FunPlus.WorldX.Manager.LuaManager:CommonUpdate()
FunPlus.WorldX.AppFacade:UpdateAllManager()

[7743.5093][Warn]|[lua][warning][2026-09-17 04:39:38.899338]	[warning]	[PHONESTCORE_HOOK]	[0x28edcfed070 onRead error The I/O operation has been aborted because of either a thread exit or an application request]	[TcpConnection.cpp:56(phonestcore::TcpConnection::onRead)]
FunPlus.WorldX.Utils.GameLog:SimpleLog(LogType, IntPtr, Int32)
FunPlus.WorldX.Utils.LuaUtils:LogForLua(Int32, IntPtr, Int32)
XLua.CSObjectWrap.FunPlusWorldXUtilsLuaUtilsWrap:_m_LogForLua_xlua_st_(IntPtr)
XLua.LuaFunction:Action(T1, T2, T3, T4, T5, T6, T7)
FunPlus.WorldX.Manager.LuaManager:CommonUpdate()
FunPlus.WorldX.AppFacade:UpdateAllManager()

[7743.5492][Log]|[lua][info][2026-09-17 04:39:38.933025]	[info]	[PHONESTCORE_HOOK]	[TcpClient(0x28da588c380) onResolve ok, endpointCount=2, firstEndpoint=47.245.160.135:20000, family=IPv4]	[TcpClient.cpp:74(phonestcore::TcpClient::onResolve)]
FunPlus.WorldX.Utils.GameLog:SimpleLog(LogType, IntPtr, Int32)
FunPlus.WorldX.Utils.LuaUtils:LogForLua(Int32, IntPtr, Int32)
XLua.CSObjectWrap.FunPlusWorldXUtilsLuaUtilsWrap:_m_LogForLua_xlua_st_(IntPtr)
XLua.LuaFunction:Action(T1, T2, T3, T4, T5, T6, T7)
FunPlus.WorldX.Manager.LuaManager:CommonUpdate()
FunPlus.WorldX.AppFacade:UpdateAllManager()

[7743.5494][Log]|[lua][info][2026-09-17 04:39:38.933066]	[info]	[PHONESTCORE_HOOK]	[TcpClient(0x28da588c380) tryConnect endpoint=47.245.160.135:20000 family=IPv4]	[TcpClient.cpp:119(phonestcore::TcpClient::tryConnect)]
FunPlus.WorldX.Utils.GameLog:SimpleLog(LogType, IntPtr, Int32)
FunPlus.WorldX.Utils.LuaUtils:LogForLua(Int32, IntPtr, Int32)
XLua.CSObjectWrap.FunPlusWorldXUtilsLuaUtilsWrap:_m_LogForLua_xlua_st_(IntPtr)
XLua.LuaFunction:Action(T1, T2, T3, T4, T5, T6, T7)
FunPlus.WorldX.Manager.LuaManager:CommonUpdate()
FunPlus.WorldX.AppFacade:UpdateAllManager()

[7743.5653][Log]|[lua][info][2026-09-17 04:39:38.949606]	[info]	[PHONESTCORE_HOOK]	[LuaClient(0x28f49436e90)::connectCallback status true]	[LuaClient.h:75(phonestcore::LuaClient::connect::<lambda_ffd3430e67ee12999344db9951a5eac4>::operator ())]
FunPlus.WorldX.Utils.GameLog:SimpleLog(LogType, IntPtr, Int32)
FunPlus.WorldX.Utils.LuaUtils:LogForLua(Int32, IntPtr, Int32)
XLua.CSObjectWrap.FunPlusWorldXUtilsLuaUtilsWrap:_m_LogForLua_xlua_st_(IntPtr)
XLua.LuaFunction:Action(T1, T2, T3, T4, T5, T6, T7)
FunPlus.WorldX.Manager.LuaManager:CommonUpdate()
FunPlus.WorldX.AppFacade:UpdateAllManager()

[7744.1099][Log]|[lua][info][2026-09-17 04:39:39.479715]	[info]	[PHONESTCORE_HOOK]	[Actor::setIsMainPlayerActor: true, actor_id: 203321]	[ActorC.h:75(logic::ActorC::setIsMainPlayerActor)]
FunPlus.WorldX.Utils.GameLog:SimpleLog(LogType, IntPtr, Int32)
FunPlus.WorldX.Utils.LuaUtils:LogForLua(Int32, IntPtr, Int32)
XLua.CSObjectWrap.FunPlusWorldXUtilsLuaUtilsWrap:_m_LogForLua_xlua_st_(IntPtr)
XLua.LuaFunction:Action(T1, T2, T3, T4, T5, T6, T7)
FunPlus.WorldX.Manager.LuaManager:CommonUpdate()
FunPlus.WorldX.AppFacade:UpdateAllManager()

[7744.1100][Log]|[lua][info][2026-09-17 04:39:39.488132]	[info]	[PHONESTCORE_HOOK]	[createVoxelScene new>>>id:aqoU3g-GVTuWsxwS 0x2902a6c1d20	ref:1]	[SpaceManagerC.cpp:78(logic::SpaceManagerC::createVoxelScene)]
FunPlus.WorldX.Utils.GameLog:SimpleLog(LogType, IntPtr, Int32)
FunPlus.WorldX.Utils.LuaUtils:LogForLua(Int32, IntPtr, Int32)
XLua.CSObjectWrap.FunPlusWorldXUtilsLuaUtilsWrap:_m_LogForLua_xlua_st_(IntPtr)
XLua.LuaFunction:Action(T1, T2, T3, T4, T5, T6, T7)
FunPlus.WorldX.Manager.LuaManager:CommonUpdate()
FunPlus.WorldX.AppFacade:UpdateAllManager()

[7744.2197][Error]|[lua][error][CustomDict]	IntIntMap init property skipped, key declare maybe deleted	[[init]     ...p4dir\client\LuaScripts\Core\PropertySync\CustomDict.lua:295]
FunPlus.WorldX.Utils.GameLog:SimpleLog(LogType, IntPtr, Int32)
FunPlus.WorldX.Utils.LuaUtils:LogForLua(Int32, IntPtr, Int32)
XLua.CSObjectWrap.FunPlusWorldXUtilsLuaUtilsWrap:_m_LogForLua_xlua_st_(IntPtr)
XLua.LuaFunction:Action(T1, T2, T3, T4, T5, T6, T7)
FunPlus.WorldX.Manager.LuaManager:CommonUpdate()
FunPlus.WorldX.AppFacade:UpdateAllManager()

[7744.2211][Error]|[lua][error][CustomDict]	IntIntMap init property skipped, key declare maybe deleted	[[init]     ...p4dir\client\LuaScripts\Core\PropertySync\CustomDict.lua:295]
FunPlus.WorldX.Utils.GameLog:SimpleLog(LogType, IntPtr, Int32)
FunPlus.WorldX.Utils.LuaUtils:LogForLua(Int32, IntPtr, Int32)
XLua.CSObjectWrap.FunPlusWorldXUtilsLuaUtilsWrap:_m_LogForLua_xlua_st_(IntPtr)
XLua.LuaFunction:Action(T1, T2, T3, T4, T5, T6, T7)
FunPlus.WorldX.Manager.LuaManager:CommonUpdate()
FunPlus.WorldX.AppFacade:UpdateAllManager()

[7744.2233][Error]|[lua][error][CustomDict]	IntIntMap init property skipped, key declare maybe deleted	[[init]     ...p4dir\client\LuaScripts\Core\PropertySync\CustomDict.lua:295]
FunPlus.WorldX.Utils.GameLog:SimpleLog(LogType, IntPtr, Int32)
FunPlus.WorldX.Utils.LuaUtils:LogForLua(Int32, IntPtr, Int32)
XLua.CSObjectWrap.FunPlusWorldXUtilsLuaUtilsWrap:_m_LogForLua_xlua_st_(IntPtr)
XLua.LuaFunction:Action(T1, T2, T3, T4, T5, T6, T7)
FunPlus.WorldX.Manager.LuaManager:CommonUpdate()
FunPlus.WorldX.AppFacade:UpdateAllManager()

[7744.2245][Error]|[lua][error][CustomDict]	IntIntMap init property skipped, key declare maybe deleted	[[init]     ...p4dir\client\LuaScripts\Core\PropertySync\CustomDict.lua:295]
FunPlus.WorldX.Utils.GameLog:SimpleLog(LogType, IntPtr, Int32)
FunPlus.WorldX.Utils.LuaUtils:LogForLua(Int32, IntPtr, Int32)
XLua.CSObjectWrap.FunPlusWorldXUtilsLuaUtilsWrap:_m_LogForLua_xlua_st_(IntPtr)
XLua.LuaFunction:Action(T1, T2, T3, T4, T5, T6, T7)
FunPlus.WorldX.Manager.LuaManager:CommonUpdate()
FunPlus.WorldX.AppFacade:UpdateAllManager()

[7744.2259][Error]|[lua][error][CustomDict]	IntIntMap init property skipped, key declare maybe deleted	[[init]     ...p4dir\client\LuaScripts\Core\PropertySync\CustomDict.lua:295]
FunPlus.WorldX.Utils.GameLog:SimpleLog(LogType, IntPtr, Int32)
FunPlus.WorldX.Utils.LuaUtils:LogForLua(Int32, IntPtr, Int32)
XLua.CSObjectWrap.FunPlusWorldXUtilsLuaUtilsWrap:_m_LogForLua_xlua_st_(IntPtr)
XLua.LuaFunction:Action(T1, T2, T3, T4, T5, T6, T7)
FunPlus.WorldX.Manager.LuaManager:CommonUpdate()
FunPlus.WorldX.AppFacade:UpdateAllManager()

[7744.2270][Error]|[lua][error][CustomDict]	IntIntMap init property skipped, key declare maybe deleted	[[init]     ...p4dir\client\LuaScripts\Core\PropertySync\CustomDict.lua:295]
FunPlus.WorldX.Utils.GameLog:SimpleLog(LogType, IntPtr, Int32)
FunPlus.WorldX.Utils.LuaUtils:LogForLua(Int32, IntPtr, Int32)
XLua.CSObjectWrap.FunPlusWorldXUtilsLuaUtilsWrap:_m_LogForLua_xlua_st_(IntPtr)
XLua.LuaFunction:Action(T1, T2, T3, T4, T5, T6, T7)
FunPlus.WorldX.Manager.LuaManager:CommonUpdate()
FunPlus.WorldX.AppFacade:UpdateAllManager()

Couldn't create a Convex Mesh from source mesh "SM_Rock_Edge_Mid_01_CM_-1168274782" within the maximum polygons limit (256). The partial hull will be used. Consider simplifying your mesh.
Couldn't create a Convex Mesh from source mesh "SM_LVIOT_Rock_SplitMountains_004_A_Collider_Mesh_278569052" within the maximum polygons limit (256). The partial hull will be used. Consider simplifying your mesh.
Couldn't create a Convex Mesh from source mesh "SM_Stone_SmoothStone_009_A_CM_2099548914" within the maximum polygons limit (256). The partial hull will be used. Consider simplifying your mesh.
Couldn't create a Convex Mesh from source mesh "SM_Rock_Cliffwall_002_Collider_Mesh_-866322356" within the maximum polygons limit (256). The partial hull will be used. Consider simplifying your mesh.
Couldn't create a Convex Mesh from source mesh "SM_Rock_Beachrock_003_A_Collider_Mesh_-1931667380" within the maximum polygons limit (256). The partial hull will be used. Consider simplifying your mesh.
Couldn't create a Convex Mesh from source mesh "SM_LVIOT_Rock_Cliff_01_F_CM_-1920994744" within the maximum polygons limit (256). The partial hull will be used. Consider simplifying your mesh.
Couldn't create a Convex Mesh from source mesh "SM_Rock_Cliffwall_001_Collider_Mesh_-2008044692" within the maximum polygons limit (256). The partial hull will be used. Consider simplifying your mesh.
Couldn't create a Convex Mesh from source mesh "SM_LVIOT_Rock_Cliff_01_A_CM_-1667037262" within the maximum polygons limit (256). The partial hull will be used. Consider simplifying your mesh.
Couldn't create a Convex Mesh from source mesh "SM_LVIOT_Rock_Cliff_01_B_Collider_Convex_Stone_-2128040324" within the maximum polygons limit (256). The partial hull will be used. Consider simplifying your mesh.
Couldn't create a Convex Mesh from source mesh "SM_LVIOT_Rock_Cliff_01_C_Collider_Mesh_Stone_518205044" within the maximum polygons limit (256). The partial hull will be used. Consider simplifying your mesh.
Couldn't create a Convex Mesh from source mesh "SM_LVIOT_Rock_Cliff_05_A_Collider_CM_02_1411904746" within the maximum polygons limit (256). The partial hull will be used. Consider simplifying your mesh.
The referenced script on this Behaviour (Game Object '<null>') is missing!
Can't add 'SkinnedMeshBatch' to M_Parmon_10371_Body02 because a 'SkinnedMeshBatch' is already added to the game object!
UnityEngine.GameObject:AddComponent()
XRender.Pipeline.Modules.SkinnedMeshCombine.SkinnedMeshBufferMgr:AddSkinnedComponent(SkinnedMeshRenderer)

[ line -1504780888]

Unloading 1 Unused Serialized files (Serialized files now loaded: 1280)
Unloading 11088 unused Assets to reduce memory usage. Loaded Objects now: 158474.
Total: 153.666600 ms (FindLiveObjects: 11.686600 ms CreateObjectMapping: 5.232200 ms MarkObjects: 129.608800 ms  DeleteObjects: 7.138700 ms)

[7755.6262][Error]|[lua][error][CustomDict]	IntIntMap init property skipped, key declare maybe deleted	[[init]     ...p4dir\client\LuaScripts\Core\PropertySync\CustomDict.lua:295]
FunPlus.WorldX.Utils.GameLog:SimpleLog(LogType, IntPtr, Int32)
FunPlus.WorldX.Utils.LuaUtils:LogForLua(Int32, IntPtr, Int32)
XLua.CSObjectWrap.FunPlusWorldXUtilsLuaUtilsWrap:_m_LogForLua_xlua_st_(IntPtr)
XLua.LuaFunction:Action(T1, T2, T3, T4, T5, T6, T7)
FunPlus.WorldX.Manager.LuaManager:CommonUpdate()
FunPlus.WorldX.AppFacade:UpdateAllManager()

[7759.5620][Error]|[lua][error][CustomDict]	IntIntMap init property skipped, key declare maybe deleted	[[init]     ...p4dir\client\LuaScripts\Core\PropertySync\CustomDict.lua:295]
FunPlus.WorldX.Utils.GameLog:SimpleLog(LogType, IntPtr, Int32)
FunPlus.WorldX.Utils.LuaUtils:LogForLua(Int32, IntPtr, Int32)
XLua.CSObjectWrap.FunPlusWorldXUtilsLuaUtilsWrap:_m_LogForLua_xlua_st_(IntPtr)
XLua.LuaFunction:Action(T1, T2, T3, T4, T5, T6, T7)
FunPlus.WorldX.Manager.LuaManager:CommonUpdate()
FunPlus.WorldX.AppFacade:UpdateAllManager()

[7770.2774][Error]|[lua][error][CustomDict]	IntIntMap init property skipped, key declare maybe deleted	[[init]     ...p4dir\client\LuaScripts\Core\PropertySync\CustomDict.lua:295]
FunPlus.WorldX.Utils.GameLog:SimpleLog(LogType, IntPtr, Int32)
FunPlus.WorldX.Utils.LuaUtils:LogForLua(Int32, IntPtr, Int32)
XLua.CSObjectWrap.FunPlusWorldXUtilsLuaUtilsWrap:_m_LogForLua_xlua_st_(IntPtr)
XLua.LuaFunction:Action(T1, T2, T3, T4, T5, T6, T7)
FunPlus.WorldX.Manager.LuaManager:CommonUpdate()
FunPlus.WorldX.AppFacade:UpdateAllManager()

The referenced script on this Behaviour (Game Object '<null>') is missing!
The referenced script on this Behaviour (Game Object '<null>') is missing!
The referenced script on this Behaviour (Game Object '<null>') is missing!
The referenced script on this Behaviour (Game Object '<null>') is missing!
The referenced script on this Behaviour (Game Object '<null>') is missing!
The referenced script on this Behaviour (Game Object '<null>') is missing!
The referenced script on this Behaviour (Game Object '<null>') is missing!
[7772.1229][Error]|[lua][error][CustomDict]	IntIntMap init property skipped, key declare maybe deleted	[[init]     ...p4dir\client\LuaScripts\Core\PropertySync\CustomDict.lua:295]
FunPlus.WorldX.Utils.GameLog:SimpleLog(LogType, IntPtr, Int32)
FunPlus.WorldX.Utils.LuaUtils:LogForLua(Int32, IntPtr, Int32)
XLua.CSObjectWrap.FunPlusWorldXUtilsLuaUtilsWrap:_m_LogForLua_xlua_st_(IntPtr)
XLua.LuaFunction:Action(T1, T2, T3, T4, T5, T6, T7)
FunPlus.WorldX.Manager.LuaManager:CommonUpdate()
FunPlus.WorldX.AppFacade:UpdateAllManager()

[7814.5080][Log]|[lua][info][2026-09-17 04:40:49.898358]	[info]	[PHONESTCORE_HOOK]	[0x28da0245c60 connect to http://worldx-global-assets.oss-us-east-1.aliyuncs.com:443/eu/prod/ClientInfo/202000114279_client_info_bin?x-oss-credential=LTAI5tS3b81GXuYfXYtgJZ7J%2F20260917%2Fus-east-1%2Foss%2Faliyun_v4_request&x-oss-date=20260917T024049Z&x-oss-expires=300&x-oss-signature=3756f72887fb5e801b2235dffc5e4ffa1d88c190ee5bf2fcdb73c04c5cd9f9b6&x-oss-signature-version=OSS4-HMAC-SHA256]	[HttpClient.cpp:38(phonestcore::HttpClient::connect)]
FunPlus.WorldX.Utils.GameLog:SimpleLog(LogType, IntPtr, Int32)
FunPlus.WorldX.Utils.LuaUtils:LogForLua(Int32, IntPtr, Int32)
XLua.CSObjectWrap.FunPlusWorldXUtilsLuaUtilsWrap:_m_LogForLua_xlua_st_(IntPtr)
XLua.LuaFunction:Action(T1, T2, T3, T4, T5, T6, T7)
FunPlus.WorldX.Manager.LuaManager:CommonUpdate()
FunPlus.WorldX.AppFacade:UpdateAllManager()

[7855.5306][Error]|[lua][error][CustomDict]	IntIntMap init property skipped, key declare maybe deleted	[[init]     ...p4dir\client\LuaScripts\Core\PropertySync\CustomDict.lua:295]
FunPlus.WorldX.Utils.GameLog:SimpleLog(LogType, IntPtr, Int32)
FunPlus.WorldX.Utils.LuaUtils:LogForLua(Int32, IntPtr, Int32)
XLua.CSObjectWrap.FunPlusWorldXUtilsLuaUtilsWrap:_m_LogForLua_xlua_st_(IntPtr)
XLua.LuaFunction:Action(T1, T2, T3, T4, T5, T6, T7)
FunPlus.WorldX.Manager.LuaManager:CommonUpdate()
FunPlus.WorldX.AppFacade:UpdateAllManager()

[7893.9708][Error]|[lua][error][CustomDict]	IntIntMap init property skipped, key declare maybe deleted	[[init]     ...p4dir\client\LuaScripts\Core\PropertySync\CustomDict.lua:295]
FunPlus.WorldX.Utils.GameLog:SimpleLog(LogType, IntPtr, Int32)
FunPlus.WorldX.Utils.LuaUtils:LogForLua(Int32, IntPtr, Int32)
XLua.CSObjectWrap.FunPlusWorldXUtilsLuaUtilsWrap:_m_LogForLua_xlua_st_(IntPtr)
XLua.LuaFunction:Action(T1, T2, T3, T4, T5, T6, T7)
FunPlus.WorldX.Manager.LuaManager:CommonUpdate()
FunPlus.WorldX.AppFacade:UpdateAllManager()

[7911.4291][Error]|[lua][error][CustomDict]	IntIntMap init property skipped, key declare maybe deleted	[[init]     ...p4dir\client\LuaScripts\Core\PropertySync\CustomDict.lua:295]
FunPlus.WorldX.Utils.GameLog:SimpleLog(LogType, IntPtr, Int32)
FunPlus.WorldX.Utils.LuaUtils:LogForLua(Int32, IntPtr, Int32)
XLua.CSObjectWrap.FunPlusWorldXUtilsLuaUtilsWrap:_m_LogForLua_xlua_st_(IntPtr)
XLua.LuaFunction:Action(T1, T2, T3, T4, T5, T6, T7)
FunPlus.WorldX.Manager.LuaManager:CommonUpdate()
FunPlus.WorldX.AppFacade:UpdateAllManager()

[7915.3985][Error]|[lua][error][CustomDict]	IntIntMap init property skipped, key declare maybe deleted	[[init]     ...p4dir\client\LuaScripts\Core\PropertySync\CustomDict.lua:295]
FunPlus.WorldX.Utils.GameLog:SimpleLog(LogType, IntPtr, Int32)
FunPlus.WorldX.Utils.LuaUtils:LogForLua(Int32, IntPtr, Int32)
XLua.CSObjectWrap.FunPlusWorldXUtilsLuaUtilsWrap:_m_LogForLua_xlua_st_(IntPtr)
XLua.LuaFunction:Action(T1, T2, T3, T4, T5, T6, T7)
FunPlus.WorldX.Manager.LuaManager:CommonUpdate()
FunPlus.WorldX.AppFacade:UpdateAllManager()

The referenced script on this Behaviour (Game Object '<null>') is missing!
[7918.4383][Error]|[lua][error][CustomDict]	IntIntMap init property skipped, key declare maybe deleted	[[init]     ...p4dir\client\LuaScripts\Core\PropertySync\CustomDict.lua:295]
FunPlus.WorldX.Utils.GameLog:SimpleLog(LogType, IntPtr, Int32)
FunPlus.WorldX.Utils.LuaUtils:LogForLua(Int32, IntPtr, Int32)
XLua.CSObjectWrap.FunPlusWorldXUtilsLuaUtilsWrap:_m_LogForLua_xlua_st_(IntPtr)
XLua.LuaFunction:Action(T1, T2, T3, T4, T5, T6, T7)
FunPlus.WorldX.Manager.LuaManager:CommonUpdate()
FunPlus.WorldX.AppFacade:UpdateAllManager()

[7938.1349][Error]|[lua][error][CustomDict]	IntIntMap init property skipped, key declare maybe deleted	[[init]     ...p4dir\client\LuaScripts\Core\PropertySync\CustomDict.lua:295]
FunPlus.WorldX.Utils.GameLog:SimpleLog(LogType, IntPtr, Int32)
FunPlus.WorldX.Utils.LuaUtils:LogForLua(Int32, IntPtr, Int32)
XLua.CSObjectWrap.FunPlusWorldXUtilsLuaUtilsWrap:_m_LogForLua_xlua_st_(IntPtr)
XLua.LuaFunction:Action(T1, T2, T3, T4, T5, T6, T7)
FunPlus.WorldX.Manager.LuaManager:CommonUpdate()
FunPlus.WorldX.AppFacade:UpdateAllManager()

[7944.7698][Error]|[lua][error][CustomDict]	IntIntMap init property skipped, key declare maybe deleted	[[init]     ...p4dir\client\LuaScripts\Core\PropertySync\CustomDict.lua:295]
FunPlus.WorldX.Utils.GameLog:SimpleLog(LogType, IntPtr, Int32)
FunPlus.WorldX.Utils.LuaUtils:LogForLua(Int32, IntPtr, Int32)
XLua.CSObjectWrap.FunPlusWorldXUtilsLuaUtilsWrap:_m_LogForLua_xlua_st_(IntPtr)
XLua.LuaFunction:Action(T1, T2, T3, T4, T5, T6, T7)
FunPlus.WorldX.Manager.LuaManager:CommonUpdate()
FunPlus.WorldX.AppFacade:UpdateAllManager()

[7973.8583][Log]|[lua][info][2026-09-17 04:43:29.245818]	[info]	[PHONESTCORE_HOOK]	[0x28ed8456bd0 connect to http://priv-platform-yimoo-api.funplus.com:443/api/game/red-dot]	[HttpClient.cpp:38(phonestcore::HttpClient::connect)]
FunPlus.WorldX.Utils.GameLog:SimpleLog(LogType, IntPtr, Int32)
FunPlus.WorldX.Utils.LuaUtils:LogForLua(Int32, IntPtr, Int32)
XLua.CSObjectWrap.FunPlusWorldXUtilsLuaUtilsWrap:_m_LogForLua_xlua_st_(IntPtr)
XLua.LuaFunction:Action(T1, T2, T3, T4, T5, T6, T7)
FunPlus.WorldX.Manager.LuaManager:CommonUpdate()
FunPlus.WorldX.AppFacade:UpdateAllManager()

[7973.8584][Log]|[lua][info][2026-09-17 04:43:29.246202]	[info]	[PHONESTCORE_HOOK]	[0x28ed8457230 connect to http://announcement-web.funplus.com:443/api/announce/list]	[HttpClient.cpp:38(phonestcore::HttpClient::connect)]
FunPlus.WorldX.Utils.GameLog:SimpleLog(LogType, IntPtr, Int32)
FunPlus.WorldX.Utils.LuaUtils:LogForLua(Int32, IntPtr, Int32)
XLua.CSObjectWrap.FunPlusWorldXUtilsLuaUtilsWrap:_m_LogForLua_xlua_st_(IntPtr)
XLua.LuaFunction:Action(T1, T2, T3, T4, T5, T6, T7)
FunPlus.WorldX.Manager.LuaManager:CommonUpdate()
FunPlus.WorldX.AppFacade:UpdateAllManager()

[8005.0765][Error]|[lua][error][RpcMethod]	RpcMethod RPC_SC_ProjectileReset need args num 1, but got 3	[[method]     ...h\proj\p4dir\client\LuaScripts\Core\Common\RpcMethod.lua:126]
FunPlus.WorldX.Utils.GameLog:SimpleLog(LogType, IntPtr, Int32)
FunPlus.WorldX.Utils.LuaUtils:LogForLua(Int32, IntPtr, Int32)
XLua.CSObjectWrap.FunPlusWorldXUtilsLuaUtilsWrap:_m_LogForLua_xlua_st_(IntPtr)
XLua.LuaFunction:Action(T1, T2, T3, T4, T5, T6, T7)
FunPlus.WorldX.Manager.LuaManager:CommonUpdate()
FunPlus.WorldX.AppFacade:UpdateAllManager()

[8005.0768][Error]|[lua][error][RpcMethod]	RpcMethod RPC_SC_ProjectileReset need args num 1, but got 3	[[method]     ...h\proj\p4dir\client\LuaScripts\Core\Common\RpcMethod.lua:126]
FunPlus.WorldX.Utils.GameLog:SimpleLog(LogType, IntPtr, Int32)
FunPlus.WorldX.Utils.LuaUtils:LogForLua(Int32, IntPtr, Int32)
XLua.CSObjectWrap.FunPlusWorldXUtilsLuaUtilsWrap:_m_LogForLua_xlua_st_(IntPtr)
XLua.LuaFunction:Action(T1, T2, T3, T4, T5, T6, T7)
FunPlus.WorldX.Manager.LuaManager:CommonUpdate()
FunPlus.WorldX.AppFacade:UpdateAllManager()

[8005.0770][Error]|[lua][error][RpcMethod]	RpcMethod RPC_SC_ProjectileReset need args num 1, but got 3	[[method]     ...h\proj\p4dir\client\LuaScripts\Core\Common\RpcMethod.lua:126]
FunPlus.WorldX.Utils.GameLog:SimpleLog(LogType, IntPtr, Int32)
FunPlus.WorldX.Utils.LuaUtils:LogForLua(Int32, IntPtr, Int32)
XLua.CSObjectWrap.FunPlusWorldXUtilsLuaUtilsWrap:_m_LogForLua_xlua_st_(IntPtr)
XLua.LuaFunction:Action(T1, T2, T3, T4, T5, T6, T7)
FunPlus.WorldX.Manager.LuaManager:CommonUpdate()
FunPlus.WorldX.AppFacade:UpdateAllManager()

The referenced script on this Behaviour (Game Object '<null>') is missing!
[8007.0225][Error]|[lua][error][RpcMethod]	RpcMethod RPC_SC_ProjectileReset need args num 1, but got 3	[[method]     ...h\proj\p4dir\client\LuaScripts\Core\Common\RpcMethod.lua:126]
FunPlus.WorldX.Utils.GameLog:SimpleLog(LogType, IntPtr, Int32)
FunPlus.WorldX.Utils.LuaUtils:LogForLua(Int32, IntPtr, Int32)
XLua.CSObjectWrap.FunPlusWorldXUtilsLuaUtilsWrap:_m_LogForLua_xlua_st_(IntPtr)
XLua.LuaFunction:Action(T1, T2, T3, T4, T5, T6, T7)
FunPlus.WorldX.Manager.LuaManager:CommonUpdate()
FunPlus.WorldX.AppFacade:UpdateAllManager()

[8007.0227][Error]|[lua][error][RpcMethod]	RpcMethod RPC_SC_ProjectileReset need args num 1, but got 3	[[method]     ...h\proj\p4dir\client\LuaScripts\Core\Common\RpcMethod.lua:126]
FunPlus.WorldX.Utils.GameLog:SimpleLog(LogType, IntPtr, Int32)
FunPlus.WorldX.Utils.LuaUtils:LogForLua(Int32, IntPtr, Int32)
XLua.CSObjectWrap.FunPlusWorldXUtilsLuaUtilsWrap:_m_LogForLua_xlua_st_(IntPtr)
XLua.LuaFunction:Action(T1, T2, T3, T4, T5, T6, T7)
FunPlus.WorldX.Manager.LuaManager:CommonUpdate()
FunPlus.WorldX.AppFacade:UpdateAllManager()

[8007.0229][Error]|[lua][error][RpcMethod]	RpcMethod RPC_SC_ProjectileReset need args num 1, but got 3	[[method]     ...h\proj\p4dir\client\LuaScripts\Core\Common\RpcMethod.lua:126]
FunPlus.WorldX.Utils.GameLog:SimpleLog(LogType, IntPtr, Int32)
FunPlus.WorldX.Utils.LuaUtils:LogForLua(Int32, IntPtr, Int32)
XLua.CSObjectWrap.FunPlusWorldXUtilsLuaUtilsWrap:_m_LogForLua_xlua_st_(IntPtr)
XLua.LuaFunction:Action(T1, T2, T3, T4, T5, T6, T7)
FunPlus.WorldX.Manager.LuaManager:CommonUpdate()
FunPlus.WorldX.AppFacade:UpdateAllManager()

[8008.2787][Error]|[lua][error][RpcMethod]	RpcMethod RPC_SC_ProjectileReset need args num 1, but got 3	[[method]     ...h\proj\p4dir\client\LuaScripts\Core\Common\RpcMethod.lua:126]
FunPlus.WorldX.Utils.GameLog:SimpleLog(LogType, IntPtr, Int32)
FunPlus.WorldX.Utils.LuaUtils:LogForLua(Int32, IntPtr, Int32)
XLua.CSObjectWrap.FunPlusWorldXUtilsLuaUtilsWrap:_m_LogForLua_xlua_st_(IntPtr)
XLua.LuaFunction:Action(T1, T2, T3, T4, T5, T6, T7)
FunPlus.WorldX.Manager.LuaManager:CommonUpdate()
FunPlus.WorldX.AppFacade:UpdateAllManager()

[8008.2790][Error]|[lua][error][RpcMethod]	RpcMethod RPC_SC_ProjectileReset need args num 1, but got 3	[[method]     ...h\proj\p4dir\client\LuaScripts\Core\Common\RpcMethod.lua:126]
FunPlus.WorldX.Utils.GameLog:SimpleLog(LogType, IntPtr, Int32)
FunPlus.WorldX.Utils.LuaUtils:LogForLua(Int32, IntPtr, Int32)
XLua.CSObjectWrap.FunPlusWorldXUtilsLuaUtilsWrap:_m_LogForLua_xlua_st_(IntPtr)
XLua.LuaFunction:Action(T1, T2, T3, T4, T5, T6, T7)
FunPlus.WorldX.Manager.LuaManager:CommonUpdate()
FunPlus.WorldX.AppFacade:UpdateAllManager()

[8008.2792][Error]|[lua][error][RpcMethod]	RpcMethod RPC_SC_ProjectileReset need args num 1, but got 3	[[method]     ...h\proj\p4dir\client\LuaScripts\Core\Common\RpcMethod.lua:126]
FunPlus.WorldX.Utils.GameLog:SimpleLog(LogType, IntPtr, Int32)
FunPlus.WorldX.Utils.LuaUtils:LogForLua(Int32, IntPtr, Int32)
XLua.CSObjectWrap.FunPlusWorldXUtilsLuaUtilsWrap:_m_LogForLua_xlua_st_(IntPtr)
XLua.LuaFunction:Action(T1, T2, T3, T4, T5, T6, T7)
FunPlus.WorldX.Manager.LuaManager:CommonUpdate()
FunPlus.WorldX.AppFacade:UpdateAllManager()

[8009.6744][Error]|[lua][error][RpcMethod]	RpcMethod RPC_SC_ProjectileReset need args num 1, but got 3	[[method]     ...h\proj\p4dir\client\LuaScripts\Core\Common\RpcMethod.lua:126]
FunPlus.WorldX.Utils.GameLog:SimpleLog(LogType, IntPtr, Int32)
FunPlus.WorldX.Utils.LuaUtils:LogForLua(Int32, IntPtr, Int32)
XLua.CSObjectWrap.FunPlusWorldXUtilsLuaUtilsWrap:_m_LogForLua_xlua_st_(IntPtr)
XLua.LuaFunction:Action(T1, T2, T3, T4, T5, T6, T7)
FunPlus.WorldX.Manager.LuaManager:CommonUpdate()
FunPlus.WorldX.AppFacade:UpdateAllManager()

[8009.6746][Error]|[lua][error][RpcMethod]	RpcMethod RPC_SC_ProjectileReset need args num 1, but got 3	[[method]     ...h\proj\p4dir\client\LuaScripts\Core\Common\RpcMethod.lua:126]
FunPlus.WorldX.Utils.GameLog:SimpleLog(LogType, IntPtr, Int32)
FunPlus.WorldX.Utils.LuaUtils:LogForLua(Int32, IntPtr, Int32)
XLua.CSObjectWrap.FunPlusWorldXUtilsLuaUtilsWrap:_m_LogForLua_xlua_st_(IntPtr)
XLua.LuaFunction:Action(T1, T2, T3, T4, T5, T6, T7)
FunPlus.WorldX.Manager.LuaManager:CommonUpdate()
FunPlus.WorldX.AppFacade:UpdateAllManager()

[8009.6748][Error]|[lua][error][RpcMethod]	RpcMethod RPC_SC_ProjectileReset need args num 1, but got 3	[[method]     ...h\proj\p4dir\client\LuaScripts\Core\Common\RpcMethod.lua:126]
FunPlus.WorldX.Utils.GameLog:SimpleLog(LogType, IntPtr, Int32)
FunPlus.WorldX.Utils.LuaUtils:LogForLua(Int32, IntPtr, Int32)
XLua.CSObjectWrap.FunPlusWorldXUtilsLuaUtilsWrap:_m_LogForLua_xlua_st_(IntPtr)
XLua.LuaFunction:Action(T1, T2, T3, T4, T5, T6, T7)
FunPlus.WorldX.Manager.LuaManager:CommonUpdate()
FunPlus.WorldX.AppFacade:UpdateAllManager()

[8011.0330][Error]|[lua][error][RpcMethod]	RpcMethod RPC_SC_ProjectileReset need args num 1, but got 3	[[method]     ...h\proj\p4dir\client\LuaScripts\Core\Common\RpcMethod.lua:126]
FunPlus.WorldX.Utils.GameLog:SimpleLog(LogType, IntPtr, Int32)
FunPlus.WorldX.Utils.LuaUtils:LogForLua(Int32, IntPtr, Int32)
XLua.CSObjectWrap.FunPlusWorldXUtilsLuaUtilsWrap:_m_LogForLua_xlua_st_(IntPtr)
XLua.LuaFunction:Action(T1, T2, T3, T4, T5, T6, T7)
FunPlus.WorldX.Manager.LuaManager:CommonUpdate()
FunPlus.WorldX.AppFacade:UpdateAllManager()

[8011.0333][Error]|[lua][error][RpcMethod]	RpcMethod RPC_SC_ProjectileReset need args num 1, but got 3	[[method]     ...h\proj\p4dir\client\LuaScripts\Core\Common\RpcMethod.lua:126]
FunPlus.WorldX.Utils.GameLog:SimpleLog(LogType, IntPtr, Int32)
FunPlus.WorldX.Utils.LuaUtils:LogForLua(Int32, IntPtr, Int32)
XLua.CSObjectWrap.FunPlusWorldXUtilsLuaUtilsWrap:_m_LogForLua_xlua_st_(IntPtr)
XLua.LuaFunction:Action(T1, T2, T3, T4, T5, T6, T7)
FunPlus.WorldX.Manager.LuaManager:CommonUpdate()
FunPlus.WorldX.AppFacade:UpdateAllManager()

[8011.0335][Error]|[lua][error][RpcMethod]	RpcMethod RPC_SC_ProjectileReset need args num 1, but got 3	[[method]     ...h\proj\p4dir\client\LuaScripts\Core\Common\RpcMethod.lua:126]
FunPlus.WorldX.Utils.GameLog:SimpleLog(LogType, IntPtr, Int32)
FunPlus.WorldX.Utils.LuaUtils:LogForLua(Int32, IntPtr, Int32)
XLua.CSObjectWrap.FunPlusWorldXUtilsLuaUtilsWrap:_m_LogForLua_xlua_st_(IntPtr)
XLua.LuaFunction:Action(T1, T2, T3, T4, T5, T6, T7)
FunPlus.WorldX.Manager.LuaManager:CommonUpdate()
FunPlus.WorldX.AppFacade:UpdateAllManager()

[8087.5264][Error]|[lua][error][CustomDict]	IntIntMap init property skipped, key declare maybe deleted	[[init]     ...p4dir\client\LuaScripts\Core\PropertySync\CustomDict.lua:295]
FunPlus.WorldX.Utils.GameLog:SimpleLog(LogType, IntPtr, Int32)
FunPlus.WorldX.Utils.LuaUtils:LogForLua(Int32, IntPtr, Int32)
XLua.CSObjectWrap.FunPlusWorldXUtilsLuaUtilsWrap:_m_LogForLua_xlua_st_(IntPtr)
XLua.LuaFunction:Action(T1, T2, T3, T4, T5, T6, T7)
FunPlus.WorldX.Manager.LuaManager:CommonUpdate()
FunPlus.WorldX.AppFacade:UpdateAllManager()

The referenced script on this Behaviour (Game Object '<null>') is missing!
The referenced script on this Behaviour (Game Object '<null>') is missing!
The referenced script on this Behaviour (Game Object '<null>') is missing!
The referenced script on this Behaviour (Game Object '<null>') is missing!
The referenced script on this Behaviour (Game Object '<null>') is missing!
The referenced script on this Behaviour (Game Object '<null>') is missing!
The referenced script on this Behaviour (Game Object '<null>') is missing!
The referenced script on this Behaviour (Game Object '<null>') is missing!
The referenced script on this Behaviour (Game Object '<null>') is missing!
Can't add 'SkinnedMeshBatch' to M_Parmon_10371_Body02 because a 'SkinnedMeshBatch' is already added to the game object!
UnityEngine.GameObject:AddComponent()
XRender.Pipeline.Modules.SkinnedMeshCombine.SkinnedMeshBufferMgr:AddSkinnedComponent(SkinnedMeshRenderer)
FunPlus.WorldX.Model.PrefabLoadTask:Destroy()
FunPlus.WorldX.Model.PhysiqueModel:DestroyModel()
FunPlus.WorldX.Model.ModelView:DestroyAllModel(Boolean)
FunPlus.WorldX.Model.ModelView:Destroy()
FunPlus.WorldX.Entities.Components.ModelComponent:Destroy()
FunPlus.WorldX.Entities.EntityBase:DelAllComponent()
FunPlus.WorldX.Entities.EntityBase:OnDestroy()
FunPlus.WorldX.Manager.EntityManager:DestroyEModel(Entity)
XLua.CSObjectWrap.FunPlusWorldXManagerEntityManagerWrap:_m_DestroyEModel(IntPtr)
XLua.LuaFunction:Func(T1, T2)
FunPlus.WorldX.Cutscene.CutsceneItem:CmdLua(String, Object[])
FunPlus.WorldX.Cutscene.CutsceneRoot:DestroyAssets()
FunPlus.WorldX.Cutscene.CutsceneInitializer:Dispose()
XLua.CSObjectWrap.FunPlusWorldXManagerCutsceneManagerWrap:_m_DestroyCutscene(IntPtr)
XLua.LuaFunction:Action(T1, T2, T3, T4, T5, T6, T7)
FunPlus.WorldX.Manager.LuaManager:CommonUpdate()
FunPlus.WorldX.AppFacade:UpdateAllManager()

[ line -1504784648]

[8116.6320][Log]|[lua][info][2026-09-17 04:45:52.007861]	[info]	[PHONESTCORE_HOOK]	[clearSpace is_destroy:true id:aqoU3g-GVTuWsxwS actor count:0]	[Space.cpp:30(logic::Space::clearSpace)]
FunPlus.WorldX.Utils.GameLog:SimpleLog(LogType, IntPtr, Int32)
FunPlus.WorldX.Utils.LuaUtils:LogForLua(Int32, IntPtr, Int32)
XLua.CSObjectWrap.FunPlusWorldXUtilsLuaUtilsWrap:_m_LogForLua_xlua_st_(IntPtr)
XLua.LuaFunction:Action(T1, T2, T3, T4, T5, T6, T7)
FunPlus.WorldX.Manager.LuaManager:CommonUpdate()
FunPlus.WorldX.AppFacade:UpdateAllManager()

[8116.8001][Log]|[lua][info][2026-09-17 04:45:52.190459]	[info]	[PHONESTCORE_HOOK]	[client 0x28da588c380 stop]	[Client.hpp:41(phonestcore::Client::stop)]
FunPlus.WorldX.Utils.GameLog:SimpleLog(LogType, IntPtr, Int32)
FunPlus.WorldX.Utils.LuaUtils:LogForLua(Int32, IntPtr, Int32)
XLua.CSObjectWrap.FunPlusWorldXUtilsLuaUtilsWrap:_m_LogForLua_xlua_st_(IntPtr)
XLua.LuaFunction:Action(T1, T2, T3, T4, T5, T6, T7)
FunPlus.WorldX.Manager.LuaManager:CommonUpdate()
FunPlus.WorldX.AppFacade:UpdateAllManager()

[8116.8005][Log]|[lua][info][2026-09-17 04:45:52.190514]	[info]	[PHONESTCORE_HOOK]	[client 0x28f31313b90 connect to eu-prod-line-2002.worldx-gate.kingsgroupgames.com 20000]	[Client.hpp:26(phonestcore::Client::connect)]
FunPlus.WorldX.Utils.GameLog:SimpleLog(LogType, IntPtr, Int32)
FunPlus.WorldX.Utils.LuaUtils:LogForLua(Int32, IntPtr, Int32)
XLua.CSObjectWrap.FunPlusWorldXUtilsLuaUtilsWrap:_m_LogForLua_xlua_st_(IntPtr)
XLua.LuaFunction:Action(T1, T2, T3, T4, T5, T6, T7)
FunPlus.WorldX.Manager.LuaManager:CommonUpdate()
FunPlus.WorldX.AppFacade:UpdateAllManager()

[8116.8006][Warn]|[lua][warning][2026-09-17 04:45:52.190532]	[warning]	[PHONESTCORE_HOOK]	[0x28f47d3ef70 onRead error The I/O operation has been aborted because of either a thread exit or an application request]	[TcpConnection.cpp:56(phonestcore::TcpConnection::onRead)]
FunPlus.WorldX.Utils.GameLog:SimpleLog(LogType, IntPtr, Int32)
FunPlus.WorldX.Utils.LuaUtils:LogForLua(Int32, IntPtr, Int32)
XLua.CSObjectWrap.FunPlusWorldXUtilsLuaUtilsWrap:_m_LogForLua_xlua_st_(IntPtr)
XLua.LuaFunction:Action(T1, T2, T3, T4, T5, T6, T7)
FunPlus.WorldX.Manager.LuaManager:CommonUpdate()
FunPlus.WorldX.AppFacade:UpdateAllManager()

[8116.8489][Log]|[lua][info][2026-09-17 04:45:52.238141]	[info]	[PHONESTCORE_HOOK]	[TcpClient(0x28f31313b90) onResolve ok, endpointCount=2, firstEndpoint=47.245.171.220:20000, family=IPv4]	[TcpClient.cpp:74(phonestcore::TcpClient::onResolve)]
FunPlus.WorldX.Utils.GameLog:SimpleLog(LogType, IntPtr, Int32)
FunPlus.WorldX.Utils.LuaUtils:LogForLua(Int32, IntPtr, Int32)
XLua.CSObjectWrap.FunPlusWorldXUtilsLuaUtilsWrap:_m_LogForLua_xlua_st_(IntPtr)
XLua.LuaFunction:Action(T1, T2, T3, T4, T5, T6, T7)
FunPlus.WorldX.Manager.LuaManager:CommonUpdate()
FunPlus.WorldX.AppFacade:UpdateAllManager()

[8116.8490][Log]|[lua][info][2026-09-17 04:45:52.238184]	[info]	[PHONESTCORE_HOOK]	[TcpClient(0x28f31313b90) tryConnect endpoint=47.245.171.220:20000 family=IPv4]	[TcpClient.cpp:119(phonestcore::TcpClient::tryConnect)]
FunPlus.WorldX.Utils.GameLog:SimpleLog(LogType, IntPtr, Int32)
FunPlus.WorldX.Utils.LuaUtils:LogForLua(Int32, IntPtr, Int32)
XLua.CSObjectWrap.FunPlusWorldXUtilsLuaUtilsWrap:_m_LogForLua_xlua_st_(IntPtr)
XLua.LuaFunction:Action(T1, T2, T3, T4, T5, T6, T7)
FunPlus.WorldX.Manager.LuaManager:CommonUpdate()
FunPlus.WorldX.AppFacade:UpdateAllManager()

[8116.8647][Log]|[lua][info][2026-09-17 04:45:52.254959]	[info]	[PHONESTCORE_HOOK]	[LuaClient(0x28ed043d1a0)::connectCallback status true]	[LuaClient.h:75(phonestcore::LuaClient::connect::<lambda_ffd3430e67ee12999344db9951a5eac4>::operator ())]
FunPlus.WorldX.Utils.GameLog:SimpleLog(LogType, IntPtr, Int32)
FunPlus.WorldX.Utils.LuaUtils:LogForLua(Int32, IntPtr, Int32)
XLua.CSObjectWrap.FunPlusWorldXUtilsLuaUtilsWrap:_m_LogForLua_xlua_st_(IntPtr)
XLua.LuaFunction:Action(T1, T2, T3, T4, T5, T6, T7)
FunPlus.WorldX.Manager.LuaManager:CommonUpdate()
FunPlus.WorldX.AppFacade:UpdateAllManager()

[8117.3843][Error]|[lua][error][EcsSystem]	ECS initialization failed: invalid Space full state or shared exchange unavailable	[[initializeSync]     ...h\proj\p4dir\client\LuaScripts\GameApp\Ecs\EcsSystem.lua:55]
FunPlus.WorldX.Utils.GameLog:SimpleLog(LogType, IntPtr, Int32)
FunPlus.WorldX.Utils.LuaUtils:LogForLua(Int32, IntPtr, Int32)
XLua.CSObjectWrap.FunPlusWorldXUtilsLuaUtilsWrap:_m_LogForLua_xlua_st_(IntPtr)
XLua.LuaFunction:Action(T1, T2, T3, T4, T5, T6, T7)
FunPlus.WorldX.Manager.LuaManager:CommonUpdate()
FunPlus.WorldX.AppFacade:UpdateAllManager()

[8117.3964][Log]|[lua][info][2026-09-17 04:45:52.763137]	[info]	[PHONESTCORE_HOOK]	[Actor::setIsMainPlayerActor: true, actor_id: 192498]	[ActorC.h:75(logic::ActorC::setIsMainPlayerActor)]
FunPlus.WorldX.Utils.GameLog:SimpleLog(LogType, IntPtr, Int32)
FunPlus.WorldX.Utils.LuaUtils:LogForLua(Int32, IntPtr, Int32)
XLua.CSObjectWrap.FunPlusWorldXUtilsLuaUtilsWrap:_m_LogForLua_xlua_st_(IntPtr)
XLua.LuaFunction:Action(T1, T2, T3, T4, T5, T6, T7)
FunPlus.WorldX.Manager.LuaManager:CommonUpdate()
FunPlus.WorldX.AppFacade:UpdateAllManager()

[8117.3965][Log]|[lua][info][2026-09-17 04:45:52.773014]	[info]	[PHONESTCORE_HOOK]	[createVoxelScene new>>>id:aqn8PjNA6Sar4j_M 0x2902a6c1d20	ref:1]	[SpaceManagerC.cpp:78(logic::SpaceManagerC::createVoxelScene)]
FunPlus.WorldX.Utils.GameLog:SimpleLog(LogType, IntPtr, Int32)
FunPlus.WorldX.Utils.LuaUtils:LogForLua(Int32, IntPtr, Int32)
XLua.CSObjectWrap.FunPlusWorldXUtilsLuaUtilsWrap:_m_LogForLua_xlua_st_(IntPtr)
XLua.LuaFunction:Action(T1, T2, T3, T4, T5, T6, T7)
FunPlus.WorldX.Manager.LuaManager:CommonUpdate()
FunPlus.WorldX.AppFacade:UpdateAllManager()

[ABDIAG] cached scene paths name='xpt21_mres_exunity_0.uab' count=1
Unloading 1 Unused Serialized files (Serialized files now loaded: 1332)
UnloadTime: 21.888900 ms
[8117.6527][Error]|[lua][error][CustomDict]	IntIntMap init property skipped, key declare maybe deleted	[[init]     ...p4dir\client\LuaScripts\Core\PropertySync\CustomDict.lua:295]
FunPlus.WorldX.Utils.GameLog:SimpleLog(LogType, IntPtr, Int32)
FunPlus.WorldX.Utils.LuaUtils:LogForLua(Int32, IntPtr, Int32)
XLua.CSObjectWrap.FunPlusWorldXUtilsLuaUtilsWrap:_m_LogForLua_xlua_st_(IntPtr)
XLua.LuaFunction:Action(T1, T2, T3, T4, T5, T6, T7)
FunPlus.WorldX.Manager.LuaManager:CommonUpdate()
FunPlus.WorldX.AppFacade:UpdateAllManager()

[8117.6541][Error]|[lua][error][CustomDict]	IntIntMap init property skipped, key declare maybe deleted	[[init]     ...p4dir\client\LuaScripts\Core\PropertySync\CustomDict.lua:295]
FunPlus.WorldX.Utils.GameLog:SimpleLog(LogType, IntPtr, Int32)
FunPlus.WorldX.Utils.LuaUtils:LogForLua(Int32, IntPtr, Int32)
XLua.CSObjectWrap.FunPlusWorldXUtilsLuaUtilsWrap:_m_LogForLua_xlua_st_(IntPtr)
XLua.LuaFunction:Action(T1, T2, T3, T4, T5, T6, T7)
FunPlus.WorldX.Manager.LuaManager:CommonUpdate()
FunPlus.WorldX.AppFacade:UpdateAllManager()

[8117.6552][Error]|[lua][error][CustomDict]	IntIntMap init property skipped, key declare maybe deleted	[[init]     ...p4dir\client\LuaScripts\Core\PropertySync\CustomDict.lua:295]
FunPlus.WorldX.Utils.GameLog:SimpleLog(LogType, IntPtr, Int32)
FunPlus.WorldX.Utils.LuaUtils:LogForLua(Int32, IntPtr, Int32)
XLua.CSObjectWrap.FunPlusWorldXUtilsLuaUtilsWrap:_m_LogForLua_xlua_st_(IntPtr)
XLua.LuaFunction:Action(T1, T2, T3, T4, T5, T6, T7)
FunPlus.WorldX.Manager.LuaManager:CommonUpdate()
FunPlus.WorldX.AppFacade:UpdateAllManager()

[8117.6563][Error]|[lua][error][CustomDict]	IntIntMap init property skipped, key declare maybe deleted	[[init]     ...p4dir\client\LuaScripts\Core\PropertySync\CustomDict.lua:295]
FunPlus.WorldX.Utils.GameLog:SimpleLog(LogType, IntPtr, Int32)
FunPlus.WorldX.Utils.LuaUtils:LogForLua(Int32, IntPtr, Int32)
XLua.CSObjectWrap.FunPlusWorldXUtilsLuaUtilsWrap:_m_LogForLua_xlua_st_(IntPtr)
XLua.LuaFunction:Action(T1, T2, T3, T4, T5, T6, T7)
FunPlus.WorldX.Manager.LuaManager:CommonUpdate()
FunPlus.WorldX.AppFacade:UpdateAllManager()

[8117.6573][Error]|[lua][error][CustomDict]	IntIntMap init property skipped, key declare maybe deleted	[[init]     ...p4dir\client\LuaScripts\Core\PropertySync\CustomDict.lua:295]
FunPlus.WorldX.Utils.GameLog:SimpleLog(LogType, IntPtr, Int32)
FunPlus.WorldX.Utils.LuaUtils:LogForLua(Int32, IntPtr, Int32)
XLua.CSObjectWrap.FunPlusWorldXUtilsLuaUtilsWrap:_m_LogForLua_xlua_st_(IntPtr)
XLua.LuaFunction:Action(T1, T2, T3, T4, T5, T6, T7)
FunPlus.WorldX.Manager.LuaManager:CommonUpdate()
FunPlus.WorldX.AppFacade:UpdateAllManager()

[8117.6585][Error]|[lua][error][CustomDict]	IntIntMap init property skipped, key declare maybe deleted	[[init]     ...p4dir\client\LuaScripts\Core\PropertySync\CustomDict.lua:295]
FunPlus.WorldX.Utils.GameLog:SimpleLog(LogType, IntPtr, Int32)
FunPlus.WorldX.Utils.LuaUtils:LogForLua(Int32, IntPtr, Int32)
XLua.CSObjectWrap.FunPlusWorldXUtilsLuaUtilsWrap:_m_LogForLua_xlua_st_(IntPtr)
XLua.LuaFunction:Action(T1, T2, T3, T4, T5, T6, T7)
FunPlus.WorldX.Manager.LuaManager:CommonUpdate()
FunPlus.WorldX.AppFacade:UpdateAllManager()

[8117.6594][Error]|[lua][error][CustomDict]	IntIntMap init property skipped, key declare maybe deleted	[[init]     ...p4dir\client\LuaScripts\Core\PropertySync\CustomDict.lua:295]
FunPlus.WorldX.Utils.GameLog:SimpleLog(LogType, IntPtr, Int32)
FunPlus.WorldX.Utils.LuaUtils:LogForLua(Int32, IntPtr, Int32)
XLua.CSObjectWrap.FunPlusWorldXUtilsLuaUtilsWrap:_m_LogForLua_xlua_st_(IntPtr)
XLua.LuaFunction:Action(T1, T2, T3, T4, T5, T6, T7)
FunPlus.WorldX.Manager.LuaManager:CommonUpdate()
FunPlus.WorldX.AppFacade:UpdateAllManager()

[8117.6606][Error]|[lua][error][CustomDict]	IntIntMap init property skipped, key declare maybe deleted	[[init]     ...p4dir\client\LuaScripts\Core\PropertySync\CustomDict.lua:295]
FunPlus.WorldX.Utils.GameLog:SimpleLog(LogType, IntPtr, Int32)
FunPlus.WorldX.Utils.LuaUtils:LogForLua(Int32, IntPtr, Int32)
XLua.CSObjectWrap.FunPlusWorldXUtilsLuaUtilsWrap:_m_LogForLua_xlua_st_(IntPtr)
XLua.LuaFunction:Action(T1, T2, T3, T4, T5, T6, T7)
FunPlus.WorldX.Manager.LuaManager:CommonUpdate()
FunPlus.WorldX.AppFacade:UpdateAllManager()

[8117.6617][Error]|[lua][error][CustomDict]	IntIntMap init property skipped, key declare maybe deleted	[[init]     ...p4dir\client\LuaScripts\Core\PropertySync\CustomDict.lua:295]
FunPlus.WorldX.Utils.GameLog:SimpleLog(LogType, IntPtr, Int32)
FunPlus.WorldX.Utils.LuaUtils:LogForLua(Int32, IntPtr, Int32)
XLua.CSObjectWrap.FunPlusWorldXUtilsLuaUtilsWrap:_m_LogForLua_xlua_st_(IntPtr)
XLua.LuaFunction:Action(T1, T2, T3, T4, T5, T6, T7)
FunPlus.WorldX.Manager.LuaManager:CommonUpdate()
FunPlus.WorldX.AppFacade:UpdateAllManager()

[8117.6626][Error]|[lua][error][CustomDict]	IntIntMap init property skipped, key declare maybe deleted	[[init]     ...p4dir\client\LuaScripts\Core\PropertySync\CustomDict.lua:295]
FunPlus.WorldX.Utils.GameLog:SimpleLog(LogType, IntPtr, Int32)
FunPlus.WorldX.Utils.LuaUtils:LogForLua(Int32, IntPtr, Int32)
XLua.CSObjectWrap.FunPlusWorldXUtilsLuaUtilsWrap:_m_LogForLua_xlua_st_(IntPtr)
XLua.LuaFunction:Action(T1, T2, T3, T4, T5, T6, T7)
FunPlus.WorldX.Manager.LuaManager:CommonUpdate()
FunPlus.WorldX.AppFacade:UpdateAllManager()

[8117.6636][Error]|[lua][error][CustomDict]	IntIntMap init property skipped, key declare maybe deleted	[[init]     ...p4dir\client\LuaScripts\Core\PropertySync\CustomDict.lua:295]
FunPlus.WorldX.Utils.GameLog:SimpleLog(LogType, IntPtr, Int32)
FunPlus.WorldX.Utils.LuaUtils:LogForLua(Int32, IntPtr, Int32)
XLua.CSObjectWrap.FunPlusWorldXUtilsLuaUtilsWrap:_m_LogForLua_xlua_st_(IntPtr)
XLua.LuaFunction:Action(T1, T2, T3, T4, T5, T6, T7)
FunPlus.WorldX.Manager.LuaManager:CommonUpdate()
FunPlus.WorldX.AppFacade:UpdateAllManager()

[8117.6645][Error]|[lua][error][CustomDict]	IntIntMap init property skipped, key declare maybe deleted	[[init]     ...p4dir\client\LuaScripts\Core\PropertySync\CustomDict.lua:295]
FunPlus.WorldX.Utils.GameLog:SimpleLog(LogType, IntPtr, Int32)
FunPlus.WorldX.Utils.LuaUtils:LogForLua(Int32, IntPtr, Int32)
XLua.CSObjectWrap.FunPlusWorldXUtilsLuaUtilsWrap:_m_LogForLua_xlua_st_(IntPtr)
XLua.LuaFunction:Action(T1, T2, T3, T4, T5, T6, T7)
FunPlus.WorldX.Manager.LuaManager:CommonUpdate()
FunPlus.WorldX.AppFacade:UpdateAllManager()

[8117.6655][Error]|[lua][error][CustomDict]	IntIntMap init property skipped, key declare maybe deleted	[[init]     ...p4dir\client\LuaScripts\Core\PropertySync\CustomDict.lua:295]
FunPlus.WorldX.Utils.GameLog:SimpleLog(LogType, IntPtr, Int32)
FunPlus.WorldX.Utils.LuaUtils:LogForLua(Int32, IntPtr, Int32)
XLua.CSObjectWrap.FunPlusWorldXUtilsLuaUtilsWrap:_m_LogForLua_xlua_st_(IntPtr)
XLua.LuaFunction:Action(T1, T2, T3, T4, T5, T6, T7)
FunPlus.WorldX.Manager.LuaManager:CommonUpdate()
FunPlus.WorldX.AppFacade:UpdateAllManager()

[8117.6666][Error]|[lua][error][CustomDict]	IntIntMap init property skipped, key declare maybe deleted	[[init]     ...p4dir\client\LuaScripts\Core\PropertySync\CustomDict.lua:295]
FunPlus.WorldX.Utils.GameLog:SimpleLog(LogType, IntPtr, Int32)
FunPlus.WorldX.Utils.LuaUtils:LogForLua(Int32, IntPtr, Int32)
XLua.CSObjectWrap.FunPlusWorldXUtilsLuaUtilsWrap:_m_LogForLua_xlua_st_(IntPtr)
XLua.LuaFunction:Action(T1, T2, T3, T4, T5, T6, T7)
FunPlus.WorldX.Manager.LuaManager:CommonUpdate()
FunPlus.WorldX.AppFacade:UpdateAllManager()

[8117.6675][Error]|[lua][error][CustomDict]	IntIntMap init property skipped, key declare maybe deleted	[[init]     ...p4dir\client\LuaScripts\Core\PropertySync\CustomDict.lua:295]
FunPlus.WorldX.Utils.GameLog:SimpleLog(LogType, IntPtr, Int32)
FunPlus.WorldX.Utils.LuaUtils:LogForLua(Int32, IntPtr, Int32)
XLua.CSObjectWrap.FunPlusWorldXUtilsLuaUtilsWrap:_m_LogForLua_xlua_st_(IntPtr)
XLua.LuaFunction:Action(T1, T2, T3, T4, T5, T6, T7)
FunPlus.WorldX.Manager.LuaManager:CommonUpdate()
FunPlus.WorldX.AppFacade:UpdateAllManager()

[8117.6685][Error]|[lua][error][CustomDict]	IntIntMap init property skipped, key declare maybe deleted	[[init]     ...p4dir\client\LuaScripts\Core\PropertySync\CustomDict.lua:295]
FunPlus.WorldX.Utils.GameLog:SimpleLog(LogType, IntPtr, Int32)
FunPlus.WorldX.Utils.LuaUtils:LogForLua(Int32, IntPtr, Int32)
XLua.CSObjectWrap.FunPlusWorldXUtilsLuaUtilsWrap:_m_LogForLua_xlua_st_(IntPtr)
XLua.LuaFunction:Action(T1, T2, T3, T4, T5, T6, T7)
FunPlus.WorldX.Manager.LuaManager:CommonUpdate()
FunPlus.WorldX.AppFacade:UpdateAllManager()

[8117.6694][Error]|[lua][error][CustomDict]	IntIntMap init property skipped, key declare maybe deleted	[[init]     ...p4dir\client\LuaScripts\Core\PropertySync\CustomDict.lua:295]
FunPlus.WorldX.Utils.GameLog:SimpleLog(LogType, IntPtr, Int32)
FunPlus.WorldX.Utils.LuaUtils:LogForLua(Int32, IntPtr, Int32)
XLua.CSObjectWrap.FunPlusWorldXUtilsLuaUtilsWrap:_m_LogForLua_xlua_st_(IntPtr)
XLua.LuaFunction:Action(T1, T2, T3, T4, T5, T6, T7)
FunPlus.WorldX.Manager.LuaManager:CommonUpdate()
FunPlus.WorldX.AppFacade:UpdateAllManager()

[8117.6704][Error]|[lua][error][CustomDict]	IntIntMap init property skipped, key declare maybe deleted	[[init]     ...p4dir\client\LuaScripts\Core\PropertySync\CustomDict.lua:295]
FunPlus.WorldX.Utils.GameLog:SimpleLog(LogType, IntPtr, Int32)
FunPlus.WorldX.Utils.LuaUtils:LogForLua(Int32, IntPtr, Int32)
XLua.CSObjectWrap.FunPlusWorldXUtilsLuaUtilsWrap:_m_LogForLua_xlua_st_(IntPtr)
XLua.LuaFunction:Action(T1, T2, T3, T4, T5, T6, T7)
FunPlus.WorldX.Manager.LuaManager:CommonUpdate()
FunPlus.WorldX.AppFacade:UpdateAllManager()

[8117.6714][Error]|[lua][error][CustomDict]	IntIntMap init property skipped, key declare maybe deleted	[[init]     ...p4dir\client\LuaScripts\Core\PropertySync\CustomDict.lua:295]
FunPlus.WorldX.Utils.GameLog:SimpleLog(LogType, IntPtr, Int32)
FunPlus.WorldX.Utils.LuaUtils:LogForLua(Int32, IntPtr, Int32)
XLua.CSObjectWrap.FunPlusWorldXUtilsLuaUtilsWrap:_m_LogForLua_xlua_st_(IntPtr)
XLua.LuaFunction:Action(T1, T2, T3, T4, T5, T6, T7)
FunPlus.WorldX.Manager.LuaManager:CommonUpdate()
FunPlus.WorldX.AppFacade:UpdateAllManager()

[8117.6724][Error]|[lua][error][CustomDict]	IntIntMap init property skipped, key declare maybe deleted	[[init]     ...p4dir\client\LuaScripts\Core\PropertySync\CustomDict.lua:295]
FunPlus.WorldX.Utils.GameLog:SimpleLog(LogType, IntPtr, Int32)
FunPlus.WorldX.Utils.LuaUtils:LogForLua(Int32, IntPtr, Int32)
XLua.CSObjectWrap.FunPlusWorldXUtilsLuaUtilsWrap:_m_LogForLua_xlua_st_(IntPtr)
XLua.LuaFunction:Action(T1, T2, T3, T4, T5, T6, T7)
FunPlus.WorldX.Manager.LuaManager:CommonUpdate()
FunPlus.WorldX.AppFacade:UpdateAllManager()

[8117.6734][Error]|[lua][error][CustomDict]	IntIntMap init property skipped, key declare maybe deleted	[[init]     ...p4dir\client\LuaScripts\Core\PropertySync\CustomDict.lua:295]
FunPlus.WorldX.Utils.GameLog:SimpleLog(LogType, IntPtr, Int32)
FunPlus.WorldX.Utils.LuaUtils:LogForLua(Int32, IntPtr, Int32)
XLua.CSObjectWrap.FunPlusWorldXUtilsLuaUtilsWrap:_m_LogForLua_xlua_st_(IntPtr)
XLua.LuaFunction:Action(T1, T2, T3, T4, T5, T6, T7)
FunPlus.WorldX.Manager.LuaManager:CommonUpdate()
FunPlus.WorldX.AppFacade:UpdateAllManager()

[8117.6744][Error]|[lua][error][CustomDict]	IntIntMap init property skipped, key declare maybe deleted	[[init]     ...p4dir\client\LuaScripts\Core\PropertySync\CustomDict.lua:295]
FunPlus.WorldX.Utils.GameLog:SimpleLog(LogType, IntPtr, Int32)
FunPlus.WorldX.Utils.LuaUtils:LogForLua(Int32, IntPtr, Int32)
XLua.CSObjectWrap.FunPlusWorldXUtilsLuaUtilsWrap:_m_LogForLua_xlua_st_(IntPtr)
XLua.LuaFunction:Action(T1, T2, T3, T4, T5, T6, T7)
FunPlus.WorldX.Manager.LuaManager:CommonUpdate()
FunPlus.WorldX.AppFacade:UpdateAllManager()

[8117.6756][Error]|[lua][error][CustomDict]	IntIntMap init property skipped, key declare maybe deleted	[[init]     ...p4dir\client\LuaScripts\Core\PropertySync\CustomDict.lua:295]
FunPlus.WorldX.Utils.GameLog:SimpleLog(LogType, IntPtr, Int32)
FunPlus.WorldX.Utils.LuaUtils:LogForLua(Int32, IntPtr, Int32)
XLua.CSObjectWrap.FunPlusWorldXUtilsLuaUtilsWrap:_m_LogForLua_xlua_st_(IntPtr)
XLua.LuaFunction:Action(T1, T2, T3, T4, T5, T6, T7)
FunPlus.WorldX.Manager.LuaManager:CommonUpdate()
FunPlus.WorldX.AppFacade:UpdateAllManager()

[8117.6766][Error]|[lua][error][CustomDict]	IntIntMap init property skipped, key declare maybe deleted	[[init]     ...p4dir\client\LuaScripts\Core\PropertySync\CustomDict.lua:295]
FunPlus.WorldX.Utils.GameLog:SimpleLog(LogType, IntPtr, Int32)
FunPlus.WorldX.Utils.LuaUtils:LogForLua(Int32, IntPtr, Int32)
XLua.CSObjectWrap.FunPlusWorldXUtilsLuaUtilsWrap:_m_LogForLua_xlua_st_(IntPtr)
XLua.LuaFunction:Action(T1, T2, T3, T4, T5, T6, T7)
FunPlus.WorldX.Manager.LuaManager:CommonUpdate()
FunPlus.WorldX.AppFacade:UpdateAllManager()

Unloading 49610 unused Assets to reduce memory usage. Loaded Objects now: 123115.
Total: 173.570500 ms (FindLiveObjects: 9.463700 ms CreateObjectMapping: 6.249800 ms MarkObjects: 116.560200 ms  DeleteObjects: 41.296500 ms)

[ABDIAG] cached scene paths name='xpt25_mres_exunity_0.uab' count=1
Unloading 1 Unused Serialized files (Serialized files now loaded: 1335)
UnloadTime: 0.386600 ms
Unloading 14 unused Assets to reduce memory usage. Loaded Objects now: 121270.
Total: 137.288000 ms (FindLiveObjects: 6.982900 ms CreateObjectMapping: 3.828600 ms MarkObjects: 126.373000 ms  DeleteObjects: 0.103100 ms)

Couldn't create a Convex Mesh from source mesh "SM_Rock_Cliff_Hilly_05_CM_-894274274" within the maximum polygons limit (256). The partial hull will be used. Consider simplifying your mesh.
[8120.0509][Error]|[lua][error][CustomDict]	IntIntMap init property skipped, key declare maybe deleted	[[init]     ...p4dir\client\LuaScripts\Core\PropertySync\CustomDict.lua:295]
FunPlus.WorldX.Utils.GameLog:SimpleLog(LogType, IntPtr, Int32)
FunPlus.WorldX.Utils.LuaUtils:LogForLua(Int32, IntPtr, Int32)
XLua.CSObjectWrap.FunPlusWorldXUtilsLuaUtilsWrap:_m_LogForLua_xlua_st_(IntPtr)
XLua.LuaFunction:Action(T1, T2, T3, T4, T5, T6, T7)
FunPlus.WorldX.Manager.LuaManager:CommonUpdate()
FunPlus.WorldX.AppFacade:UpdateAllManager()

Couldn't create a Convex Mesh from source mesh "SM_LVARK_Build_Amusementpark_001_CM_1682377295" within the maximum polygons limit (256). The partial hull will be used. Consider simplifying your mesh.
Couldn't create a Convex Mesh from source mesh "SM_Build_ArtBlock_College_002_CM_155463823" within the maximum polygons limit (256). The partial hull will be used. Consider simplifying your mesh.
Couldn't create a Convex Mesh from source mesh "SM_LVARK_Build_PetEgg_001_D_CM_-843935953" within the maximum polygons limit (256). The partial hull will be used. Consider simplifying your mesh.
Couldn't create a Convex Mesh from source mesh "SM_LVARK_Build_Platform_001_D_CM_1356246607" within the maximum polygons limit (256). The partial hull will be used. Consider simplifying your mesh.
Couldn't create a Convex Mesh from source mesh "SM_LVARK_Build_FlowerBorder_001_F_CM_-757913393" within the maximum polygons limit (256). The partial hull will be used. Consider simplifying your mesh.
Couldn't create a Convex Mesh from source mesh "SM_LVARK_Build_FlowerBorder_001_D_CM_-1165547121" within the maximum polygons limit (256). The partial hull will be used. Consider simplifying your mesh.
Couldn't create a Convex Mesh from source mesh "SM_LVARK_Build_Terrace_001_CM_1209274523" within the maximum polygons limit (256). The partial hull will be used. Consider simplifying your mesh.
Couldn't create a Convex Mesh from source mesh "SM_LVARK_Build_FlowerBorder_001_E_CM_1100024687" within the maximum polygons limit (256). The partial hull will be used. Consider simplifying your mesh.
Couldn't create a Convex Mesh from source mesh "SM_LVARK_Build_FlowerBorder_001_G_CM_1117514415" within the maximum polygons limit (256). The partial hull will be used. Consider simplifying your mesh.
Couldn't create a Convex Mesh from source mesh "SM_Item_Props_Stone_Starly_Bowl_0_Collider_Mesh_182627224" within the maximum polygons limit (256). The partial hull will be used. Consider simplifying your mesh.
The referenced script on this Behaviour (Game Object '<null>') is missing!
The referenced script on this Behaviour (Game Object '<null>') is missing!
The referenced script on this Behaviour (Game Object '<null>') is missing!
The referenced script on this Behaviour (Game Object '<null>') is missing!
The referenced script on this Behaviour (Game Object '<null>') is missing!
The referenced script on this Behaviour (Game Object '<null>') is missing!
The referenced script on this Behaviour (Game Object '<null>') is missing!
The referenced script on this Behaviour (Game Object '<null>') is missing!
The referenced script on this Behaviour (Game Object '<null>') is missing!
The referenced script on this Behaviour (Game Object '<null>') is missing!
The referenced script on this Behaviour (Game Object '<null>') is missing!
The referenced script on this Behaviour (Game Object '<null>') is missing!
The referenced script on this Behaviour (Game Object '<null>') is missing!
[8121.2750][Error]|[lua][error][CustomDict]	IntIntMap init property skipped, key declare maybe deleted	[[init]     ...p4dir\client\LuaScripts\Core\PropertySync\CustomDict.lua:295]
FunPlus.WorldX.Utils.GameLog:SimpleLog(LogType, IntPtr, Int32)
FunPlus.WorldX.Utils.LuaUtils:LogForLua(Int32, IntPtr, Int32)
XLua.CSObjectWrap.FunPlusWorldXUtilsLuaUtilsWrap:_m_LogForLua_xlua_st_(IntPtr)
XLua.LuaFunction:Action(T1, T2, T3, T4, T5, T6, T7)
FunPlus.WorldX.Manager.LuaManager:CommonUpdate()
FunPlus.WorldX.AppFacade:UpdateAllManager()

[8121.4707][Error]|[lua][error][CustomDict]	IntIntMap init property skipped, key declare maybe deleted	[[init]     ...p4dir\client\LuaScripts\Core\PropertySync\CustomDict.lua:295]
FunPlus.WorldX.Utils.GameLog:SimpleLog(LogType, IntPtr, Int32)
FunPlus.WorldX.Utils.LuaUtils:LogForLua(Int32, IntPtr, Int32)
XLua.CSObjectWrap.FunPlusWorldXUtilsLuaUtilsWrap:_m_LogForLua_xlua_st_(IntPtr)
XLua.LuaFunction:Action(T1, T2, T3, T4, T5, T6, T7)
FunPlus.WorldX.Manager.LuaManager:CommonUpdate()
FunPlus.WorldX.AppFacade:UpdateAllManager()

[8122.7600][Error]|@sxy 未查询到bindPose矩阵，bone:Bone R Hair Catgirl E 02 的父骨骼：Bone R Hair Catgirl E 01
UnityEngine.Logger:Log(LogType, Object)
UnityEngine.Debug:LogError(Object)
FunPlus.WorldX.Avatar.AvatarUtils:ApplyHairSkeleton(Dictionary`2, RendererInfoBase, Animator, AvatarHairReaction, AvatarHairReactionData)
FunPlus.WorldX.Model.SkeletonView:RefreshHairSkeleton(AvatarHairRuntimeData, Dictionary`2, RendererInfoBase)
FunPlus.WorldX.Model.AvatarPartModel:ProcessRuntimeData(ModelView)
FunPlus.WorldX.Model.AvatarPartModel:ProcessAllModel()
FunPlus.WorldX.Model.PrefabLoadTask:OnAssetLoaded(Object, Object)
FunPlus.WorldX.ResourceManager.Runtime.GoInstanceTask:RunCallBackProtected(Action`2, GameObject, Object)
FunPlus.WorldX.ResourceManager.Runtime.GoInstanceTask:ExcuteInstanceCallback(GameObject)
FunPlus.WorldX.ResourceManager.Runtime.GoInstanceTask:WrapperInstanceCallBack(Object, Object)
FunPlus.WorldX.ResourceManager.Runtime.Task:InstantiateAsyncCallback(AsyncOperation)
UnityEngine.AsyncOperation:InvokeCompletionEvent()

[8122.7603][Error]|@sxy 未查询到bindPose矩阵，bone:Bone L Hair Catgirl E 02 的父骨骼：Bone L Hair Catgirl E 01
UnityEngine.Logger:Log(LogType, Object)
UnityEngine.Debug:LogError(Object)
FunPlus.WorldX.Avatar.AvatarUtils:ApplyHairSkeleton(Dictionary`2, RendererInfoBase, Animator, AvatarHairReaction, AvatarHairReactionData)
FunPlus.WorldX.Model.SkeletonView:RefreshHairSkeleton(AvatarHairRuntimeData, Dictionary`2, RendererInfoBase)
FunPlus.WorldX.Model.AvatarPartModel:ProcessRuntimeData(ModelView)
FunPlus.WorldX.Model.AvatarPartModel:ProcessAllModel()
FunPlus.WorldX.Model.PrefabLoadTask:OnAssetLoaded(Object, Object)
FunPlus.WorldX.ResourceManager.Runtime.GoInstanceTask:RunCallBackProtected(Action`2, GameObject, Object)
FunPlus.WorldX.ResourceManager.Runtime.GoInstanceTask:ExcuteInstanceCallback(GameObject)
FunPlus.WorldX.ResourceManager.Runtime.GoInstanceTask:WrapperInstanceCallBack(Object, Object)
FunPlus.WorldX.ResourceManager.Runtime.Task:InstantiateAsyncCallback(AsyncOperation)
UnityEngine.AsyncOperation:InvokeCompletionEvent()

[8122.7605][Error]|@sxy 未查询到bindPose矩阵，bone:Bone R Hair Catgirl A 02 的父骨骼：Bone R Hair Catgirl A 01
UnityEngine.Logger:Log(LogType, Object)
UnityEngine.Debug:LogError(Object)
FunPlus.WorldX.Avatar.AvatarUtils:ApplyHairSkeleton(Dictionary`2, RendererInfoBase, Animator, AvatarHairReaction, AvatarHairReactionData)
FunPlus.WorldX.Model.SkeletonView:RefreshHairSkeleton(AvatarHairRuntimeData, Dictionary`2, RendererInfoBase)
FunPlus.WorldX.Model.AvatarPartModel:ProcessRuntimeData(ModelView)
FunPlus.WorldX.Model.AvatarPartModel:ProcessAllModel()
FunPlus.WorldX.Model.PrefabLoadTask:OnAssetLoaded(Object, Object)
FunPlus.WorldX.ResourceManager.Runtime.GoInstanceTask:RunCallBackProtected(Action`2, GameObject, Object)
FunPlus.WorldX.ResourceManager.Runtime.GoInstanceTask:ExcuteInstanceCallback(GameObject)
FunPlus.WorldX.ResourceManager.Runtime.GoInstanceTask:WrapperInstanceCallBack(Object, Object)
FunPlus.WorldX.ResourceManager.Runtime.Task:InstantiateAsyncCallback(AsyncOperation)
UnityEngine.AsyncOperation:InvokeCompletionEvent()

Unloading 1 Unused Serialized files (Serialized files now loaded: 1236)
Unloading 476 unused Assets to reduce memory usage. Loaded Objects now: 192907.
Total: 200.370000 ms (FindLiveObjects: 11.082200 ms CreateObjectMapping: 5.830500 ms MarkObjects: 182.922900 ms  DeleteObjects: 0.534000 ms)

Serialization depth limit 10 exceeded at 'FunPlus.WorldX.FlowCanvas::ParamData.subParam'. There may be an object composition cycle in one or more of your serialized classes. Consider rearranging data or use `[SerializeReference]`. 

Serialization hierarchy:
11: FunPlus.WorldX.FlowCanvas::ParamData.subParam
10: FunPlus.WorldX.FlowCanvas::ParamData.subParamTemplate
9: FunPlus.WorldX.FlowCanvas::ParamData.subParamTemplate
8: FunPlus.WorldX.FlowCanvas::ParamData.subParamTemplate
7: FunPlus.WorldX.FlowCanvas::ParamData.subParamTemplate
6: FunPlus.WorldX.FlowCanvas::ParamData.subParamTemplate
5: FunPlus.WorldX.FlowCanvas::ParamData.subParamTemplate
4: FunPlus.WorldX.FlowCanvas::ParamData.subParamTemplate
3: FunPlus.WorldX.FlowCanvas::ParamData.subParamTemplate
2: FunPlus.WorldX.FlowCanvas::ParamData.subParamTemplate
1: FunPlus.WorldX.FlowCanvas::ParamData.subParamTemplate
0: FunPlus.WorldX.Dialogue::DialogueUITrackClip.ParamList
Serialization depth limit 10 exceeded at 'FunPlus.WorldX.FlowCanvas::ParamData.subParam'. There may be an object composition cycle in one or more of your serialized classes. Consider rearranging data or use `[SerializeReference]`. 

Serialization hierarchy:
11: FunPlus.WorldX.FlowCanvas::ParamData.subParam
10: FunPlus.WorldX.FlowCanvas::ParamData.subParamTemplate
9: FunPlus.WorldX.FlowCanvas::ParamData.subParamTemplate
8: FunPlus.WorldX.FlowCanvas::ParamData.subParamTemplate
7: FunPlus.WorldX.FlowCanvas::ParamData.subParamTemplate
6: FunPlus.WorldX.FlowCanvas::ParamData.subParamTemplate
5: FunPlus.WorldX.FlowCanvas::ParamData.subParamTemplate
4: FunPlus.WorldX.FlowCanvas::ParamData.subParamTemplate
3: FunPlus.WorldX.FlowCanvas::ParamData.subParamTemplate
2: FunPlus.WorldX.FlowCanvas::ParamData.subParamTemplate
1: FunPlus.WorldX.FlowCanvas::ParamData.subParamTemplate
0: FunPlus.WorldX.FlowCanvas::ParamData.subParamTemplate
[8124.1745][Error]|[lua][error][CustomDict]	IntIntMap init property skipped, key declare maybe deleted	[[init]     ...p4dir\client\LuaScripts\Core\PropertySync\CustomDict.lua:295]
FunPlus.WorldX.Utils.GameLog:SimpleLog(LogType, IntPtr, Int32)
FunPlus.WorldX.Utils.LuaUtils:LogForLua(Int32, IntPtr, Int32)
XLua.CSObjectWrap.FunPlusWorldXUtilsLuaUtilsWrap:_m_LogForLua_xlua_st_(IntPtr)
XLua.LuaFunction:Action(T1, T2, T3, T4, T5, T6, T7)
FunPlus.WorldX.Manager.LuaManager:CommonUpdate()
FunPlus.WorldX.AppFacade:UpdateAllManager()

[8125.0011][Error]|[AvatarDecal][Mip0Timeout] Source texture did not reach its post-budget mip target; aborting combine instead of baking a lower mip, reason MaxWaitFrames, hashID 7973981, waitedFrames 30, elapsed 0.44s, state=Waiting, texture=T_Avatar_Female_EyeMakeup_F10028_CA, requested=0, desired=0, final=0, loading=0, loaded=3, activeLimit=0
UnityEngine.Logger:Log(LogType, Object)
UnityEngine.Debug:LogError(Object)
XRender.Pipeline.Modules.AvatarDecal.AvatarDecalManager:HasMip0BarrierTimedOut(PendingAvatarDecalCombine, AvatarDecalMip0BarrierState, AvatarDecalMip0LeaseTexture)
XRender.Pipeline.Modules.AvatarDecal.AvatarDecalManager:GenerateRenderRequests()
XRender.Pipeline.XRenderPipeline:Render(ScriptableRenderContext, List`1)
UnityEngine.Rendering.RenderPipelineManager:DoRenderLoop_Internal(RenderPipelineAsset, IntPtr, Object)

[8125.0015][Error]|[AvatarDecal][Mip0Timeout] Source texture did not reach its post-budget mip target; aborting combine instead of baking a lower mip, reason MaxWaitFrames, hashID 1977342126, waitedFrames 30, elapsed 0.44s, state=Waiting, texture=T_Avatar_Female_MouthMakeup_F10002_CA, requested=0, desired=0, final=0, loading=0, loaded=3, activeLimit=0
UnityEngine.Logger:Log(LogType, Object)
UnityEngine.Debug:LogError(Object)
XRender.Pipeline.Modules.AvatarDecal.AvatarDecalManager:HasMip0BarrierTimedOut(PendingAvatarDecalCombine, AvatarDecalMip0BarrierState, AvatarDecalMip0LeaseTexture)
XRender.Pipeline.Modules.AvatarDecal.AvatarDecalManager:GenerateRenderRequests()
XRender.Pipeline.XRenderPipeline:Render(ScriptableRenderContext, List`1)
UnityEngine.Rendering.RenderPipelineManager:DoRenderLoop_Internal(RenderPipelineAsset, IntPtr, Object)

[8125.0016][Error]|[AvatarDecal][Mip0Timeout] Source texture did not reach its post-budget mip target; aborting combine instead of baking a lower mip, reason MaxWaitFrames, hashID -1295988257, waitedFrames 30, elapsed 0.43s, state=Waiting, texture=T_Avatar_Female_MouthMakeup_F10009_CA, requested=0, desired=0, final=0, loading=0, loaded=3, activeLimit=0
UnityEngine.Logger:Log(LogType, Object)
UnityEngine.Debug:LogError(Object)
XRender.Pipeline.Modules.AvatarDecal.AvatarDecalManager:HasMip0BarrierTimedOut(PendingAvatarDecalCombine, AvatarDecalMip0BarrierState, AvatarDecalMip0LeaseTexture)
XRender.Pipeline.Modules.AvatarDecal.AvatarDecalManager:GenerateRenderRequests()
XRender.Pipeline.XRenderPipeline:Render(ScriptableRenderContext, List`1)
UnityEngine.Rendering.RenderPipelineManager:DoRenderLoop_Internal(RenderPipelineAsset, IntPtr, Object)

[8125.0018][Error]|[AvatarDecal][Mip0Timeout] Source texture did not reach its post-budget mip target; aborting combine instead of baking a lower mip, reason MaxWaitFrames, hashID -932592951, waitedFrames 30, elapsed 0.43s, state=Waiting, texture=T_Avatar_Female_EyeMakeup02_F10001_CA, requested=0, desired=0, final=0, loading=0, loaded=3, activeLimit=0
UnityEngine.Logger:Log(LogType, Object)
UnityEngine.Debug:LogError(Object)
XRender.Pipeline.Modules.AvatarDecal.AvatarDecalManager:HasMip0BarrierTimedOut(PendingAvatarDecalCombine, AvatarDecalMip0BarrierState, AvatarDecalMip0LeaseTexture)
XRender.Pipeline.Modules.AvatarDecal.AvatarDecalManager:GenerateRenderRequests()
XRender.Pipeline.XRenderPipeline:Render(ScriptableRenderContext, List`1)
UnityEngine.Rendering.RenderPipelineManager:DoRenderLoop_Internal(RenderPipelineAsset, IntPtr, Object)

[8125.0019][Error]|[AvatarDecal][Mip0Timeout] Source texture did not reach its post-budget mip target; aborting combine instead of baking a lower mip, reason MaxWaitFrames, hashID 1028835673, waitedFrames 30, elapsed 0.43s, state=Waiting, texture=T_Avatar_Female_Decal_F10036_CA, requested=0, desired=0, final=0, loading=0, loaded=3, activeLimit=0
UnityEngine.Logger:Log(LogType, Object)
UnityEngine.Debug:LogError(Object)
XRender.Pipeline.Modules.AvatarDecal.AvatarDecalManager:HasMip0BarrierTimedOut(PendingAvatarDecalCombine, AvatarDecalMip0BarrierState, AvatarDecalMip0LeaseTexture)
XRender.Pipeline.Modules.AvatarDecal.AvatarDecalManager:GenerateRenderRequests()
XRender.Pipeline.XRenderPipeline:Render(ScriptableRenderContext, List`1)
UnityEngine.Rendering.RenderPipelineManager:DoRenderLoop_Internal(RenderPipelineAsset, IntPtr, Object)

[8125.0020][Error]|[AvatarDecal][Mip0Timeout] Source texture did not reach its post-budget mip target; aborting combine instead of baking a lower mip, reason MaxWaitFrames, hashID 1029610607, waitedFrames 30, elapsed 0.43s, state=Waiting, texture=T_Avatar_Female_FaceMakeup_F10004_CA, requested=0, desired=0, final=0, loading=0, loaded=3, activeLimit=0
UnityEngine.Logger:Log(LogType, Object)
UnityEngine.Debug:LogError(Object)
XRender.Pipeline.Modules.AvatarDecal.AvatarDecalManager:HasMip0BarrierTimedOut(PendingAvatarDecalCombine, AvatarDecalMip0BarrierState, AvatarDecalMip0LeaseTexture)
XRender.Pipeline.Modules.AvatarDecal.AvatarDecalManager:GenerateRenderRequests()
XRender.Pipeline.XRenderPipeline:Render(ScriptableRenderContext, List`1)
UnityEngine.Rendering.RenderPipelineManager:DoRenderLoop_Internal(RenderPipelineAsset, IntPtr, Object)

[8125.0022][Error]|[AvatarDecal][Mip0Timeout] Source texture did not reach its post-budget mip target; aborting combine instead of baking a lower mip, reason MaxWaitFrames, hashID -1194715036, waitedFrames 30, elapsed 0.43s, state=Waiting, texture=T_Avatar_Female_Decal_F10036_CA, requested=0, desired=0, final=0, loading=0, loaded=3, activeLimit=0
UnityEngine.Logger:Log(LogType, Object)
UnityEngine.Debug:LogError(Object)
XRender.Pipeline.Modules.AvatarDecal.AvatarDecalManager:HasMip0BarrierTimedOut(PendingAvatarDecalCombine, AvatarDecalMip0BarrierState, AvatarDecalMip0LeaseTexture)
XRender.Pipeline.Modules.AvatarDecal.AvatarDecalManager:GenerateRenderRequests()
XRender.Pipeline.XRenderPipeline:Render(ScriptableRenderContext, List`1)
UnityEngine.Rendering.RenderPipelineManager:DoRenderLoop_Internal(RenderPipelineAsset, IntPtr, Object)

[8125.0023][Error]|[AvatarDecal][Mip0Timeout] Source texture did not reach its post-budget mip target; aborting combine instead of baking a lower mip, reason MaxWaitFrames, hashID -974548891, waitedFrames 30, elapsed 0.43s, state=Waiting, texture=T_Avatar_Female_MouthMakeup_F10002_CA, requested=0, desired=0, final=0, loading=0, loaded=3, activeLimit=0
UnityEngine.Logger:Log(LogType, Object)
UnityEngine.Debug:LogError(Object)
XRender.Pipeline.Modules.AvatarDecal.AvatarDecalManager:HasMip0BarrierTimedOut(PendingAvatarDecalCombine, AvatarDecalMip0BarrierState, AvatarDecalMip0LeaseTexture)
XRender.Pipeline.Modules.AvatarDecal.AvatarDecalManager:GenerateRenderRequests()
XRender.Pipeline.XRenderPipeline:Render(ScriptableRenderContext, List`1)
UnityEngine.Rendering.RenderPipelineManager:DoRenderLoop_Internal(RenderPipelineAsset, IntPtr, Object)

[8125.0035][Error]|[AvatarDecal][Mip0Timeout] Source texture did not reach its post-budget mip target; aborting combine instead of baking a lower mip, reason MaxWaitFrames, hashID 149136486, waitedFrames 30, elapsed 0.42s, state=Waiting, texture=T_Avatar_Female_Decal_F10043_CA, requested=0, desired=0, final=0, loading=0, loaded=3, activeLimit=0
UnityEngine.Logger:Log(LogType, Object)
UnityEngine.Debug:LogError(Object)
XRender.Pipeline.Modules.AvatarDecal.AvatarDecalManager:HasMip0BarrierTimedOut(PendingAvatarDecalCombine, AvatarDecalMip0BarrierState, AvatarDecalMip0LeaseTexture)
XRender.Pipeline.Modules.AvatarDecal.AvatarDecalManager:GenerateRenderRequests()
XRender.Pipeline.XRenderPipeline:Render(ScriptableRenderContext, List`1)
UnityEngine.Rendering.RenderPipelineManager:DoRenderLoop_Internal(RenderPipelineAsset, IntPtr, Object)

[8125.0037][Error]|[AvatarDecal][Mip0Timeout] Source texture did not reach its post-budget mip target; aborting combine instead of baking a lower mip, reason MaxWaitFrames, hashID 975908419, waitedFrames 30, elapsed 0.42s, state=Waiting, texture=T_Avatar_Female_FaceMakeup_F10013_CA, requested=0, desired=0, final=0, loading=0, loaded=3, activeLimit=0
UnityEngine.Logger:Log(LogType, Object)
UnityEngine.Debug:LogError(Object)
XRender.Pipeline.Modules.AvatarDecal.AvatarDecalManager:HasMip0BarrierTimedOut(PendingAvatarDecalCombine, AvatarDecalMip0BarrierState, AvatarDecalMip0LeaseTexture)
XRender.Pipeline.Modules.AvatarDecal.AvatarDecalManager:GenerateRenderRequests()
XRender.Pipeline.XRenderPipeline:Render(ScriptableRenderContext, List`1)
UnityEngine.Rendering.RenderPipelineManager:DoRenderLoop_Internal(RenderPipelineAsset, IntPtr, Object)

[8125.0038][Error]|[AvatarDecal][Mip0Timeout] Source texture did not reach its post-budget mip target; aborting combine instead of baking a lower mip, reason MaxWaitFrames, hashID -1356855507, waitedFrames 30, elapsed 0.42s, state=Waiting, texture=T_Avatar_Female_EyeMakeup_F10039_CA, requested=0, desired=0, final=0, loading=0, loaded=3, activeLimit=0
UnityEngine.Logger:Log(LogType, Object)
UnityEngine.Debug:LogError(Object)
XRender.Pipeline.Modules.AvatarDecal.AvatarDecalManager:HasMip0BarrierTimedOut(PendingAvatarDecalCombine, AvatarDecalMip0BarrierState, AvatarDecalMip0LeaseTexture)
XRender.Pipeline.Modules.AvatarDecal.AvatarDecalManager:GenerateRenderRequests()
XRender.Pipeline.XRenderPipeline:Render(ScriptableRenderContext, List`1)
UnityEngine.Rendering.RenderPipelineManager:DoRenderLoop_Internal(RenderPipelineAsset, IntPtr, Object)

[8125.0039][Error]|[AvatarDecal][Mip0Timeout] Source texture did not reach its post-budget mip target; aborting combine instead of baking a lower mip, reason MaxWaitFrames, hashID 975908199, waitedFrames 30, elapsed 0.42s, state=Waiting, texture=T_Avatar_Female_Decal_F10022_CA, requested=0, desired=0, final=0, loading=0, loaded=3, activeLimit=0
UnityEngine.Logger:Log(LogType, Object)
UnityEngine.Debug:LogError(Object)
XRender.Pipeline.Modules.AvatarDecal.AvatarDecalManager:HasMip0BarrierTimedOut(PendingAvatarDecalCombine, AvatarDecalMip0BarrierState, AvatarDecalMip0LeaseTexture)
XRender.Pipeline.Modules.AvatarDecal.AvatarDecalManager:GenerateRenderRequests()
XRender.Pipeline.XRenderPipeline:Render(ScriptableRenderContext, List`1)
UnityEngine.Rendering.RenderPipelineManager:DoRenderLoop_Internal(RenderPipelineAsset, IntPtr, Object)

[8125.0041][Error]|[AvatarDecal][Mip0Timeout] Source texture did not reach its post-budget mip target; aborting combine instead of baking a lower mip, reason MaxWaitFrames, hashID 1814426694, waitedFrames 30, elapsed 0.42s, state=Waiting, texture=T_Avatar_Female_MouthMakeup_F10008_CA, requested=0, desired=0, final=0, loading=0, loaded=3, activeLimit=0
UnityEngine.Logger:Log(LogType, Object)
UnityEngine.Debug:LogError(Object)
XRender.Pipeline.Modules.AvatarDecal.AvatarDecalManager:HasMip0BarrierTimedOut(PendingAvatarDecalCombine, AvatarDecalMip0BarrierState, AvatarDecalMip0LeaseTexture)
XRender.Pipeline.Modules.AvatarDecal.AvatarDecalManager:GenerateRenderRequests()
XRender.Pipeline.XRenderPipeline:Render(ScriptableRenderContext, List`1)
UnityEngine.Rendering.RenderPipelineManager:DoRenderLoop_Internal(RenderPipelineAsset, IntPtr, Object)

[8125.0042][Error]|[AvatarDecal][Mip0Timeout] Source texture did not reach its post-budget mip target; aborting combine instead of baking a lower mip, reason MaxWaitFrames, hashID 1393006034, waitedFrames 30, elapsed 0.41s, state=Waiting, texture=T_Avatar_Female_EyeMakeup_F10022_CA, requested=0, desired=0, final=0, loading=0, loaded=3, activeLimit=0
UnityEngine.Logger:Log(LogType, Object)
UnityEngine.Debug:LogError(Object)
XRender.Pipeline.Modules.AvatarDecal.AvatarDecalManager:HasMip0BarrierTimedOut(PendingAvatarDecalCombine, AvatarDecalMip0BarrierState, AvatarDecalMip0LeaseTexture)
XRender.Pipeline.Modules.AvatarDecal.AvatarDecalManager:GenerateRenderRequests()
XRender.Pipeline.XRenderPipeline:Render(ScriptableRenderContext, List`1)
UnityEngine.Rendering.RenderPipelineManager:DoRenderLoop_Internal(RenderPipelineAsset, IntPtr, Object)

[8125.0043][Error]|[AvatarDecal][Mip0Timeout] Source texture did not reach its post-budget mip target; aborting combine instead of baking a lower mip, reason MaxWaitFrames, hashID 1594261001, waitedFrames 30, elapsed 0.41s, state=Waiting, texture=T_Avatar_Female_EyeMakeup_F10015_CA, requested=0, desired=0, final=0, loading=0, loaded=3, activeLimit=0
UnityEngine.Logger:Log(LogType, Object)
UnityEngine.Debug:LogError(Object)
XRender.Pipeline.Modules.AvatarDecal.AvatarDecalManager:HasMip0BarrierTimedOut(PendingAvatarDecalCombine, AvatarDecalMip0BarrierState, AvatarDecalMip0LeaseTexture)
XRender.Pipeline.Modules.AvatarDecal.AvatarDecalManager:GenerateRenderRequests()
XRender.Pipeline.XRenderPipeline:Render(ScriptableRenderContext, List`1)
UnityEngine.Rendering.RenderPipelineManager:DoRenderLoop_Internal(RenderPipelineAsset, IntPtr, Object)

[8126.5583][Error]|[lua][error][CustomDict]	IntIntMap init property skipped, key declare maybe deleted	[[init]     ...p4dir\client\LuaScripts\Core\PropertySync\CustomDict.lua:295]
FunPlus.WorldX.Utils.GameLog:SimpleLog(LogType, IntPtr, Int32)
FunPlus.WorldX.Utils.LuaUtils:LogForLua(Int32, IntPtr, Int32)
XLua.CSObjectWrap.FunPlusWorldXUtilsLuaUtilsWrap:_m_LogForLua_xlua_st_(IntPtr)
XLua.LuaFunction:Action(T1, T2, T3, T4, T5, T6, T7)
FunPlus.WorldX.Manager.LuaManager:CommonUpdate()
FunPlus.WorldX.AppFacade:UpdateAllManager()

Couldn't create a Convex Mesh from source mesh "SM_LVARK_Props_JointPlatform_001_CM_436917011" within the maximum polygons limit (256). The partial hull will be used. Consider simplifying your mesh.
[8127.0989][Error]|[lua][error][CustomDict]	IntIntMap init property skipped, key declare maybe deleted	[[init]     ...p4dir\client\LuaScripts\Core\PropertySync\CustomDict.lua:295]
FunPlus.WorldX.Utils.GameLog:SimpleLog(LogType, IntPtr, Int32)
FunPlus.WorldX.Utils.LuaUtils:LogForLua(Int32, IntPtr, Int32)
XLua.CSObjectWrap.FunPlusWorldXUtilsLuaUtilsWrap:_m_LogForLua_xlua_st_(IntPtr)
XLua.LuaFunction:Action(T1, T2, T3, T4, T5, T6, T7)
FunPlus.WorldX.Manager.LuaManager:CommonUpdate()
FunPlus.WorldX.AppFacade:UpdateAllManager()

[8130.6107][Error]|[lua][error][CustomDict]	IntIntMap init property skipped, key declare maybe deleted	[[init]     ...p4dir\client\LuaScripts\Core\PropertySync\CustomDict.lua:295]
FunPlus.WorldX.Utils.GameLog:SimpleLog(LogType, IntPtr, Int32)
FunPlus.WorldX.Utils.LuaUtils:LogForLua(Int32, IntPtr, Int32)
XLua.CSObjectWrap.FunPlusWorldXUtilsLuaUtilsWrap:_m_LogForLua_xlua_st_(IntPtr)
XLua.LuaFunction:Action(T1, T2, T3, T4, T5, T6, T7)
FunPlus.WorldX.Manager.LuaManager:CommonUpdate()
FunPlus.WorldX.AppFacade:UpdateAllManager()

[8139.8958][Error]|[lua][error][CustomDict]	IntIntMap init property skipped, key declare maybe deleted	[[init]     ...p4dir\client\LuaScripts\Core\PropertySync\CustomDict.lua:295]
FunPlus.WorldX.Utils.GameLog:SimpleLog(LogType, IntPtr, Int32)
FunPlus.WorldX.Utils.LuaUtils:LogForLua(Int32, IntPtr, Int32)
XLua.CSObjectWrap.FunPlusWorldXUtilsLuaUtilsWrap:_m_LogForLua_xlua_st_(IntPtr)
XLua.LuaFunction:Action(T1, T2, T3, T4, T5, T6, T7)
FunPlus.WorldX.Manager.LuaManager:CommonUpdate()
FunPlus.WorldX.AppFacade:UpdateAllManager()

[8140.4159][Error]|[lua][error][CustomDict]	IntIntMap init property skipped, key declare maybe deleted	[[init]     ...p4dir\client\LuaScripts\Core\PropertySync\CustomDict.lua:295]
FunPlus.WorldX.Utils.GameLog:SimpleLog(LogType, IntPtr, Int32)
FunPlus.WorldX.Utils.LuaUtils:LogForLua(Int32, IntPtr, Int32)
XLua.CSObjectWrap.FunPlusWorldXUtilsLuaUtilsWrap:_m_LogForLua_xlua_st_(IntPtr)
XLua.LuaFunction:Action(T1, T2, T3, T4, T5, T6, T7)
FunPlus.WorldX.Manager.LuaManager:CommonUpdate()
FunPlus.WorldX.AppFacade:UpdateAllManager()

[8140.4269][Error]|[lua][error][CustomDict]	IntIntMap init property skipped, key declare maybe deleted	[[init]     ...p4dir\client\LuaScripts\Core\PropertySync\CustomDict.lua:295]
FunPlus.WorldX.Utils.GameLog:SimpleLog(LogType, IntPtr, Int32)
FunPlus.WorldX.Utils.LuaUtils:LogForLua(Int32, IntPtr, Int32)
XLua.CSObjectWrap.FunPlusWorldXUtilsLuaUtilsWrap:_m_LogForLua_xlua_st_(IntPtr)
XLua.LuaFunction:Action(T1, T2, T3, T4, T5, T6, T7)
FunPlus.WorldX.Manager.LuaManager:CommonUpdate()
FunPlus.WorldX.AppFacade:UpdateAllManager()

[8143.4931][Error]|[lua][error][CustomDict]	IntIntMap init property skipped, key declare maybe deleted	[[init]     ...p4dir\client\LuaScripts\Core\PropertySync\CustomDict.lua:295]
FunPlus.WorldX.Utils.GameLog:SimpleLog(LogType, IntPtr, Int32)
FunPlus.WorldX.Utils.LuaUtils:LogForLua(Int32, IntPtr, Int32)
XLua.CSObjectWrap.FunPlusWorldXUtilsLuaUtilsWrap:_m_LogForLua_xlua_st_(IntPtr)
XLua.LuaFunction:Action(T1, T2, T3, T4, T5, T6, T7)
FunPlus.WorldX.Manager.LuaManager:CommonUpdate()
FunPlus.WorldX.AppFacade:UpdateAllManager()

[8147.4186][Error]|[lua][error][CustomDict]	IntIntMap init property skipped, key declare maybe deleted	[[init]     ...p4dir\client\LuaScripts\Core\PropertySync\CustomDict.lua:295]
FunPlus.WorldX.Utils.GameLog:SimpleLog(LogType, IntPtr, Int32)
FunPlus.WorldX.Utils.LuaUtils:LogForLua(Int32, IntPtr, Int32)
XLua.CSObjectWrap.FunPlusWorldXUtilsLuaUtilsWrap:_m_LogForLua_xlua_st_(IntPtr)
XLua.LuaFunction:Action(T1, T2, T3, T4, T5, T6, T7)
FunPlus.WorldX.Manager.LuaManager:CommonUpdate()
FunPlus.WorldX.AppFacade:UpdateAllManager()

[8151.0456][Error]|[lua][error][CustomDict]	IntIntMap init property skipped, key declare maybe deleted	[[init]     ...p4dir\client\LuaScripts\Core\PropertySync\CustomDict.lua:295]
FunPlus.WorldX.Utils.GameLog:SimpleLog(LogType, IntPtr, Int32)
FunPlus.WorldX.Utils.LuaUtils:LogForLua(Int32, IntPtr, Int32)
XLua.CSObjectWrap.FunPlusWorldXUtilsLuaUtilsWrap:_m_LogForLua_xlua_st_(IntPtr)
XLua.LuaFunction:Action(T1, T2, T3, T4, T5, T6, T7)
FunPlus.WorldX.Manager.LuaManager:CommonUpdate()
FunPlus.WorldX.AppFacade:UpdateAllManager()

[8151.4152][Error]|[lua][error][CustomDict]	IntIntMap init property skipped, key declare maybe deleted	[[init]     ...p4dir\client\LuaScripts\Core\PropertySync\CustomDict.lua:295]
FunPlus.WorldX.Utils.GameLog:SimpleLog(LogType, IntPtr, Int32)
FunPlus.WorldX.Utils.LuaUtils:LogForLua(Int32, IntPtr, Int32)
XLua.CSObjectWrap.FunPlusWorldXUtilsLuaUtilsWrap:_m_LogForLua_xlua_st_(IntPtr)
XLua.LuaFunction:Action(T1, T2, T3, T4, T5, T6, T7)
FunPlus.WorldX.Manager.LuaManager:CommonUpdate()
FunPlus.WorldX.AppFacade:UpdateAllManager()

[8151.5336][Error]|[lua][error][CustomDict]	IntIntMap init property skipped, key declare maybe deleted	[[init]     ...p4dir\client\LuaScripts\Core\PropertySync\CustomDict.lua:295]
FunPlus.WorldX.Utils.GameLog:SimpleLog(LogType, IntPtr, Int32)
FunPlus.WorldX.Utils.LuaUtils:LogForLua(Int32, IntPtr, Int32)
XLua.CSObjectWrap.FunPlusWorldXUtilsLuaUtilsWrap:_m_LogForLua_xlua_st_(IntPtr)
XLua.LuaFunction:Action(T1, T2, T3, T4, T5, T6, T7)
FunPlus.WorldX.Manager.LuaManager:CommonUpdate()
FunPlus.WorldX.AppFacade:UpdateAllManager()

[8151.7645][Error]|[lua][error][CustomDict]	IntIntMap init property skipped, key declare maybe deleted	[[init]     ...p4dir\client\LuaScripts\Core\PropertySync\CustomDict.lua:295]
FunPlus.WorldX.Utils.GameLog:SimpleLog(LogType, IntPtr, Int32)
FunPlus.WorldX.Utils.LuaUtils:LogForLua(Int32, IntPtr, Int32)
XLua.CSObjectWrap.FunPlusWorldXUtilsLuaUtilsWrap:_m_LogForLua_xlua_st_(IntPtr)
XLua.LuaFunction:Action(T1, T2, T3, T4, T5, T6, T7)
FunPlus.WorldX.Manager.LuaManager:CommonUpdate()
FunPlus.WorldX.AppFacade:UpdateAllManager()

[8152.0868][Error]|[lua][error][CustomDict]	IntIntMap init property skipped, key declare maybe deleted	[[init]     ...p4dir\client\LuaScripts\Core\PropertySync\CustomDict.lua:295]
FunPlus.WorldX.Utils.GameLog:SimpleLog(LogType, IntPtr, Int32)
FunPlus.WorldX.Utils.LuaUtils:LogForLua(Int32, IntPtr, Int32)
XLua.CSObjectWrap.FunPlusWorldXUtilsLuaUtilsWrap:_m_LogForLua_xlua_st_(IntPtr)
XLua.LuaFunction:Action(T1, T2, T3, T4, T5, T6, T7)
FunPlus.WorldX.Manager.LuaManager:CommonUpdate()
FunPlus.WorldX.AppFacade:UpdateAllManager()

[8153.2596][Error]|[lua][error][CustomDict]	IntIntMap init property skipped, key declare maybe deleted	[[init]     ...p4dir\client\LuaScripts\Core\PropertySync\CustomDict.lua:295]
FunPlus.WorldX.Utils.GameLog:SimpleLog(LogType, IntPtr, Int32)
FunPlus.WorldX.Utils.LuaUtils:LogForLua(Int32, IntPtr, Int32)
XLua.CSObjectWrap.FunPlusWorldXUtilsLuaUtilsWrap:_m_LogForLua_xlua_st_(IntPtr)
XLua.LuaFunction:Action(T1, T2, T3, T4, T5, T6, T7)
FunPlus.WorldX.Manager.LuaManager:CommonUpdate()
FunPlus.WorldX.AppFacade:UpdateAllManager()

[8153.5285][Error]|[lua][error][CustomDict]	IntIntMap init property skipped, key declare maybe deleted	[[init]     ...p4dir\client\LuaScripts\Core\PropertySync\CustomDict.lua:295]
FunPlus.WorldX.Utils.GameLog:SimpleLog(LogType, IntPtr, Int32)
FunPlus.WorldX.Utils.LuaUtils:LogForLua(Int32, IntPtr, Int32)
XLua.CSObjectWrap.FunPlusWorldXUtilsLuaUtilsWrap:_m_LogForLua_xlua_st_(IntPtr)
XLua.LuaFunction:Action(T1, T2, T3, T4, T5, T6, T7)
FunPlus.WorldX.Manager.LuaManager:CommonUpdate()
FunPlus.WorldX.AppFacade:UpdateAllManager()

[8155.4729][Error]|[lua][error][CustomDict]	IntIntMap init property skipped, key declare maybe deleted	[[init]     ...p4dir\client\LuaScripts\Core\PropertySync\CustomDict.lua:295]
FunPlus.WorldX.Utils.GameLog:SimpleLog(LogType, IntPtr, Int32)
FunPlus.WorldX.Utils.LuaUtils:LogForLua(Int32, IntPtr, Int32)
XLua.CSObjectWrap.FunPlusWorldXUtilsLuaUtilsWrap:_m_LogForLua_xlua_st_(IntPtr)
XLua.LuaFunction:Action(T1, T2, T3, T4, T5, T6, T7)
FunPlus.WorldX.Manager.LuaManager:CommonUpdate()
FunPlus.WorldX.AppFacade:UpdateAllManager()

[8155.7941][Error]|[lua][error][CustomDict]	IntIntMap init property skipped, key declare maybe deleted	[[init]     ...p4dir\client\LuaScripts\Core\PropertySync\CustomDict.lua:295]
FunPlus.WorldX.Utils.GameLog:SimpleLog(LogType, IntPtr, Int32)
FunPlus.WorldX.Utils.LuaUtils:LogForLua(Int32, IntPtr, Int32)
XLua.CSObjectWrap.FunPlusWorldXUtilsLuaUtilsWrap:_m_LogForLua_xlua_st_(IntPtr)
XLua.LuaFunction:Action(T1, T2, T3, T4, T5, T6, T7)
FunPlus.WorldX.Manager.LuaManager:CommonUpdate()
FunPlus.WorldX.AppFacade:UpdateAllManager()

[8156.0036][Error]|[lua][error][CustomDict]	IntIntMap init property skipped, key declare maybe deleted	[[init]     ...p4dir\client\LuaScripts\Core\PropertySync\CustomDict.lua:295]
FunPlus.WorldX.Utils.GameLog:SimpleLog(LogType, IntPtr, Int32)
FunPlus.WorldX.Utils.LuaUtils:LogForLua(Int32, IntPtr, Int32)
XLua.CSObjectWrap.FunPlusWorldXUtilsLuaUtilsWrap:_m_LogForLua_xlua_st_(IntPtr)
XLua.LuaFunction:Action(T1, T2, T3, T4, T5, T6, T7)
FunPlus.WorldX.Manager.LuaManager:CommonUpdate()
FunPlus.WorldX.AppFacade:UpdateAllManager()

[8158.8008][Error]|[lua][error][CustomDict]	IntIntMap init property skipped, key declare maybe deleted	[[init]     ...p4dir\client\LuaScripts\Core\PropertySync\CustomDict.lua:295]
FunPlus.WorldX.Utils.GameLog:SimpleLog(LogType, IntPtr, Int32)
FunPlus.WorldX.Utils.LuaUtils:LogForLua(Int32, IntPtr, Int32)
XLua.CSObjectWrap.FunPlusWorldXUtilsLuaUtilsWrap:_m_LogForLua_xlua_st_(IntPtr)
XLua.LuaFunction:Action(T1, T2, T3, T4, T5, T6, T7)
FunPlus.WorldX.Manager.LuaManager:CommonUpdate()
FunPlus.WorldX.AppFacade:UpdateAllManager()

[8160.4004][Error]|[lua][error][CustomDict]	IntIntMap init property skipped, key declare maybe deleted	[[init]     ...p4dir\client\LuaScripts\Core\PropertySync\CustomDict.lua:295]
FunPlus.WorldX.Utils.GameLog:SimpleLog(LogType, IntPtr, Int32)
FunPlus.WorldX.Utils.LuaUtils:LogForLua(Int32, IntPtr, Int32)
XLua.CSObjectWrap.FunPlusWorldXUtilsLuaUtilsWrap:_m_LogForLua_xlua_st_(IntPtr)
XLua.LuaFunction:Action(T1, T2, T3, T4, T5, T6, T7)
FunPlus.WorldX.Manager.LuaManager:CommonUpdate()
FunPlus.WorldX.AppFacade:UpdateAllManager()

[8161.4189][Error]|[lua][error][CustomDict]	IntIntMap init property skipped, key declare maybe deleted	[[init]     ...p4dir\client\LuaScripts\Core\PropertySync\CustomDict.lua:295]
FunPlus.WorldX.Utils.GameLog:SimpleLog(LogType, IntPtr, Int32)
FunPlus.WorldX.Utils.LuaUtils:LogForLua(Int32, IntPtr, Int32)
XLua.CSObjectWrap.FunPlusWorldXUtilsLuaUtilsWrap:_m_LogForLua_xlua_st_(IntPtr)
XLua.LuaFunction:Action(T1, T2, T3, T4, T5, T6, T7)
FunPlus.WorldX.Manager.LuaManager:CommonUpdate()
FunPlus.WorldX.AppFacade:UpdateAllManager()

[8162.3820][Error]|[lua][error][CustomDict]	IntIntMap init property skipped, key declare maybe deleted	[[init]     ...p4dir\client\LuaScripts\Core\PropertySync\CustomDict.lua:295]
FunPlus.WorldX.Utils.GameLog:SimpleLog(LogType, IntPtr, Int32)
FunPlus.WorldX.Utils.LuaUtils:LogForLua(Int32, IntPtr, Int32)
XLua.CSObjectWrap.FunPlusWorldXUtilsLuaUtilsWrap:_m_LogForLua_xlua_st_(IntPtr)
XLua.LuaFunction:Action(T1, T2, T3, T4, T5, T6, T7)
FunPlus.WorldX.Manager.LuaManager:CommonUpdate()
FunPlus.WorldX.AppFacade:UpdateAllManager()

[8162.5697][Error]|@sxy 未查询到bindPose矩阵，bone:Bone R Hair Catgirl E 02 的父骨骼：Bone R Hair Catgirl E 01
UnityEngine.Logger:Log(LogType, Object)
UnityEngine.Debug:LogError(Object)
FunPlus.WorldX.Avatar.AvatarUtils:ApplyHairSkeleton(Dictionary`2, RendererInfoBase, Animator, AvatarHairReaction, AvatarHairReactionData)
FunPlus.WorldX.Model.SkeletonView:RefreshHairSkeleton(AvatarHairRuntimeData, Dictionary`2, RendererInfoBase)
FunPlus.WorldX.Model.AvatarPartModel:ProcessRuntimeData(ModelView)
FunPlus.WorldX.Model.AvatarPartModel:ProcessAllModel()
FunPlus.WorldX.Model.PrefabLoadTask:OnAssetLoaded(Object, Object)
FunPlus.WorldX.ResourceManager.Runtime.GoInstanceTask:RunCallBackProtected(Action`2, GameObject, Object)
FunPlus.WorldX.ResourceManager.Runtime.GoInstanceTask:ExcuteInstanceCallback(GameObject)
FunPlus.WorldX.ResourceManager.Runtime.GoInstanceTask:WrapperInstanceCallBack(Object, Object)
FunPlus.WorldX.ResourceManager.Runtime.Task:InstantiateAsyncCallback(AsyncOperation)
UnityEngine.AsyncOperation:InvokeCompletionEvent()

[8162.5700][Error]|@sxy 未查询到bindPose矩阵，bone:Bone L Hair Catgirl E 02 的父骨骼：Bone L Hair Catgirl E 01
UnityEngine.Logger:Log(LogType, Object)
UnityEngine.Debug:LogError(Object)
FunPlus.WorldX.Avatar.AvatarUtils:ApplyHairSkeleton(Dictionary`2, RendererInfoBase, Animator, AvatarHairReaction, AvatarHairReactionData)
FunPlus.WorldX.Model.SkeletonView:RefreshHairSkeleton(AvatarHairRuntimeData, Dictionary`2, RendererInfoBase)
FunPlus.WorldX.Model.AvatarPartModel:ProcessRuntimeData(ModelView)
FunPlus.WorldX.Model.AvatarPartModel:ProcessAllModel()
FunPlus.WorldX.Model.PrefabLoadTask:OnAssetLoaded(Object, Object)
FunPlus.WorldX.ResourceManager.Runtime.GoInstanceTask:RunCallBackProtected(Action`2, GameObject, Object)
FunPlus.WorldX.ResourceManager.Runtime.GoInstanceTask:ExcuteInstanceCallback(GameObject)
FunPlus.WorldX.ResourceManager.Runtime.GoInstanceTask:WrapperInstanceCallBack(Object, Object)
FunPlus.WorldX.ResourceManager.Runtime.Task:InstantiateAsyncCallback(AsyncOperation)
UnityEngine.AsyncOperation:InvokeCompletionEvent()

[8162.5702][Error]|@sxy 未查询到bindPose矩阵，bone:Bone R Hair Catgirl A 02 的父骨骼：Bone R Hair Catgirl A 01
UnityEngine.Logger:Log(LogType, Object)
UnityEngine.Debug:LogError(Object)
FunPlus.WorldX.Avatar.AvatarUtils:ApplyHairSkeleton(Dictionary`2, RendererInfoBase, Animator, AvatarHairReaction, AvatarHairReactionData)
FunPlus.WorldX.Model.SkeletonView:RefreshHairSkeleton(AvatarHairRuntimeData, Dictionary`2, RendererInfoBase)
FunPlus.WorldX.Model.AvatarPartModel:ProcessRuntimeData(ModelView)
FunPlus.WorldX.Model.AvatarPartModel:ProcessAllModel()
FunPlus.WorldX.Model.PrefabLoadTask:OnAssetLoaded(Object, Object)
FunPlus.WorldX.ResourceManager.Runtime.GoInstanceTask:RunCallBackProtected(Action`2, GameObject, Object)
FunPlus.WorldX.ResourceManager.Runtime.GoInstanceTask:ExcuteInstanceCallback(GameObject)
FunPlus.WorldX.ResourceManager.Runtime.GoInstanceTask:WrapperInstanceCallBack(Object, Object)
FunPlus.WorldX.ResourceManager.Runtime.Task:InstantiateAsyncCallback(AsyncOperation)
UnityEngine.AsyncOperation:InvokeCompletionEvent()

[8169.0554][Error]|[lua][error][CustomDict]	IntIntMap init property skipped, key declare maybe deleted	[[init]     ...p4dir\client\LuaScripts\Core\PropertySync\CustomDict.lua:295]
FunPlus.WorldX.Utils.GameLog:SimpleLog(LogType, IntPtr, Int32)
FunPlus.WorldX.Utils.LuaUtils:LogForLua(Int32, IntPtr, Int32)
XLua.CSObjectWrap.FunPlusWorldXUtilsLuaUtilsWrap:_m_LogForLua_xlua_st_(IntPtr)
XLua.LuaFunction:Action(T1, T2, T3, T4, T5, T6, T7)
FunPlus.WorldX.Manager.LuaManager:CommonUpdate()
FunPlus.WorldX.AppFacade:UpdateAllManager()

[8171.9411][Error]|[lua][error][CustomDict]	IntIntMap init property skipped, key declare maybe deleted	[[init]     ...p4dir\client\LuaScripts\Core\PropertySync\CustomDict.lua:295]
FunPlus.WorldX.Utils.GameLog:SimpleLog(LogType, IntPtr, Int32)
FunPlus.WorldX.Utils.LuaUtils:LogForLua(Int32, IntPtr, Int32)
XLua.CSObjectWrap.FunPlusWorldXUtilsLuaUtilsWrap:_m_LogForLua_xlua_st_(IntPtr)
XLua.LuaFunction:Action(T1, T2, T3, T4, T5, T6, T7)
FunPlus.WorldX.Manager.LuaManager:CommonUpdate()
FunPlus.WorldX.AppFacade:UpdateAllManager()

[8174.0888][Error]|[lua][error][CustomDict]	IntIntMap init property skipped, key declare maybe deleted	[[init]     ...p4dir\client\LuaScripts\Core\PropertySync\CustomDict.lua:295]
FunPlus.WorldX.Utils.GameLog:SimpleLog(LogType, IntPtr, Int32)
FunPlus.WorldX.Utils.LuaUtils:LogForLua(Int32, IntPtr, Int32)
XLua.CSObjectWrap.FunPlusWorldXUtilsLuaUtilsWrap:_m_LogForLua_xlua_st_(IntPtr)
XLua.LuaFunction:Action(T1, T2, T3, T4, T5, T6, T7)
FunPlus.WorldX.Manager.LuaManager:CommonUpdate()
FunPlus.WorldX.AppFacade:UpdateAllManager()

[8184.2922][Error]|[lua][error][CustomDict]	IntIntMap init property skipped, key declare maybe deleted	[[init]     ...p4dir\client\LuaScripts\Core\PropertySync\CustomDict.lua:295]
FunPlus.WorldX.Utils.GameLog:SimpleLog(LogType, IntPtr, Int32)
FunPlus.WorldX.Utils.LuaUtils:LogForLua(Int32, IntPtr, Int32)
XLua.CSObjectWrap.FunPlusWorldXUtilsLuaUtilsWrap:_m_LogForLua_xlua_st_(IntPtr)
XLua.LuaFunction:Action(T1, T2, T3, T4, T5, T6, T7)
FunPlus.WorldX.Manager.LuaManager:CommonUpdate()
FunPlus.WorldX.AppFacade:UpdateAllManager()

[8189.4397][Error]|[lua][error][CustomDict]	IntIntMap init property skipped, key declare maybe deleted	[[init]     ...p4dir\client\LuaScripts\Core\PropertySync\CustomDict.lua:295]
FunPlus.WorldX.Utils.GameLog:SimpleLog(LogType, IntPtr, Int32)
FunPlus.WorldX.Utils.LuaUtils:LogForLua(Int32, IntPtr, Int32)
XLua.CSObjectWrap.FunPlusWorldXUtilsLuaUtilsWrap:_m_LogForLua_xlua_st_(IntPtr)
XLua.LuaFunction:Action(T1, T2, T3, T4, T5, T6, T7)
FunPlus.WorldX.Manager.LuaManager:CommonUpdate()
FunPlus.WorldX.AppFacade:UpdateAllManager()

The referenced script on this Behaviour (Game Object '<null>') is missing!
The referenced script on this Behaviour (Game Object '<null>') is missing!
Unloading 1 Unused Serialized files (Serialized files now loaded: 1330)
Unloading 30640 unused Assets to reduce memory usage. Loaded Objects now: 265935.
Total: 183.811500 ms (FindLiveObjects: 15.988000 ms CreateObjectMapping: 8.976300 ms MarkObjects: 130.803500 ms  DeleteObjects: 28.043400 ms)

[8194.1358][Error]|[lua][error][CustomDict]	IntIntMap init property skipped, key declare maybe deleted	[[init]     ...p4dir\client\LuaScripts\Core\PropertySync\CustomDict.lua:295]
FunPlus.WorldX.Utils.GameLog:SimpleLog(LogType, IntPtr, Int32)
FunPlus.WorldX.Utils.LuaUtils:LogForLua(Int32, IntPtr, Int32)
XLua.CSObjectWrap.FunPlusWorldXUtilsLuaUtilsWrap:_m_LogForLua_xlua_st_(IntPtr)
XLua.LuaFunction:Action(T1, T2, T3, T4, T5, T6, T7)
FunPlus.WorldX.Manager.LuaManager:CommonUpdate()
FunPlus.WorldX.AppFacade:UpdateAllManager()

Unloading 1 Unused Serialized files (Serialized files now loaded: 1254)
Unloading 622 unused Assets to reduce memory usage. Loaded Objects now: 185256.
Total: 224.905500 ms (FindLiveObjects: 10.476500 ms CreateObjectMapping: 5.633900 ms MarkObjects: 207.661600 ms  DeleteObjects: 1.133400 ms)

[8208.3749][Error]|@sxy 未查询到bindPose矩阵，bone:Bone R Hair Catgirl E 02 的父骨骼：Bone R Hair Catgirl E 01
UnityEngine.Logger:Log(LogType, Object)
UnityEngine.Debug:LogError(Object)
FunPlus.WorldX.Avatar.AvatarUtils:ApplyHairSkeleton(Dictionary`2, RendererInfoBase, Animator, AvatarHairReaction, AvatarHairReactionData)
FunPlus.WorldX.Model.SkeletonView:RefreshHairSkeleton(AvatarHairRuntimeData, Dictionary`2, RendererInfoBase)
FunPlus.WorldX.Model.AvatarPartModel:ProcessRuntimeData(ModelView)
FunPlus.WorldX.Model.AvatarPartModel:ProcessAllModel()
FunPlus.WorldX.Model.PrefabLoadTask:OnAssetLoaded(Object, Object)
FunPlus.WorldX.ResourceManager.Runtime.GoInstanceTask:RunCallBackProtected(Action`2, GameObject, Object)
FunPlus.WorldX.ResourceManager.Runtime.GoInstanceTask:ExcuteInstanceCallback(GameObject)
FunPlus.WorldX.ResourceManager.Runtime.GoInstanceTask:WrapperInstanceCallBack(Object, Object)
FunPlus.WorldX.ResourceManager.Runtime.Task:InstantiateAsyncCallback(AsyncOperation)
UnityEngine.AsyncOperation:InvokeCompletionEvent()

[8208.3752][Error]|@sxy 未查询到bindPose矩阵，bone:Bone L Hair Catgirl E 02 的父骨骼：Bone L Hair Catgirl E 01
UnityEngine.Logger:Log(LogType, Object)
UnityEngine.Debug:LogError(Object)
FunPlus.WorldX.Avatar.AvatarUtils:ApplyHairSkeleton(Dictionary`2, RendererInfoBase, Animator, AvatarHairReaction, AvatarHairReactionData)
FunPlus.WorldX.Model.SkeletonView:RefreshHairSkeleton(AvatarHairRuntimeData, Dictionary`2, RendererInfoBase)
FunPlus.WorldX.Model.AvatarPartModel:ProcessRuntimeData(ModelView)
FunPlus.WorldX.Model.AvatarPartModel:ProcessAllModel()
FunPlus.WorldX.Model.PrefabLoadTask:OnAssetLoaded(Object, Object)
FunPlus.WorldX.ResourceManager.Runtime.GoInstanceTask:RunCallBackProtected(Action`2, GameObject, Object)
FunPlus.WorldX.ResourceManager.Runtime.GoInstanceTask:ExcuteInstanceCallback(GameObject)
FunPlus.WorldX.ResourceManager.Runtime.GoInstanceTask:WrapperInstanceCallBack(Object, Object)
FunPlus.WorldX.ResourceManager.Runtime.Task:InstantiateAsyncCallback(AsyncOperation)
UnityEngine.AsyncOperation:InvokeCompletionEvent()

[8208.3754][Error]|@sxy 未查询到bindPose矩阵，bone:Bone R Hair Catgirl A 02 的父骨骼：Bone R Hair Catgirl A 01
UnityEngine.Logger:Log(LogType, Object)
UnityEngine.Debug:LogError(Object)
FunPlus.WorldX.Avatar.AvatarUtils:ApplyHairSkeleton(Dictionary`2, RendererInfoBase, Animator, AvatarHairReaction, AvatarHairReactionData)
FunPlus.WorldX.Model.SkeletonView:RefreshHairSkeleton(AvatarHairRuntimeData, Dictionary`2, RendererInfoBase)
FunPlus.WorldX.Model.AvatarPartModel:ProcessRuntimeData(ModelView)
FunPlus.WorldX.Model.AvatarPartModel:ProcessAllModel()
FunPlus.WorldX.Model.PrefabLoadTask:OnAssetLoaded(Object, Object)
FunPlus.WorldX.ResourceManager.Runtime.GoInstanceTask:RunCallBackProtected(Action`2, GameObject, Object)
FunPlus.WorldX.ResourceManager.Runtime.GoInstanceTask:ExcuteInstanceCallback(GameObject)
FunPlus.WorldX.ResourceManager.Runtime.GoInstanceTask:WrapperInstanceCallBack(Object, Object)
FunPlus.WorldX.ResourceManager.Runtime.Task:InstantiateAsyncCallback(AsyncOperation)
UnityEngine.AsyncOperation:InvokeCompletionEvent()

[8209.2441][Error]|[lua][error][CustomDict]	IntIntMap init property skipped, key declare maybe deleted	[[init]     ...p4dir\client\LuaScripts\Core\PropertySync\CustomDict.lua:295]
FunPlus.WorldX.Utils.GameLog:SimpleLog(LogType, IntPtr, Int32)
FunPlus.WorldX.Utils.LuaUtils:LogForLua(Int32, IntPtr, Int32)
XLua.CSObjectWrap.FunPlusWorldXUtilsLuaUtilsWrap:_m_LogForLua_xlua_st_(IntPtr)
XLua.LuaFunction:Action(T1, T2, T3, T4, T5, T6, T7)
FunPlus.WorldX.Manager.LuaManager:CommonUpdate()
FunPlus.WorldX.AppFacade:UpdateAllManager()

[8216.8117][Log]|[lua][info][2026-09-17 04:47:32.198959]	[info]	[PHONESTCORE_HOOK]	[0x28b68062f10 connect to http://priv-platform-yimoo-api.funplus.com:443/api/game/red-dot]	[HttpClient.cpp:38(phonestcore::HttpClient::connect)]
FunPlus.WorldX.Utils.GameLog:SimpleLog(LogType, IntPtr, Int32)
FunPlus.WorldX.Utils.LuaUtils:LogForLua(Int32, IntPtr, Int32)
XLua.CSObjectWrap.FunPlusWorldXUtilsLuaUtilsWrap:_m_LogForLua_xlua_st_(IntPtr)
XLua.LuaFunction:Action(T1, T2, T3, T4, T5, T6, T7)
FunPlus.WorldX.Manager.LuaManager:CommonUpdate()
FunPlus.WorldX.AppFacade:UpdateAllManager()

[8216.8118][Log]|[lua][info][2026-09-17 04:47:32.199514]	[info]	[PHONESTCORE_HOOK]	[0x28b68065bb0 connect to http://announcement-web.funplus.com:443/api/announce/list]	[HttpClient.cpp:38(phonestcore::HttpClient::connect)]
FunPlus.WorldX.Utils.GameLog:SimpleLog(LogType, IntPtr, Int32)
FunPlus.WorldX.Utils.LuaUtils:LogForLua(Int32, IntPtr, Int32)
XLua.CSObjectWrap.FunPlusWorldXUtilsLuaUtilsWrap:_m_LogForLua_xlua_st_(IntPtr)
XLua.LuaFunction:Action(T1, T2, T3, T4, T5, T6, T7)
FunPlus.WorldX.Manager.LuaManager:CommonUpdate()
FunPlus.WorldX.AppFacade:UpdateAllManager()

[8223.9976][Error]|[lua][error][CustomDict]	IntIntMap init property skipped, key declare maybe deleted	[[init]     ...p4dir\client\LuaScripts\Core\PropertySync\CustomDict.lua:295]
FunPlus.WorldX.Utils.GameLog:SimpleLog(LogType, IntPtr, Int32)
FunPlus.WorldX.Utils.LuaUtils:LogForLua(Int32, IntPtr, Int32)
XLua.CSObjectWrap.FunPlusWorldXUtilsLuaUtilsWrap:_m_LogForLua_xlua_st_(IntPtr)
XLua.LuaFunction:Action(T1, T2, T3, T4, T5, T6, T7)
FunPlus.WorldX.Manager.LuaManager:CommonUpdate()
FunPlus.WorldX.AppFacade:UpdateAllManager()

Unloading 1 Unused Serialized files (Serialized files now loaded: 1286)
Unloading 53883 unused Assets to reduce memory usage. Loaded Objects now: 157045.
Total: 257.992900 ms (FindLiveObjects: 11.406600 ms CreateObjectMapping: 7.423700 ms MarkObjects: 202.462600 ms  DeleteObjects: 36.699800 ms)

[8238.5455][Error]|[lua][error][CustomDict]	IntIntMap init property skipped, key declare maybe deleted	[[init]     ...p4dir\client\LuaScripts\Core\PropertySync\CustomDict.lua:295]
FunPlus.WorldX.Utils.GameLog:SimpleLog(LogType, IntPtr, Int32)
FunPlus.WorldX.Utils.LuaUtils:LogForLua(Int32, IntPtr, Int32)
XLua.CSObjectWrap.FunPlusWorldXUtilsLuaUtilsWrap:_m_LogForLua_xlua_st_(IntPtr)
XLua.LuaFunction:Action(T1, T2, T3, T4, T5, T6, T7)
FunPlus.WorldX.Manager.LuaManager:CommonUpdate()
FunPlus.WorldX.AppFacade:UpdateAllManager()

[8238.5532][Error]|[lua][error][CustomDict]	IntIntMap init property skipped, key declare maybe deleted	[[init]     ...p4dir\client\LuaScripts\Core\PropertySync\CustomDict.lua:295]
FunPlus.WorldX.Utils.GameLog:SimpleLog(LogType, IntPtr, Int32)
FunPlus.WorldX.Utils.LuaUtils:LogForLua(Int32, IntPtr, Int32)
XLua.CSObjectWrap.FunPlusWorldXUtilsLuaUtilsWrap:_m_LogForLua_xlua_st_(IntPtr)
XLua.LuaFunction:Action(T1, T2, T3, T4, T5, T6, T7)
FunPlus.WorldX.Manager.LuaManager:CommonUpdate()
FunPlus.WorldX.AppFacade:UpdateAllManager()

[8238.5720][Error]|[lua][error][CustomDict]	IntIntMap init property skipped, key declare maybe deleted	[[init]     ...p4dir\client\LuaScripts\Core\PropertySync\CustomDict.lua:295]
FunPlus.WorldX.Utils.GameLog:SimpleLog(LogType, IntPtr, Int32)
FunPlus.WorldX.Utils.LuaUtils:LogForLua(Int32, IntPtr, Int32)
XLua.CSObjectWrap.FunPlusWorldXUtilsLuaUtilsWrap:_m_LogForLua_xlua_st_(IntPtr)
XLua.LuaFunction:Action(T1, T2, T3, T4, T5, T6, T7)
FunPlus.WorldX.Manager.LuaManager:CommonUpdate()
FunPlus.WorldX.AppFacade:UpdateAllManager()

[8238.5797][Error]|[lua][error][CustomDict]	IntIntMap init property skipped, key declare maybe deleted	[[init]     ...p4dir\client\LuaScripts\Core\PropertySync\CustomDict.lua:295]
FunPlus.WorldX.Utils.GameLog:SimpleLog(LogType, IntPtr, Int32)
FunPlus.WorldX.Utils.LuaUtils:LogForLua(Int32, IntPtr, Int32)
XLua.CSObjectWrap.FunPlusWorldXUtilsLuaUtilsWrap:_m_LogForLua_xlua_st_(IntPtr)
XLua.LuaFunction:Action(T1, T2, T3, T4, T5, T6, T7)
FunPlus.WorldX.Manager.LuaManager:CommonUpdate()
FunPlus.WorldX.AppFacade:UpdateAllManager()

[8238.5839][Error]|[lua][error][CustomDict]	IntIntMap init property skipped, key declare maybe deleted	[[init]     ...p4dir\client\LuaScripts\Core\PropertySync\CustomDict.lua:295]
FunPlus.WorldX.Utils.GameLog:SimpleLog(LogType, IntPtr, Int32)
FunPlus.WorldX.Utils.LuaUtils:LogForLua(Int32, IntPtr, Int32)
XLua.CSObjectWrap.FunPlusWorldXUtilsLuaUtilsWrap:_m_LogForLua_xlua_st_(IntPtr)
XLua.LuaFunction:Action(T1, T2, T3, T4, T5, T6, T7)
FunPlus.WorldX.Manager.LuaManager:CommonUpdate()
FunPlus.WorldX.AppFacade:UpdateAllManager()

[8238.5884][Error]|[lua][error][CustomDict]	IntIntMap init property skipped, key declare maybe deleted	[[init]     ...p4dir\client\LuaScripts\Core\PropertySync\CustomDict.lua:295]
FunPlus.WorldX.Utils.GameLog:SimpleLog(LogType, IntPtr, Int32)
FunPlus.WorldX.Utils.LuaUtils:LogForLua(Int32, IntPtr, Int32)
XLua.CSObjectWrap.FunPlusWorldXUtilsLuaUtilsWrap:_m_LogForLua_xlua_st_(IntPtr)
XLua.LuaFunction:Action(T1, T2, T3, T4, T5, T6, T7)
FunPlus.WorldX.Manager.LuaManager:CommonUpdate()
FunPlus.WorldX.AppFacade:UpdateAllManager()

[8238.5957][Error]|[lua][error][CustomDict]	IntIntMap init property skipped, key declare maybe deleted	[[init]     ...p4dir\client\LuaScripts\Core\PropertySync\CustomDict.lua:295]
FunPlus.WorldX.Utils.GameLog:SimpleLog(LogType, IntPtr, Int32)
FunPlus.WorldX.Utils.LuaUtils:LogForLua(Int32, IntPtr, Int32)
XLua.CSObjectWrap.FunPlusWorldXUtilsLuaUtilsWrap:_m_LogForLua_xlua_st_(IntPtr)
XLua.LuaFunction:Action(T1, T2, T3, T4, T5, T6, T7)
FunPlus.WorldX.Manager.LuaManager:CommonUpdate()
FunPlus.WorldX.AppFacade:UpdateAllManager()

[8238.6082][Error]|[lua][error][CustomDict]	IntIntMap init property skipped, key declare maybe deleted	[[init]     ...p4dir\client\LuaScripts\Core\PropertySync\CustomDict.lua:295]
FunPlus.WorldX.Utils.GameLog:SimpleLog(LogType, IntPtr, Int32)
FunPlus.WorldX.Utils.LuaUtils:LogForLua(Int32, IntPtr, Int32)
XLua.CSObjectWrap.FunPlusWorldXUtilsLuaUtilsWrap:_m_LogForLua_xlua_st_(IntPtr)
XLua.LuaFunction:Action(T1, T2, T3, T4, T5, T6, T7)
FunPlus.WorldX.Manager.LuaManager:CommonUpdate()
FunPlus.WorldX.AppFacade:UpdateAllManager()

[8238.6168][Error]|[lua][error][CustomDict]	IntIntMap init property skipped, key declare maybe deleted	[[init]     ...p4dir\client\LuaScripts\Core\PropertySync\CustomDict.lua:295]
FunPlus.WorldX.Utils.GameLog:SimpleLog(LogType, IntPtr, Int32)
FunPlus.WorldX.Utils.LuaUtils:LogForLua(Int32, IntPtr, Int32)
XLua.CSObjectWrap.FunPlusWorldXUtilsLuaUtilsWrap:_m_LogForLua_xlua_st_(IntPtr)
XLua.LuaFunction:Action(T1, T2, T3, T4, T5, T6, T7)
FunPlus.WorldX.Manager.LuaManager:CommonUpdate()
FunPlus.WorldX.AppFacade:UpdateAllManager()

[8238.6181][Error]|[lua][error][CustomDict]	IntIntMap init property skipped, key declare maybe deleted	[[init]     ...p4dir\client\LuaScripts\Core\PropertySync\CustomDict.lua:295]
FunPlus.WorldX.Utils.GameLog:SimpleLog(LogType, IntPtr, Int32)
FunPlus.WorldX.Utils.LuaUtils:LogForLua(Int32, IntPtr, Int32)
XLua.CSObjectWrap.FunPlusWorldXUtilsLuaUtilsWrap:_m_LogForLua_xlua_st_(IntPtr)
XLua.LuaFunction:Action(T1, T2, T3, T4, T5, T6, T7)
FunPlus.WorldX.Manager.LuaManager:CommonUpdate()
FunPlus.WorldX.AppFacade:UpdateAllManager()

[8238.6276][Error]|[lua][error][CustomDict]	IntIntMap init property skipped, key declare maybe deleted	[[init]     ...p4dir\client\LuaScripts\Core\PropertySync\CustomDict.lua:295]
FunPlus.WorldX.Utils.GameLog:SimpleLog(LogType, IntPtr, Int32)
FunPlus.WorldX.Utils.LuaUtils:LogForLua(Int32, IntPtr, Int32)
XLua.CSObjectWrap.FunPlusWorldXUtilsLuaUtilsWrap:_m_LogForLua_xlua_st_(IntPtr)
XLua.LuaFunction:Action(T1, T2, T3, T4, T5, T6, T7)
FunPlus.WorldX.Manager.LuaManager:CommonUpdate()
FunPlus.WorldX.AppFacade:UpdateAllManager()

[8238.6332][Error]|[lua][error][CustomDict]	IntIntMap init property skipped, key declare maybe deleted	[[init]     ...p4dir\client\LuaScripts\Core\PropertySync\CustomDict.lua:295]
FunPlus.WorldX.Utils.GameLog:SimpleLog(LogType, IntPtr, Int32)
FunPlus.WorldX.Utils.LuaUtils:LogForLua(Int32, IntPtr, Int32)
XLua.CSObjectWrap.FunPlusWorldXUtilsLuaUtilsWrap:_m_LogForLua_xlua_st_(IntPtr)
XLua.LuaFunction:Action(T1, T2, T3, T4, T5, T6, T7)
FunPlus.WorldX.Manager.LuaManager:CommonUpdate()
FunPlus.WorldX.AppFacade:UpdateAllManager()

[8238.6487][Error]|[lua][error][CustomDict]	IntIntMap init property skipped, key declare maybe deleted	[[init]     ...p4dir\client\LuaScripts\Core\PropertySync\CustomDict.lua:295]
FunPlus.WorldX.Utils.GameLog:SimpleLog(LogType, IntPtr, Int32)
FunPlus.WorldX.Utils.LuaUtils:LogForLua(Int32, IntPtr, Int32)
XLua.CSObjectWrap.FunPlusWorldXUtilsLuaUtilsWrap:_m_LogForLua_xlua_st_(IntPtr)
XLua.LuaFunction:Action(T1, T2, T3, T4, T5, T6, T7)
FunPlus.WorldX.Manager.LuaManager:CommonUpdate()
FunPlus.WorldX.AppFacade:UpdateAllManager()

[8238.6536][Error]|[lua][error][CustomDict]	IntIntMap init property skipped, key declare maybe deleted	[[init]     ...p4dir\client\LuaScripts\Core\PropertySync\CustomDict.lua:295]
FunPlus.WorldX.Utils.GameLog:SimpleLog(LogType, IntPtr, Int32)
FunPlus.WorldX.Utils.LuaUtils:LogForLua(Int32, IntPtr, Int32)
XLua.CSObjectWrap.FunPlusWorldXUtilsLuaUtilsWrap:_m_LogForLua_xlua_st_(IntPtr)
XLua.LuaFunction:Action(T1, T2, T3, T4, T5, T6, T7)
FunPlus.WorldX.Manager.LuaManager:CommonUpdate()
FunPlus.WorldX.AppFacade:UpdateAllManager()

[8238.6611][Error]|[lua][error][CustomDict]	IntIntMap init property skipped, key declare maybe deleted	[[init]     ...p4dir\client\LuaScripts\Core\PropertySync\CustomDict.lua:295]
FunPlus.WorldX.Utils.GameLog:SimpleLog(LogType, IntPtr, Int32)
FunPlus.WorldX.Utils.LuaUtils:LogForLua(Int32, IntPtr, Int32)
XLua.CSObjectWrap.FunPlusWorldXUtilsLuaUtilsWrap:_m_LogForLua_xlua_st_(IntPtr)
XLua.LuaFunction:Action(T1, T2, T3, T4, T5, T6, T7)
FunPlus.WorldX.Manager.LuaManager:CommonUpdate()
FunPlus.WorldX.AppFacade:UpdateAllManager()

[8240.5064][Error]|@sxy 未查询到bindPose矩阵，bone:Bone R Hair Catgirl E 02 的父骨骼：Bone R Hair Catgirl E 01
UnityEngine.Logger:Log(LogType, Object)
UnityEngine.Debug:LogError(Object)
FunPlus.WorldX.Avatar.AvatarUtils:ApplyHairSkeleton(Dictionary`2, RendererInfoBase, Animator, AvatarHairReaction, AvatarHairReactionData)
FunPlus.WorldX.Model.SkeletonView:RefreshHairSkeleton(AvatarHairRuntimeData, Dictionary`2, RendererInfoBase)
FunPlus.WorldX.Model.AvatarPartModel:ProcessRuntimeData(ModelView)
FunPlus.WorldX.Model.AvatarPartModel:ProcessAllModel()
FunPlus.WorldX.Model.PrefabLoadTask:OnAssetLoaded(Object, Object)
FunPlus.WorldX.ResourceManager.Runtime.GoInstanceTask:RunCallBackProtected(Action`2, GameObject, Object)
FunPlus.WorldX.ResourceManager.Runtime.GoInstanceTask:ExcuteInstanceCallback(GameObject)
FunPlus.WorldX.ResourceManager.Runtime.GoInstanceTask:WrapperInstanceCallBack(Object, Object)
FunPlus.WorldX.ResourceManager.Runtime.Task:InstantiateAsyncCallback(AsyncOperation)
UnityEngine.AsyncOperation:InvokeCompletionEvent()

[8240.5067][Error]|@sxy 未查询到bindPose矩阵，bone:Bone L Hair Catgirl E 02 的父骨骼：Bone L Hair Catgirl E 01
UnityEngine.Logger:Log(LogType, Object)
UnityEngine.Debug:LogError(Object)
FunPlus.WorldX.Avatar.AvatarUtils:ApplyHairSkeleton(Dictionary`2, RendererInfoBase, Animator, AvatarHairReaction, AvatarHairReactionData)
FunPlus.WorldX.Model.SkeletonView:RefreshHairSkeleton(AvatarHairRuntimeData, Dictionary`2, RendererInfoBase)
FunPlus.WorldX.Model.AvatarPartModel:ProcessRuntimeData(ModelView)
FunPlus.WorldX.Model.AvatarPartModel:ProcessAllModel()
FunPlus.WorldX.Model.PrefabLoadTask:OnAssetLoaded(Object, Object)
FunPlus.WorldX.ResourceManager.Runtime.GoInstanceTask:RunCallBackProtected(Action`2, GameObject, Object)
FunPlus.WorldX.ResourceManager.Runtime.GoInstanceTask:ExcuteInstanceCallback(GameObject)
FunPlus.WorldX.ResourceManager.Runtime.GoInstanceTask:WrapperInstanceCallBack(Object, Object)
FunPlus.WorldX.ResourceManager.Runtime.Task:InstantiateAsyncCallback(AsyncOperation)
UnityEngine.AsyncOperation:InvokeCompletionEvent()

[8240.5069][Error]|@sxy 未查询到bindPose矩阵，bone:Bone R Hair Catgirl A 02 的父骨骼：Bone R Hair Catgirl A 01
UnityEngine.Logger:Log(LogType, Object)
UnityEngine.Debug:LogError(Object)
FunPlus.WorldX.Avatar.AvatarUtils:ApplyHairSkeleton(Dictionary`2, RendererInfoBase, Animator, AvatarHairReaction, AvatarHairReactionData)
FunPlus.WorldX.Model.SkeletonView:RefreshHairSkeleton(AvatarHairRuntimeData, Dictionary`2, RendererInfoBase)
FunPlus.WorldX.Model.AvatarPartModel:ProcessRuntimeData(ModelView)
FunPlus.WorldX.Model.AvatarPartModel:ProcessAllModel()
FunPlus.WorldX.Model.PrefabLoadTask:OnAssetLoaded(Object, Object)
FunPlus.WorldX.ResourceManager.Runtime.GoInstanceTask:RunCallBackProtected(Action`2, GameObject, Object)
FunPlus.WorldX.ResourceManager.Runtime.GoInstanceTask:ExcuteInstanceCallback(GameObject)
FunPlus.WorldX.ResourceManager.Runtime.GoInstanceTask:WrapperInstanceCallBack(Object, Object)
FunPlus.WorldX.ResourceManager.Runtime.Task:InstantiateAsyncCallback(AsyncOperation)
UnityEngine.AsyncOperation:InvokeCompletionEvent()

[8240.6320][Error]|@sxy 未查询到bindPose矩阵，bone:Bone R Hair Catgirl E 02 的父骨骼：Bone R Hair Catgirl E 01
UnityEngine.Logger:Log(LogType, Object)
UnityEngine.Debug:LogError(Object)
FunPlus.WorldX.Avatar.AvatarUtils:ApplyHairSkeleton(Dictionary`2, RendererInfoBase, Animator, AvatarHairReaction, AvatarHairReactionData)
FunPlus.WorldX.Model.SkeletonView:RefreshHairSkeleton(AvatarHairRuntimeData, Dictionary`2, RendererInfoBase)
FunPlus.WorldX.Model.AvatarPartModel:ProcessRuntimeData(ModelView)
FunPlus.WorldX.Model.AvatarPartModel:ProcessAllModel()
FunPlus.WorldX.Model.PrefabLoadTask:OnAssetLoaded(Object, Object)
FunPlus.WorldX.ResourceManager.Runtime.GoInstanceTask:RunCallBackProtected(Action`2, GameObject, Object)
FunPlus.WorldX.ResourceManager.Runtime.GoInstanceTask:ExcuteInstanceCallback(GameObject)
FunPlus.WorldX.ResourceManager.Runtime.GoInstanceTask:WrapperInstanceCallBack(Object, Object)
FunPlus.WorldX.ResourceManager.Runtime.Task:InstantiateAsyncCallback(AsyncOperation)
UnityEngine.AsyncOperation:InvokeCompletionEvent()

[8240.6323][Error]|@sxy 未查询到bindPose矩阵，bone:Bone L Hair Catgirl E 02 的父骨骼：Bone L Hair Catgirl E 01
UnityEngine.Logger:Log(LogType, Object)
UnityEngine.Debug:LogError(Object)
FunPlus.WorldX.Avatar.AvatarUtils:ApplyHairSkeleton(Dictionary`2, RendererInfoBase, Animator, AvatarHairReaction, AvatarHairReactionData)
FunPlus.WorldX.Model.SkeletonView:RefreshHairSkeleton(AvatarHairRuntimeData, Dictionary`2, RendererInfoBase)
FunPlus.WorldX.Model.AvatarPartModel:ProcessRuntimeData(ModelView)
FunPlus.WorldX.Model.AvatarPartModel:ProcessAllModel()
FunPlus.WorldX.Model.PrefabLoadTask:OnAssetLoaded(Object, Object)
FunPlus.WorldX.ResourceManager.Runtime.GoInstanceTask:RunCallBackProtected(Action`2, GameObject, Object)
FunPlus.WorldX.ResourceManager.Runtime.GoInstanceTask:ExcuteInstanceCallback(GameObject)
FunPlus.WorldX.ResourceManager.Runtime.GoInstanceTask:WrapperInstanceCallBack(Object, Object)
FunPlus.WorldX.ResourceManager.Runtime.Task:InstantiateAsyncCallback(AsyncOperation)
UnityEngine.AsyncOperation:InvokeCompletionEvent()

[8240.6325][Error]|@sxy 未查询到bindPose矩阵，bone:Bone R Hair Catgirl A 02 的父骨骼：Bone R Hair Catgirl A 01
UnityEngine.Logger:Log(LogType, Object)
UnityEngine.Debug:LogError(Object)
FunPlus.WorldX.Avatar.AvatarUtils:ApplyHairSkeleton(Dictionary`2, RendererInfoBase, Animator, AvatarHairReaction, AvatarHairReactionData)
FunPlus.WorldX.Model.SkeletonView:RefreshHairSkeleton(AvatarHairRuntimeData, Dictionary`2, RendererInfoBase)
FunPlus.WorldX.Model.AvatarPartModel:ProcessRuntimeData(ModelView)
FunPlus.WorldX.Model.AvatarPartModel:ProcessAllModel()
FunPlus.WorldX.Model.PrefabLoadTask:OnAssetLoaded(Object, Object)
FunPlus.WorldX.ResourceManager.Runtime.GoInstanceTask:RunCallBackProtected(Action`2, GameObject, Object)
FunPlus.WorldX.ResourceManager.Runtime.GoInstanceTask:ExcuteInstanceCallback(GameObject)
FunPlus.WorldX.ResourceManager.Runtime.GoInstanceTask:WrapperInstanceCallBack(Object, Object)
FunPlus.WorldX.ResourceManager.Runtime.Task:InstantiateAsyncCallback(AsyncOperation)
UnityEngine.AsyncOperation:InvokeCompletionEvent()

Unloading 1 Unused Serialized files (Serialized files now loaded: 1277)
Unloading 3614 unused Assets to reduce memory usage. Loaded Objects now: 184390.
Total: 217.544700 ms (FindLiveObjects: 10.391200 ms CreateObjectMapping: 4.041900 ms MarkObjects: 200.567500 ms  DeleteObjects: 2.543700 ms)

[8242.8836][Error]|[AvatarDecal][Mip0Timeout] Source texture did not reach its post-budget mip target; aborting combine instead of baking a lower mip, reason MaxWaitFrames, hashID -45728780, waitedFrames 30, elapsed 0.42s, state=Waiting, texture=T_Avatar_Female_EyeMakeup_F10028_CA, requested=0, desired=0, final=0, loading=0, loaded=3, activeLimit=0
UnityEngine.Logger:Log(LogType, Object)
UnityEngine.Debug:LogError(Object)
XRender.Pipeline.Modules.AvatarDecal.AvatarDecalManager:HasMip0BarrierTimedOut(PendingAvatarDecalCombine, AvatarDecalMip0BarrierState, AvatarDecalMip0LeaseTexture)
XRender.Pipeline.Modules.AvatarDecal.AvatarDecalManager:GenerateRenderRequests()
XRender.Pipeline.XRenderPipeline:Render(ScriptableRenderContext, List`1)
UnityEngine.Rendering.RenderPipelineManager:DoRenderLoop_Internal(RenderPipelineAsset, IntPtr, Object)

[8242.8839][Error]|[AvatarDecal][Mip0Timeout] Source texture did not reach its post-budget mip target; aborting combine instead of baking a lower mip, reason MaxWaitFrames, hashID -1295988033, waitedFrames 30, elapsed 0.42s, state=Waiting, texture=T_Avatar_Female_Decal_F10049_CA, requested=0, desired=0, final=0, loading=0, loaded=3, activeLimit=0
UnityEngine.Logger:Log(LogType, Object)
UnityEngine.Debug:LogError(Object)
XRender.Pipeline.Modules.AvatarDecal.AvatarDecalManager:HasMip0BarrierTimedOut(PendingAvatarDecalCombine, AvatarDecalMip0BarrierState, AvatarDecalMip0LeaseTexture)
XRender.Pipeline.Modules.AvatarDecal.AvatarDecalManager:GenerateRenderRequests()
XRender.Pipeline.XRenderPipeline:Render(ScriptableRenderContext, List`1)
UnityEngine.Rendering.RenderPipelineManager:DoRenderLoop_Internal(RenderPipelineAsset, IntPtr, Object)

[8242.8840][Error]|[AvatarDecal][Mip0Timeout] Source texture did not reach its post-budget mip target; aborting combine instead of baking a lower mip, reason MaxWaitFrames, hashID -1275785153, waitedFrames 30, elapsed 0.41s, state=Waiting, texture=T_Avatar_Female_EyeMakeup_F10047_CA, requested=0, desired=0, final=0, loading=0, loaded=3, activeLimit=0
UnityEngine.Logger:Log(LogType, Object)
UnityEngine.Debug:LogError(Object)
XRender.Pipeline.Modules.AvatarDecal.AvatarDecalManager:HasMip0BarrierTimedOut(PendingAvatarDecalCombine, AvatarDecalMip0BarrierState, AvatarDecalMip0LeaseTexture)
XRender.Pipeline.Modules.AvatarDecal.AvatarDecalManager:GenerateRenderRequests()
XRender.Pipeline.XRenderPipeline:Render(ScriptableRenderContext, List`1)
UnityEngine.Rendering.RenderPipelineManager:DoRenderLoop_Internal(RenderPipelineAsset, IntPtr, Object)

[8242.8842][Error]|[AvatarDecal][Mip0Timeout] Source texture did not reach its post-budget mip target; aborting combine instead of baking a lower mip, reason MaxWaitFrames, hashID 836037506, waitedFrames 30, elapsed 0.41s, state=Waiting, texture=T_Avatar_Female_EyeMakeup02_F10019_CA, requested=0, desired=0, final=0, loading=0, loaded=3, activeLimit=0
UnityEngine.Logger:Log(LogType, Object)
UnityEngine.Debug:LogError(Object)
XRender.Pipeline.Modules.AvatarDecal.AvatarDecalManager:HasMip0BarrierTimedOut(PendingAvatarDecalCombine, AvatarDecalMip0BarrierState, AvatarDecalMip0LeaseTexture)
XRender.Pipeline.Modules.AvatarDecal.AvatarDecalManager:GenerateRenderRequests()
XRender.Pipeline.XRenderPipeline:Render(ScriptableRenderContext, List`1)
UnityEngine.Rendering.RenderPipelineManager:DoRenderLoop_Internal(RenderPipelineAsset, IntPtr, Object)

[8242.8843][Error]|[AvatarDecal][Mip0Timeout] Source texture did not reach its post-budget mip target; aborting combine instead of baking a lower mip, reason MaxWaitFrames, hashID 1816493534, waitedFrames 30, elapsed 0.40s, state=Waiting, texture=T_Avatar_Female_MouthMakeup_F10012_CA, requested=0, desired=0, final=0, loading=0, loaded=3, activeLimit=0
UnityEngine.Logger:Log(LogType, Object)
UnityEngine.Debug:LogError(Object)
XRender.Pipeline.Modules.AvatarDecal.AvatarDecalManager:HasMip0BarrierTimedOut(PendingAvatarDecalCombine, AvatarDecalMip0BarrierState, AvatarDecalMip0LeaseTexture)
XRender.Pipeline.Modules.AvatarDecal.AvatarDecalManager:GenerateRenderRequests()
XRender.Pipeline.XRenderPipeline:Render(ScriptableRenderContext, List`1)
UnityEngine.Rendering.RenderPipelineManager:DoRenderLoop_Internal(RenderPipelineAsset, IntPtr, Object)

[8242.8845][Error]|[AvatarDecal][Mip0Timeout] Source texture did not reach its post-budget mip target; aborting combine instead of baking a lower mip, reason MaxWaitFrames, hashID -1962169799, waitedFrames 30, elapsed 0.40s, state=Waiting, texture=T_Avatar_Female_MouthMakeup_F10012_CA, requested=0, desired=0, final=0, loading=0, loaded=3, activeLimit=0
UnityEngine.Logger:Log(LogType, Object)
UnityEngine.Debug:LogError(Object)
XRender.Pipeline.Modules.AvatarDecal.AvatarDecalManager:HasMip0BarrierTimedOut(PendingAvatarDecalCombine, AvatarDecalMip0BarrierState, AvatarDecalMip0LeaseTexture)
XRender.Pipeline.Modules.AvatarDecal.AvatarDecalManager:GenerateRenderRequests()
XRender.Pipeline.XRenderPipeline:Render(ScriptableRenderContext, List`1)
UnityEngine.Rendering.RenderPipelineManager:DoRenderLoop_Internal(RenderPipelineAsset, IntPtr, Object)

The referenced script on this Behaviour (Game Object '<null>') is missing!
[8254.5298][Error]|[lua][error][CustomDict]	IntIntMap init property skipped, key declare maybe deleted	[[init]     ...p4dir\client\LuaScripts\Core\PropertySync\CustomDict.lua:295]
FunPlus.WorldX.Utils.GameLog:SimpleLog(LogType, IntPtr, Int32)
FunPlus.WorldX.Utils.LuaUtils:LogForLua(Int32, IntPtr, Int32)
XLua.CSObjectWrap.FunPlusWorldXUtilsLuaUtilsWrap:_m_LogForLua_xlua_st_(IntPtr)
XLua.LuaFunction:Action(T1, T2, T3, T4, T5, T6, T7)
FunPlus.WorldX.Manager.LuaManager:CommonUpdate()
FunPlus.WorldX.AppFacade:UpdateAllManager()

[8257.2670][Error]|[lua][error][CustomDict]	IntIntMap init property skipped, key declare maybe deleted	[[init]     ...p4dir\client\LuaScripts\Core\PropertySync\CustomDict.lua:295]
FunPlus.WorldX.Utils.GameLog:SimpleLog(LogType, IntPtr, Int32)
FunPlus.WorldX.Utils.LuaUtils:LogForLua(Int32, IntPtr, Int32)
XLua.CSObjectWrap.FunPlusWorldXUtilsLuaUtilsWrap:_m_LogForLua_xlua_st_(IntPtr)
XLua.LuaFunction:Action(T1, T2, T3, T4, T5, T6, T7)
FunPlus.WorldX.Manager.LuaManager:CommonUpdate()
FunPlus.WorldX.AppFacade:UpdateAllManager()

[8262.4026][Error]|[lua][error][CustomDict]	IntIntMap init property skipped, key declare maybe deleted	[[init]     ...p4dir\client\LuaScripts\Core\PropertySync\CustomDict.lua:295]
FunPlus.WorldX.Utils.GameLog:SimpleLog(LogType, IntPtr, Int32)
FunPlus.WorldX.Utils.LuaUtils:LogForLua(Int32, IntPtr, Int32)
XLua.CSObjectWrap.FunPlusWorldXUtilsLuaUtilsWrap:_m_LogForLua_xlua_st_(IntPtr)
XLua.LuaFunction:Action(T1, T2, T3, T4, T5, T6, T7)
FunPlus.WorldX.Manager.LuaManager:CommonUpdate()
FunPlus.WorldX.AppFacade:UpdateAllManager()

[8264.1947][Error]|[lua][error][CustomDict]	IntIntMap init property skipped, key declare maybe deleted	[[init]     ...p4dir\client\LuaScripts\Core\PropertySync\CustomDict.lua:295]
FunPlus.WorldX.Utils.GameLog:SimpleLog(LogType, IntPtr, Int32)
FunPlus.WorldX.Utils.LuaUtils:LogForLua(Int32, IntPtr, Int32)
XLua.CSObjectWrap.FunPlusWorldXUtilsLuaUtilsWrap:_m_LogForLua_xlua_st_(IntPtr)
XLua.LuaFunction:Action(T1, T2, T3, T4, T5, T6, T7)
FunPlus.WorldX.Manager.LuaManager:CommonUpdate()
FunPlus.WorldX.AppFacade:UpdateAllManager()

[8272.8128][Error]|[lua][error][CustomDict]	IntIntMap init property skipped, key declare maybe deleted	[[init]     ...p4dir\client\LuaScripts\Core\PropertySync\CustomDict.lua:295]
FunPlus.WorldX.Utils.GameLog:SimpleLog(LogType, IntPtr, Int32)
FunPlus.WorldX.Utils.LuaUtils:LogForLua(Int32, IntPtr, Int32)
XLua.CSObjectWrap.FunPlusWorldXUtilsLuaUtilsWrap:_m_LogForLua_xlua_st_(IntPtr)
XLua.LuaFunction:Action(T1, T2, T3, T4, T5, T6, T7)
FunPlus.WorldX.Manager.LuaManager:CommonUpdate()
FunPlus.WorldX.AppFacade:UpdateAllManager()

[8277.2136][Error]|[lua][error][CustomDict]	IntIntMap init property skipped, key declare maybe deleted	[[init]     ...p4dir\client\LuaScripts\Core\PropertySync\CustomDict.lua:295]
FunPlus.WorldX.Utils.GameLog:SimpleLog(LogType, IntPtr, Int32)
FunPlus.WorldX.Utils.LuaUtils:LogForLua(Int32, IntPtr, Int32)
XLua.CSObjectWrap.FunPlusWorldXUtilsLuaUtilsWrap:_m_LogForLua_xlua_st_(IntPtr)
XLua.LuaFunction:Action(T1, T2, T3, T4, T5, T6, T7)
FunPlus.WorldX.Manager.LuaManager:CommonUpdate()
FunPlus.WorldX.AppFacade:UpdateAllManager()

[8284.5029][Error]|[lua][error][CustomDict]	IntIntMap init property skipped, key declare maybe deleted	[[init]     ...p4dir\client\LuaScripts\Core\PropertySync\CustomDict.lua:295]
FunPlus.WorldX.Utils.GameLog:SimpleLog(LogType, IntPtr, Int32)
FunPlus.WorldX.Utils.LuaUtils:LogForLua(Int32, IntPtr, Int32)
XLua.CSObjectWrap.FunPlusWorldXUtilsLuaUtilsWrap:_m_LogForLua_xlua_st_(IntPtr)
XLua.LuaFunction:Action(T1, T2, T3, T4, T5, T6, T7)
FunPlus.WorldX.Manager.LuaManager:CommonUpdate()
FunPlus.WorldX.AppFacade:UpdateAllManager()

[8286.1197][Error]|[lua][error][CustomDict]	IntIntMap init property skipped, key declare maybe deleted	[[init]     ...p4dir\client\LuaScripts\Core\PropertySync\CustomDict.lua:295]
FunPlus.WorldX.Utils.GameLog:SimpleLog(LogType, IntPtr, Int32)
FunPlus.WorldX.Utils.LuaUtils:LogForLua(Int32, IntPtr, Int32)
XLua.CSObjectWrap.FunPlusWorldXUtilsLuaUtilsWrap:_m_LogForLua_xlua_st_(IntPtr)
XLua.LuaFunction:Action(T1, T2, T3, T4, T5, T6, T7)
FunPlus.WorldX.Manager.LuaManager:CommonUpdate()
FunPlus.WorldX.AppFacade:UpdateAllManager()

[8286.6592][Error]|[lua][error][CustomDict]	IntIntMap init property skipped, key declare maybe deleted	[[init]     ...p4dir\client\LuaScripts\Core\PropertySync\CustomDict.lua:295]
FunPlus.WorldX.Utils.GameLog:SimpleLog(LogType, IntPtr, Int32)
FunPlus.WorldX.Utils.LuaUtils:LogForLua(Int32, IntPtr, Int32)
XLua.CSObjectWrap.FunPlusWorldXUtilsLuaUtilsWrap:_m_LogForLua_xlua_st_(IntPtr)
XLua.LuaFunction:Action(T1, T2, T3, T4, T5, T6, T7)
FunPlus.WorldX.Manager.LuaManager:CommonUpdate()
FunPlus.WorldX.AppFacade:UpdateAllManager()

[8286.8273][Error]|@sxy 未查询到bindPose矩阵，bone:Bone R Hair Catgirl E 02 的父骨骼：Bone R Hair Catgirl E 01
UnityEngine.Logger:Log(LogType, Object)
UnityEngine.Debug:LogError(Object)
FunPlus.WorldX.Avatar.AvatarUtils:ApplyHairSkeleton(Dictionary`2, RendererInfoBase, Animator, AvatarHairReaction, AvatarHairReactionData)
FunPlus.WorldX.Model.SkeletonView:RefreshHairSkeleton(AvatarHairRuntimeData, Dictionary`2, RendererInfoBase)
FunPlus.WorldX.Model.AvatarPartModel:ProcessRuntimeData(ModelView)
FunPlus.WorldX.Model.AvatarPartModel:ProcessAllModel()
FunPlus.WorldX.Model.PrefabLoadTask:OnAssetLoaded(Object, Object)
FunPlus.WorldX.ResourceManager.Runtime.GoInstanceTask:RunCallBackProtected(Action`2, GameObject, Object)
FunPlus.WorldX.ResourceManager.Runtime.GoInstanceTask:ExcuteInstanceCallback(GameObject)
FunPlus.WorldX.ResourceManager.Runtime.GoInstanceTask:WrapperInstanceCallBack(Object, Object)
FunPlus.WorldX.ResourceManager.Runtime.Task:InstantiateAsyncCallback(AsyncOperation)
UnityEngine.AsyncOperation:InvokeCompletionEvent()

[8286.8277][Error]|@sxy 未查询到bindPose矩阵，bone:Bone L Hair Catgirl E 02 的父骨骼：Bone L Hair Catgirl E 01
UnityEngine.Logger:Log(LogType, Object)
UnityEngine.Debug:LogError(Object)
FunPlus.WorldX.Avatar.AvatarUtils:ApplyHairSkeleton(Dictionary`2, RendererInfoBase, Animator, AvatarHairReaction, AvatarHairReactionData)
FunPlus.WorldX.Model.SkeletonView:RefreshHairSkeleton(AvatarHairRuntimeData, Dictionary`2, RendererInfoBase)
FunPlus.WorldX.Model.AvatarPartModel:ProcessRuntimeData(ModelView)
FunPlus.WorldX.Model.AvatarPartModel:ProcessAllModel()
FunPlus.WorldX.Model.PrefabLoadTask:OnAssetLoaded(Object, Object)
FunPlus.WorldX.ResourceManager.Runtime.GoInstanceTask:RunCallBackProtected(Action`2, GameObject, Object)
FunPlus.WorldX.ResourceManager.Runtime.GoInstanceTask:ExcuteInstanceCallback(GameObject)
FunPlus.WorldX.ResourceManager.Runtime.GoInstanceTask:WrapperInstanceCallBack(Object, Object)
FunPlus.WorldX.ResourceManager.Runtime.Task:InstantiateAsyncCallback(AsyncOperation)
UnityEngine.AsyncOperation:InvokeCompletionEvent()

[8286.8279][Error]|@sxy 未查询到bindPose矩阵，bone:Bone R Hair Catgirl A 02 的父骨骼：Bone R Hair Catgirl A 01
UnityEngine.Logger:Log(LogType, Object)
UnityEngine.Debug:LogError(Object)
FunPlus.WorldX.Avatar.AvatarUtils:ApplyHairSkeleton(Dictionary`2, RendererInfoBase, Animator, AvatarHairReaction, AvatarHairReactionData)
FunPlus.WorldX.Model.SkeletonView:RefreshHairSkeleton(AvatarHairRuntimeData, Dictionary`2, RendererInfoBase)
FunPlus.WorldX.Model.AvatarPartModel:ProcessRuntimeData(ModelView)
FunPlus.WorldX.Model.AvatarPartModel:ProcessAllModel()
FunPlus.WorldX.Model.PrefabLoadTask:OnAssetLoaded(Object, Object)
FunPlus.WorldX.ResourceManager.Runtime.GoInstanceTask:RunCallBackProtected(Action`2, GameObject, Object)
FunPlus.WorldX.ResourceManager.Runtime.GoInstanceTask:ExcuteInstanceCallback(GameObject)
FunPlus.WorldX.ResourceManager.Runtime.GoInstanceTask:WrapperInstanceCallBack(Object, Object)
FunPlus.WorldX.ResourceManager.Runtime.Task:InstantiateAsyncCallback(AsyncOperation)
UnityEngine.AsyncOperation:InvokeCompletionEvent()

[8289.8761][Error]|[lua][error][CustomDict]	IntIntMap init property skipped, key declare maybe deleted	[[init]     ...p4dir\client\LuaScripts\Core\PropertySync\CustomDict.lua:295]
FunPlus.WorldX.Utils.GameLog:SimpleLog(LogType, IntPtr, Int32)
FunPlus.WorldX.Utils.LuaUtils:LogForLua(Int32, IntPtr, Int32)
XLua.CSObjectWrap.FunPlusWorldXUtilsLuaUtilsWrap:_m_LogForLua_xlua_st_(IntPtr)
XLua.LuaFunction:Action(T1, T2, T3, T4, T5, T6, T7)
FunPlus.WorldX.Manager.LuaManager:CommonUpdate()
FunPlus.WorldX.AppFacade:UpdateAllManager()

[8293.2304][Error]|[lua][error][CustomDict]	IntIntMap init property skipped, key declare maybe deleted	[[init]     ...p4dir\client\LuaScripts\Core\PropertySync\CustomDict.lua:295]
FunPlus.WorldX.Utils.GameLog:SimpleLog(LogType, IntPtr, Int32)
FunPlus.WorldX.Utils.LuaUtils:LogForLua(Int32, IntPtr, Int32)
XLua.CSObjectWrap.FunPlusWorldXUtilsLuaUtilsWrap:_m_LogForLua_xlua_st_(IntPtr)
XLua.LuaFunction:Action(T1, T2, T3, T4, T5, T6, T7)
FunPlus.WorldX.Manager.LuaManager:CommonUpdate()
FunPlus.WorldX.AppFacade:UpdateAllManager()

[8293.5207][Error]|[lua][error][CustomDict]	IntIntMap init property skipped, key declare maybe deleted	[[init]     ...p4dir\client\LuaScripts\Core\PropertySync\CustomDict.lua:295]
FunPlus.WorldX.Utils.GameLog:SimpleLog(LogType, IntPtr, Int32)
FunPlus.WorldX.Utils.LuaUtils:LogForLua(Int32, IntPtr, Int32)
XLua.CSObjectWrap.FunPlusWorldXUtilsLuaUtilsWrap:_m_LogForLua_xlua_st_(IntPtr)
XLua.LuaFunction:Action(T1, T2, T3, T4, T5, T6, T7)
FunPlus.WorldX.Manager.LuaManager:CommonUpdate()
FunPlus.WorldX.AppFacade:UpdateAllManager()

[8294.4715][Error]|[lua][error][CustomDict]	IntIntMap init property skipped, key declare maybe deleted	[[init]     ...p4dir\client\LuaScripts\Core\PropertySync\CustomDict.lua:295]
FunPlus.WorldX.Utils.GameLog:SimpleLog(LogType, IntPtr, Int32)
FunPlus.WorldX.Utils.LuaUtils:LogForLua(Int32, IntPtr, Int32)
XLua.CSObjectWrap.FunPlusWorldXUtilsLuaUtilsWrap:_m_LogForLua_xlua_st_(IntPtr)
XLua.LuaFunction:Action(T1, T2, T3, T4, T5, T6, T7)
FunPlus.WorldX.Manager.LuaManager:CommonUpdate()
FunPlus.WorldX.AppFacade:UpdateAllManager()

[8295.6374][Error]|[lua][error][CustomDict]	IntIntMap init property skipped, key declare maybe deleted	[[init]     ...p4dir\client\LuaScripts\Core\PropertySync\CustomDict.lua:295]
FunPlus.WorldX.Utils.GameLog:SimpleLog(LogType, IntPtr, Int32)
FunPlus.WorldX.Utils.LuaUtils:LogForLua(Int32, IntPtr, Int32)
XLua.CSObjectWrap.FunPlusWorldXUtilsLuaUtilsWrap:_m_LogForLua_xlua_st_(IntPtr)
XLua.LuaFunction:Action(T1, T2, T3, T4, T5, T6, T7)
FunPlus.WorldX.Manager.LuaManager:CommonUpdate()
FunPlus.WorldX.AppFacade:UpdateAllManager()

[8295.8062][Error]|@sxy 未查询到bindPose矩阵，bone:Bone R Hair Catgirl E 02 的父骨骼：Bone R Hair Catgirl E 01
UnityEngine.Logger:Log(LogType, Object)
UnityEngine.Debug:LogError(Object)
FunPlus.WorldX.Avatar.AvatarUtils:ApplyHairSkeleton(Dictionary`2, RendererInfoBase, Animator, AvatarHairReaction, AvatarHairReactionData)
FunPlus.WorldX.Model.SkeletonView:RefreshHairSkeleton(AvatarHairRuntimeData, Dictionary`2, RendererInfoBase)
FunPlus.WorldX.Model.AvatarPartModel:ProcessRuntimeData(ModelView)
FunPlus.WorldX.Model.AvatarPartModel:ProcessAllModel()
FunPlus.WorldX.Model.PrefabLoadTask:OnAssetLoaded(Object, Object)
FunPlus.WorldX.ResourceManager.Runtime.GoInstanceTask:RunCallBackProtected(Action`2, GameObject, Object)
FunPlus.WorldX.ResourceManager.Runtime.GoInstanceTask:ExcuteInstanceCallback(GameObject)
FunPlus.WorldX.ResourceManager.Runtime.GoInstanceTask:WrapperInstanceCallBack(Object, Object)
FunPlus.WorldX.ResourceManager.Runtime.Task:InstantiateAsyncCallback(AsyncOperation)
UnityEngine.AsyncOperation:InvokeCompletionEvent()

[8295.8065][Error]|@sxy 未查询到bindPose矩阵，bone:Bone L Hair Catgirl E 02 的父骨骼：Bone L Hair Catgirl E 01
UnityEngine.Logger:Log(LogType, Object)
UnityEngine.Debug:LogError(Object)
FunPlus.WorldX.Avatar.AvatarUtils:ApplyHairSkeleton(Dictionary`2, RendererInfoBase, Animator, AvatarHairReaction, AvatarHairReactionData)
FunPlus.WorldX.Model.SkeletonView:RefreshHairSkeleton(AvatarHairRuntimeData, Dictionary`2, RendererInfoBase)
FunPlus.WorldX.Model.AvatarPartModel:ProcessRuntimeData(ModelView)
FunPlus.WorldX.Model.AvatarPartModel:ProcessAllModel()
FunPlus.WorldX.Model.PrefabLoadTask:OnAssetLoaded(Object, Object)
FunPlus.WorldX.ResourceManager.Runtime.GoInstanceTask:RunCallBackProtected(Action`2, GameObject, Object)
FunPlus.WorldX.ResourceManager.Runtime.GoInstanceTask:ExcuteInstanceCallback(GameObject)
FunPlus.WorldX.ResourceManager.Runtime.GoInstanceTask:WrapperInstanceCallBack(Object, Object)
FunPlus.WorldX.ResourceManager.Runtime.Task:InstantiateAsyncCallback(AsyncOperation)
UnityEngine.AsyncOperation:InvokeCompletionEvent()

[8295.8067][Error]|@sxy 未查询到bindPose矩阵，bone:Bone R Hair Catgirl A 02 的父骨骼：Bone R Hair Catgirl A 01
UnityEngine.Logger:Log(LogType, Object)
UnityEngine.Debug:LogError(Object)
FunPlus.WorldX.Avatar.AvatarUtils:ApplyHairSkeleton(Dictionary`2, RendererInfoBase, Animator, AvatarHairReaction, AvatarHairReactionData)
FunPlus.WorldX.Model.SkeletonView:RefreshHairSkeleton(AvatarHairRuntimeData, Dictionary`2, RendererInfoBase)
FunPlus.WorldX.Model.AvatarPartModel:ProcessRuntimeData(ModelView)
FunPlus.WorldX.Model.AvatarPartModel:ProcessAllModel()
FunPlus.WorldX.Model.PrefabLoadTask:OnAssetLoaded(Object, Object)
FunPlus.WorldX.ResourceManager.Runtime.GoInstanceTask:RunCallBackProtected(Action`2, GameObject, Object)
FunPlus.WorldX.ResourceManager.Runtime.GoInstanceTask:ExcuteInstanceCallback(GameObject)
FunPlus.WorldX.ResourceManager.Runtime.GoInstanceTask:WrapperInstanceCallBack(Object, Object)
FunPlus.WorldX.ResourceManager.Runtime.Task:InstantiateAsyncCallback(AsyncOperation)
UnityEngine.AsyncOperation:InvokeCompletionEvent()

[8295.8980][Error]|[lua][error][CustomDict]	IntIntMap init property skipped, key declare maybe deleted	[[init]     ...p4dir\client\LuaScripts\Core\PropertySync\CustomDict.lua:295]
FunPlus.WorldX.Utils.GameLog:SimpleLog(LogType, IntPtr, Int32)
FunPlus.WorldX.Utils.LuaUtils:LogForLua(Int32, IntPtr, Int32)
XLua.CSObjectWrap.FunPlusWorldXUtilsLuaUtilsWrap:_m_LogForLua_xlua_st_(IntPtr)
XLua.LuaFunction:Action(T1, T2, T3, T4, T5, T6, T7)
FunPlus.WorldX.Manager.LuaManager:CommonUpdate()
FunPlus.WorldX.AppFacade:UpdateAllManager()

[8296.1762][Error]|[lua][error][CustomDict]	IntIntMap init property skipped, key declare maybe deleted	[[init]     ...p4dir\client\LuaScripts\Core\PropertySync\CustomDict.lua:295]
FunPlus.WorldX.Utils.GameLog:SimpleLog(LogType, IntPtr, Int32)
FunPlus.WorldX.Utils.LuaUtils:LogForLua(Int32, IntPtr, Int32)
XLua.CSObjectWrap.FunPlusWorldXUtilsLuaUtilsWrap:_m_LogForLua_xlua_st_(IntPtr)
XLua.LuaFunction:Action(T1, T2, T3, T4, T5, T6, T7)
FunPlus.WorldX.Manager.LuaManager:CommonUpdate()
FunPlus.WorldX.AppFacade:UpdateAllManager()

[8296.3464][Error]|[lua][error][CustomDict]	IntIntMap init property skipped, key declare maybe deleted	[[init]     ...p4dir\client\LuaScripts\Core\PropertySync\CustomDict.lua:295]
FunPlus.WorldX.Utils.GameLog:SimpleLog(LogType, IntPtr, Int32)
FunPlus.WorldX.Utils.LuaUtils:LogForLua(Int32, IntPtr, Int32)
XLua.CSObjectWrap.FunPlusWorldXUtilsLuaUtilsWrap:_m_LogForLua_xlua_st_(IntPtr)
XLua.LuaFunction:Action(T1, T2, T3, T4, T5, T6, T7)
FunPlus.WorldX.Manager.LuaManager:CommonUpdate()
FunPlus.WorldX.AppFacade:UpdateAllManager()

[8296.3490][Error]|[lua][error][CustomDict]	IntIntMap init property skipped, key declare maybe deleted	[[init]     ...p4dir\client\LuaScripts\Core\PropertySync\CustomDict.lua:295]
FunPlus.WorldX.Utils.GameLog:SimpleLog(LogType, IntPtr, Int32)
FunPlus.WorldX.Utils.LuaUtils:LogForLua(Int32, IntPtr, Int32)
XLua.CSObjectWrap.FunPlusWorldXUtilsLuaUtilsWrap:_m_LogForLua_xlua_st_(IntPtr)
XLua.LuaFunction:Action(T1, T2, T3, T4, T5, T6, T7)
FunPlus.WorldX.Manager.LuaManager:CommonUpdate()
FunPlus.WorldX.AppFacade:UpdateAllManager()

[8296.3503][Error]|[lua][error][CustomDict]	IntIntMap init property skipped, key declare maybe deleted	[[init]     ...p4dir\client\LuaScripts\Core\PropertySync\CustomDict.lua:295]
FunPlus.WorldX.Utils.GameLog:SimpleLog(LogType, IntPtr, Int32)
FunPlus.WorldX.Utils.LuaUtils:LogForLua(Int32, IntPtr, Int32)
XLua.CSObjectWrap.FunPlusWorldXUtilsLuaUtilsWrap:_m_LogForLua_xlua_st_(IntPtr)
XLua.LuaFunction:Action(T1, T2, T3, T4, T5, T6, T7)
FunPlus.WorldX.Manager.LuaManager:CommonUpdate()
FunPlus.WorldX.AppFacade:UpdateAllManager()

[8296.4820][Error]|[lua][error][CustomDict]	IntIntMap init property skipped, key declare maybe deleted	[[init]     ...p4dir\client\LuaScripts\Core\PropertySync\CustomDict.lua:295]
FunPlus.WorldX.Utils.GameLog:SimpleLog(LogType, IntPtr, Int32)
FunPlus.WorldX.Utils.LuaUtils:LogForLua(Int32, IntPtr, Int32)
XLua.CSObjectWrap.FunPlusWorldXUtilsLuaUtilsWrap:_m_LogForLua_xlua_st_(IntPtr)
XLua.LuaFunction:Action(T1, T2, T3, T4, T5, T6, T7)
FunPlus.WorldX.Manager.LuaManager:CommonUpdate()
FunPlus.WorldX.AppFacade:UpdateAllManager()

[8300.4948][Error]|[lua][error][CustomDict]	IntIntMap init property skipped, key declare maybe deleted	[[init]     ...p4dir\client\LuaScripts\Core\PropertySync\CustomDict.lua:295]
FunPlus.WorldX.Utils.GameLog:SimpleLog(LogType, IntPtr, Int32)
FunPlus.WorldX.Utils.LuaUtils:LogForLua(Int32, IntPtr, Int32)
XLua.CSObjectWrap.FunPlusWorldXUtilsLuaUtilsWrap:_m_LogForLua_xlua_st_(IntPtr)
XLua.LuaFunction:Action(T1, T2, T3, T4, T5, T6, T7)
FunPlus.WorldX.Manager.LuaManager:CommonUpdate()
FunPlus.WorldX.AppFacade:UpdateAllManager()

[8300.6822][Error]|[lua][error][CustomDict]	IntIntMap init property skipped, key declare maybe deleted	[[init]     ...p4dir\client\LuaScripts\Core\PropertySync\CustomDict.lua:295]
FunPlus.WorldX.Utils.GameLog:SimpleLog(LogType, IntPtr, Int32)
FunPlus.WorldX.Utils.LuaUtils:LogForLua(Int32, IntPtr, Int32)
XLua.CSObjectWrap.FunPlusWorldXUtilsLuaUtilsWrap:_m_LogForLua_xlua_st_(IntPtr)
XLua.LuaFunction:Action(T1, T2, T3, T4, T5, T6, T7)
FunPlus.WorldX.Manager.LuaManager:CommonUpdate()
FunPlus.WorldX.AppFacade:UpdateAllManager()

[8300.8599][Error]|[lua][error][CustomDict]	IntIntMap init property skipped, key declare maybe deleted	[[init]     ...p4dir\client\LuaScripts\Core\PropertySync\CustomDict.lua:295]
FunPlus.WorldX.Utils.GameLog:SimpleLog(LogType, IntPtr, Int32)
FunPlus.WorldX.Utils.LuaUtils:LogForLua(Int32, IntPtr, Int32)
XLua.CSObjectWrap.FunPlusWorldXUtilsLuaUtilsWrap:_m_LogForLua_xlua_st_(IntPtr)
XLua.LuaFunction:Action(T1, T2, T3, T4, T5, T6, T7)
FunPlus.WorldX.Manager.LuaManager:CommonUpdate()
FunPlus.WorldX.AppFacade:UpdateAllManager()

[8301.2502][Error]|[lua][error][CustomDict]	IntIntMap init property skipped, key declare maybe deleted	[[init]     ...p4dir\client\LuaScripts\Core\PropertySync\CustomDict.lua:295]
FunPlus.WorldX.Utils.GameLog:SimpleLog(LogType, IntPtr, Int32)
FunPlus.WorldX.Utils.LuaUtils:LogForLua(Int32, IntPtr, Int32)
XLua.CSObjectWrap.FunPlusWorldXUtilsLuaUtilsWrap:_m_LogForLua_xlua_st_(IntPtr)
XLua.LuaFunction:Action(T1, T2, T3, T4, T5, T6, T7)
FunPlus.WorldX.Manager.LuaManager:CommonUpdate()
FunPlus.WorldX.AppFacade:UpdateAllManager()

[8302.8264][Error]|[lua][error][CustomDict]	IntIntMap init property skipped, key declare maybe deleted	[[init]     ...p4dir\client\LuaScripts\Core\PropertySync\CustomDict.lua:295]
FunPlus.WorldX.Utils.GameLog:SimpleLog(LogType, IntPtr, Int32)
FunPlus.WorldX.Utils.LuaUtils:LogForLua(Int32, IntPtr, Int32)
XLua.CSObjectWrap.FunPlusWorldXUtilsLuaUtilsWrap:_m_LogForLua_xlua_st_(IntPtr)
XLua.LuaFunction:Action(T1, T2, T3, T4, T5, T6, T7)
FunPlus.WorldX.Manager.LuaManager:CommonUpdate()
FunPlus.WorldX.AppFacade:UpdateAllManager()

[8303.9051][Error]|[lua][error][CustomDict]	IntIntMap init property skipped, key declare maybe deleted	[[init]     ...p4dir\client\LuaScripts\Core\PropertySync\CustomDict.lua:295]
FunPlus.WorldX.Utils.GameLog:SimpleLog(LogType, IntPtr, Int32)
FunPlus.WorldX.Utils.LuaUtils:LogForLua(Int32, IntPtr, Int32)
XLua.CSObjectWrap.FunPlusWorldXUtilsLuaUtilsWrap:_m_LogForLua_xlua_st_(IntPtr)
XLua.LuaFunction:Action(T1, T2, T3, T4, T5, T6, T7)
FunPlus.WorldX.Manager.LuaManager:CommonUpdate()
FunPlus.WorldX.AppFacade:UpdateAllManager()

[8304.6737][Error]|[lua][error][CustomDict]	IntIntMap init property skipped, key declare maybe deleted	[[init]     ...p4dir\client\LuaScripts\Core\PropertySync\CustomDict.lua:295]
FunPlus.WorldX.Utils.GameLog:SimpleLog(LogType, IntPtr, Int32)
FunPlus.WorldX.Utils.LuaUtils:LogForLua(Int32, IntPtr, Int32)
XLua.CSObjectWrap.FunPlusWorldXUtilsLuaUtilsWrap:_m_LogForLua_xlua_st_(IntPtr)
XLua.LuaFunction:Action(T1, T2, T3, T4, T5, T6, T7)
FunPlus.WorldX.Manager.LuaManager:CommonUpdate()
FunPlus.WorldX.AppFacade:UpdateAllManager()

[8305.0945][Error]|[lua][error][CustomDict]	IntIntMap init property skipped, key declare maybe deleted	[[init]     ...p4dir\client\LuaScripts\Core\PropertySync\CustomDict.lua:295]
FunPlus.WorldX.Utils.GameLog:SimpleLog(LogType, IntPtr, Int32)
FunPlus.WorldX.Utils.LuaUtils:LogForLua(Int32, IntPtr, Int32)
XLua.CSObjectWrap.FunPlusWorldXUtilsLuaUtilsWrap:_m_LogForLua_xlua_st_(IntPtr)
XLua.LuaFunction:Action(T1, T2, T3, T4, T5, T6, T7)
FunPlus.WorldX.Manager.LuaManager:CommonUpdate()
FunPlus.WorldX.AppFacade:UpdateAllManager()

[8307.3096][Error]|[lua][error][ClientLeylineFlowerComponent]	_creatClientEntityAndStart repeat ClientPlayer, 202000105443	[[_createClientEntity]     ...ceEntities\PlayerComponent\ClientDispatcherComponent.lua:291]
FunPlus.WorldX.Utils.GameLog:SimpleLog(LogType, IntPtr, Int32)
FunPlus.WorldX.Utils.LuaUtils:LogForLua(Int32, IntPtr, Int32)
XLua.CSObjectWrap.FunPlusWorldXUtilsLuaUtilsWrap:_m_LogForLua_xlua_st_(IntPtr)
XLua.LuaFunction:Action(T1, T2, T3, T4, T5, T6, T7)
FunPlus.WorldX.Manager.LuaManager:CommonUpdate()
FunPlus.WorldX.AppFacade:UpdateAllManager()

[8311.7547][Log]|[lua][info][2026-09-17 04:49:07.141370]	[info]	[PHONESTCORE_HOOK]	[clearSpace is_destroy:true id:aqn8PjNA6Sar4j_M actor count:0]	[Space.cpp:30(logic::Space::clearSpace)]
FunPlus.WorldX.Utils.GameLog:SimpleLog(LogType, IntPtr, Int32)
FunPlus.WorldX.Utils.LuaUtils:LogForLua(Int32, IntPtr, Int32)
XLua.CSObjectWrap.FunPlusWorldXUtilsLuaUtilsWrap:_m_LogForLua_xlua_st_(IntPtr)
XLua.LuaFunction:Action(T1, T2, T3, T4, T5, T6, T7)
FunPlus.WorldX.Manager.LuaManager:CommonUpdate()
FunPlus.WorldX.AppFacade:UpdateAllManager()

[8311.8805][Log]|[lua][info][2026-09-17 04:49:07.270810]	[info]	[PHONESTCORE_HOOK]	[client 0x28f31313b90 stop]	[Client.hpp:41(phonestcore::Client::stop)]
FunPlus.WorldX.Utils.GameLog:SimpleLog(LogType, IntPtr, Int32)
FunPlus.WorldX.Utils.LuaUtils:LogForLua(Int32, IntPtr, Int32)
XLua.CSObjectWrap.FunPlusWorldXUtilsLuaUtilsWrap:_m_LogForLua_xlua_st_(IntPtr)
XLua.LuaFunction:Action(T1, T2, T3, T4, T5, T6, T7)
FunPlus.WorldX.Manager.LuaManager:CommonUpdate()
FunPlus.WorldX.AppFacade:UpdateAllManager()

[8311.8808][Log]|[lua][info][2026-09-17 04:49:07.270864]	[info]	[PHONESTCORE_HOOK]	[client 0x28f542b50d0 connect to eu-prod-singleworld-1000.worldx-gate.kingsgroupgames.com 20000]	[Client.hpp:26(phonestcore::Client::connect)]
FunPlus.WorldX.Utils.GameLog:SimpleLog(LogType, IntPtr, Int32)
FunPlus.WorldX.Utils.LuaUtils:LogForLua(Int32, IntPtr, Int32)
XLua.CSObjectWrap.FunPlusWorldXUtilsLuaUtilsWrap:_m_LogForLua_xlua_st_(IntPtr)
XLua.LuaFunction:Action(T1, T2, T3, T4, T5, T6, T7)
FunPlus.WorldX.Manager.LuaManager:CommonUpdate()
FunPlus.WorldX.AppFacade:UpdateAllManager()

[8311.8808][Warn]|[lua][warning][2026-09-17 04:49:07.270878]	[warning]	[PHONESTCORE_HOOK]	[0x290870d62d0 onRead error The I/O operation has been aborted because of either a thread exit or an application request]	[TcpConnection.cpp:56(phonestcore::TcpConnection::onRead)]
FunPlus.WorldX.Utils.GameLog:SimpleLog(LogType, IntPtr, Int32)
FunPlus.WorldX.Utils.LuaUtils:LogForLua(Int32, IntPtr, Int32)
XLua.CSObjectWrap.FunPlusWorldXUtilsLuaUtilsWrap:_m_LogForLua_xlua_st_(IntPtr)
XLua.LuaFunction:Action(T1, T2, T3, T4, T5, T6, T7)
FunPlus.WorldX.Manager.LuaManager:CommonUpdate()
FunPlus.WorldX.AppFacade:UpdateAllManager()

[8311.9252][Log]|[lua][info][2026-09-17 04:49:07.314837]	[info]	[PHONESTCORE_HOOK]	[TcpClient(0x28f542b50d0) onResolve ok, endpointCount=2, firstEndpoint=47.245.180.250:20000, family=IPv4]	[TcpClient.cpp:74(phonestcore::TcpClient::onResolve)]
FunPlus.WorldX.Utils.GameLog:SimpleLog(LogType, IntPtr, Int32)
FunPlus.WorldX.Utils.LuaUtils:LogForLua(Int32, IntPtr, Int32)
XLua.CSObjectWrap.FunPlusWorldXUtilsLuaUtilsWrap:_m_LogForLua_xlua_st_(IntPtr)
XLua.LuaFunction:Action(T1, T2, T3, T4, T5, T6, T7)
FunPlus.WorldX.Manager.LuaManager:CommonUpdate()
FunPlus.WorldX.AppFacade:UpdateAllManager()

[8311.9254][Log]|[lua][info][2026-09-17 04:49:07.314880]	[info]	[PHONESTCORE_HOOK]	[TcpClient(0x28f542b50d0) tryConnect endpoint=47.245.180.250:20000 family=IPv4]	[TcpClient.cpp:119(phonestcore::TcpClient::tryConnect)]
FunPlus.WorldX.Utils.GameLog:SimpleLog(LogType, IntPtr, Int32)
FunPlus.WorldX.Utils.LuaUtils:LogForLua(Int32, IntPtr, Int32)
XLua.CSObjectWrap.FunPlusWorldXUtilsLuaUtilsWrap:_m_LogForLua_xlua_st_(IntPtr)
XLua.LuaFunction:Action(T1, T2, T3, T4, T5, T6, T7)
FunPlus.WorldX.Manager.LuaManager:CommonUpdate()
FunPlus.WorldX.AppFacade:UpdateAllManager()

[8311.9443][Log]|[lua][info][2026-09-17 04:49:07.334132]	[info]	[PHONESTCORE_HOOK]	[LuaClient(0x28f49436dd0)::connectCallback status true]	[LuaClient.h:75(phonestcore::LuaClient::connect::<lambda_ffd3430e67ee12999344db9951a5eac4>::operator ())]
FunPlus.WorldX.Utils.GameLog:SimpleLog(LogType, IntPtr, Int32)
FunPlus.WorldX.Utils.LuaUtils:LogForLua(Int32, IntPtr, Int32)
XLua.CSObjectWrap.FunPlusWorldXUtilsLuaUtilsWrap:_m_LogForLua_xlua_st_(IntPtr)
XLua.LuaFunction:Action(T1, T2, T3, T4, T5, T6, T7)
FunPlus.WorldX.Manager.LuaManager:CommonUpdate()
FunPlus.WorldX.AppFacade:UpdateAllManager()

[8312.5140][Log]|[lua][info][2026-09-17 04:49:07.879195]	[info]	[PHONESTCORE_HOOK]	[Actor::setIsMainPlayerActor: true, actor_id: 8093683]	[ActorC.h:75(logic::ActorC::setIsMainPlayerActor)]
FunPlus.WorldX.Utils.GameLog:SimpleLog(LogType, IntPtr, Int32)
FunPlus.WorldX.Utils.LuaUtils:LogForLua(Int32, IntPtr, Int32)
XLua.CSObjectWrap.FunPlusWorldXUtilsLuaUtilsWrap:_m_LogForLua_xlua_st_(IntPtr)
XLua.LuaFunction:Action(T1, T2, T3, T4, T5, T6, T7)
FunPlus.WorldX.Manager.LuaManager:CommonUpdate()
FunPlus.WorldX.AppFacade:UpdateAllManager()

[8312.5141][Log]|[lua][info][2026-09-17 04:49:07.885321]	[info]	[PHONESTCORE_HOOK]	[createVoxelScene new>>>id:100-202000114279-3000 0x2902a6c38b0	ref:1]	[SpaceManagerC.cpp:78(logic::SpaceManagerC::createVoxelScene)]
FunPlus.WorldX.Utils.GameLog:SimpleLog(LogType, IntPtr, Int32)
FunPlus.WorldX.Utils.LuaUtils:LogForLua(Int32, IntPtr, Int32)
XLua.CSObjectWrap.FunPlusWorldXUtilsLuaUtilsWrap:_m_LogForLua_xlua_st_(IntPtr)
XLua.LuaFunction:Action(T1, T2, T3, T4, T5, T6, T7)
FunPlus.WorldX.Manager.LuaManager:CommonUpdate()
FunPlus.WorldX.AppFacade:UpdateAllManager()

[ABDIAG] cached scene paths name='xpt21_mres_exunity_0.uab' count=1
Unloading 1 Unused Serialized files (Serialized files now loaded: 1338)
UnloadTime: 15.822800 ms
Unloading 32714 unused Assets to reduce memory usage. Loaded Objects now: 131230.
Total: 160.875600 ms (FindLiveObjects: 7.976800 ms CreateObjectMapping: 5.279700 ms MarkObjects: 133.316800 ms  DeleteObjects: 14.301900 ms)

The referenced script on this Behaviour (Game Object '35Rad_Sphere_Cloud') is missing!
The referenced script on this Behaviour (Game Object '20Rad_Sphere_Cloud') is missing!
The referenced script on this Behaviour (Game Object '') is missing!
[ABDIAG] cached scene paths name='mres_level_exunity_1.uab' count=57
Unloading 1 Unused Serialized files (Serialized files now loaded: 1455)
UnloadTime: 0.483300 ms
Unloading 708 unused Assets to reduce memory usage. Loaded Objects now: 141930.
Total: 151.697400 ms (FindLiveObjects: 10.172000 ms CreateObjectMapping: 7.049900 ms MarkObjects: 133.907500 ms  DeleteObjects: 0.567000 ms)

Couldn't create a Convex Mesh from source mesh "M_Item_SceneObject_BouncePlantBig_Grow_A" within the maximum polygons limit (256). The partial hull will be used. Consider simplifying your mesh.
Couldn't create a Convex Mesh from source mesh "M_Item_SceneObject_BouncePlantBig_Dry_A" within the maximum polygons limit (256). The partial hull will be used. Consider simplifying your mesh.
The referenced script on this Behaviour (Game Object '35Rad_Sphere_Cloud') is missing!
The referenced script on this Behaviour (Game Object '20Rad_Sphere_Cloud') is missing!
The referenced script on this Behaviour (Game Object '25Rad_Sphere_Cloud (3)') is missing!
Couldn't create a Convex Mesh from source mesh "SM_Rock_Cliff_Beach_12_Collider_Mesh_-628442756" within the maximum polygons limit (256). The partial hull will be used. Consider simplifying your mesh.
Couldn't create a Convex Mesh from source mesh "SM_Rock_Cliff_Beach_05_CM_2024070376" within the maximum polygons limit (256). The partial hull will be used. Consider simplifying your mesh.
Couldn't create a Convex Mesh from source mesh "SM_Rock_Beachrock_009_D_CM_881445048" within the maximum polygons limit (256). The partial hull will be used. Consider simplifying your mesh.
Couldn't create a Convex Mesh from source mesh "SM_LVIOT_Rock_SplitMountains_004_A_Collider_Mesh_278569052" within the maximum polygons limit (256). The partial hull will be used. Consider simplifying your mesh.
Couldn't create a Convex Mesh from source mesh "SM_LVIOT_Rock_Cliff_01_C_Collider_Mesh_Stone_518205044" within the maximum polygons limit (256). The partial hull will be used. Consider simplifying your mesh.
Couldn't create a Convex Mesh from source mesh "SM_LVIOT_Rock_Cliff_01_A_CM_-1667037262" within the maximum polygons limit (256). The partial hull will be used. Consider simplifying your mesh.
Couldn't create a Convex Mesh from source mesh "SM_LVIOT_Rock_Cliff_01_B_Collider_Convex_Stone_-2128040324" within the maximum polygons limit (256). The partial hull will be used. Consider simplifying your mesh.
Couldn't create a Convex Mesh from source mesh "SM_Rock_Cliff_Beach_04_CM_-1533757938" within the maximum polygons limit (256). The partial hull will be used. Consider simplifying your mesh.
Couldn't create a Convex Mesh from source mesh "SM_Rock_Edge_Big_02_CM_1997472482" within the maximum polygons limit (256). The partial hull will be used. Consider simplifying your mesh.
Couldn't create a Convex Mesh from source mesh "SM_LVIOT_Rock_Cliff_01_F_CM_-1920994744" within the maximum polygons limit (256). The partial hull will be used. Consider simplifying your mesh.
Couldn't create a Convex Mesh from source mesh "SM_Rock_Cliffwall_004_CM_-789190536" within the maximum polygons limit (256). The partial hull will be used. Consider simplifying your mesh.
Couldn't create a Convex Mesh from source mesh "SM_Rock_Cliff_Beach_07_CM_278463260" within the maximum polygons limit (256). The partial hull will be used. Consider simplifying your mesh.
Couldn't create a Convex Mesh from source mesh "SM_Rock_Cliff_Hilly_07_CM_1166888786" within the maximum polygons limit (256). The partial hull will be used. Consider simplifying your mesh.
Couldn't create a Convex Mesh from source mesh "SM_Rock_Cliff_Beach_06_CM_606194242" within the maximum polygons limit (256). The partial hull will be used. Consider simplifying your mesh.
Couldn't create a Convex Mesh from source mesh "SM_LVIOT_Rock_Cliff_05_A_Collider_CM_02_1411904746" within the maximum polygons limit (256). The partial hull will be used. Consider simplifying your mesh.
Couldn't create a Convex Mesh from source mesh "SM_Rock_Mountain_02_CM_435822050" within the maximum polygons limit (256). The partial hull will be used. Consider simplifying your mesh.
Couldn't create a Convex Mesh from source mesh "SM_Rock_Edge_Big_01_CM_1648632610" within the maximum polygons limit (256). The partial hull will be used. Consider simplifying your mesh.
Couldn't create a Convex Mesh from source mesh "SM_Stone_SmoothStone_009_A_CM_2099548914" within the maximum polygons limit (256). The partial hull will be used. Consider simplifying your mesh.
Couldn't create a Convex Mesh from source mesh "SM_Rock_Cliff_Hilly_02_Collider_Mesh_105490436" within the maximum polygons limit (256). The partial hull will be used. Consider simplifying your mesh.
Couldn't create a Convex Mesh from source mesh "SM_Rock_Edge_Mid_01_CM_-1168274782" within the maximum polygons limit (256). The partial hull will be used. Consider simplifying your mesh.
Couldn't create a Convex Mesh from source mesh "SM_Rock_Edge_Mid_04_CM_1505413858" within the maximum polygons limit (256). The partial hull will be used. Consider simplifying your mesh.
Couldn't create a Convex Mesh from source mesh "SM_Rock_Cliff_Beach_10_Collider_Mesh_1374907504" within the maximum polygons limit (256). The partial hull will be used. Consider simplifying your mesh.
Couldn't create a Convex Mesh from source mesh "SM_Rock_Cliff_Beach_01_CM_811127384" within the maximum polygons limit (256). The partial hull will be used. Consider simplifying your mesh.
Couldn't create a Convex Mesh from source mesh "SM_Rock_Cliff_Beach_03_CM_-934479732" within the maximum polygons limit (256). The partial hull will be used. Consider simplifying your mesh.
Couldn't create a Convex Mesh from source mesh "SM_Rock_Cliff_Hilly_08_CM_-1530425176" within the maximum polygons limit (256). The partial hull will be used. Consider simplifying your mesh.
Couldn't create a Convex Mesh from source mesh "SM_Rock_Cliffwall_001_Collider_Mesh_-2008044692" within the maximum polygons limit (256). The partial hull will be used. Consider simplifying your mesh.
Couldn't create a Convex Mesh from source mesh "SM_Rock_Edge_Big_07_CM_-1819458910" within the maximum polygons limit (256). The partial hull will be used. Consider simplifying your mesh.
Couldn't create a Convex Mesh from source mesh "SM_Rock_Beachrock_001_Collider_Mesh_-1736269204" within the maximum polygons limit (256). The partial hull will be used. Consider simplifying your mesh.
Couldn't create a Convex Mesh from source mesh "SM_Rock_Cliffwall_002_Collider_Mesh_-866322356" within the maximum polygons limit (256). The partial hull will be used. Consider simplifying your mesh.
Couldn't create a Convex Mesh from source mesh "SM_Rock_Beachrock_003_B_Collider_Mesh_-646731316" within the maximum polygons limit (256). The partial hull will be used. Consider simplifying your mesh.
Couldn't create a Convex Mesh from source mesh "SM_Rock_Beachrock_003_A_Collider_Mesh_-1931667380" within the maximum polygons limit (256). The partial hull will be used. Consider simplifying your mesh.
Setting linear velocity of a kinematic body is not supported.
FunPlus.WorldX.Entities.Components.AttachInfo:OnEnable_Physics(Entity, Entity)
FunPlus.WorldX.Entities.Components.AttachInfo:OnEnable(Entity, Entity)
FunPlus.WorldX.Entities.Components.AttachInfo:LateUpdate(Single)
FunPlus.WorldX.Manager.EntityManager:BeforeRender()
FunPlus.WorldX.AppFacade:BeforeRenderUpdateManager()

[ line -1504778664]

Couldn't create a Convex Mesh from source mesh "SM_Item_Props_SoulEgg_Rare_Collider_Conevx_400907215" within the maximum polygons limit (256). The partial hull will be used. Consider simplifying your mesh.
Setting linear velocity of a kinematic body is not supported.
FunPlus.WorldX.Entities.Components.AttachInfo:OnEnable_Physics(Entity, Entity)
FunPlus.WorldX.Entities.Components.AttachInfo:OnEnable(Entity, Entity)
FunPlus.WorldX.Entities.Components.AttachInfo:LateUpdate(Single)
FunPlus.WorldX.Manager.EntityManager:BeforeRender()
FunPlus.WorldX.AppFacade:BeforeRenderUpdateManager()

[ line -1504778664]

Setting linear velocity of a kinematic body is not supported.
FunPlus.WorldX.Entities.Components.AttachInfo:OnEnable_Physics(Entity, Entity)
FunPlus.WorldX.Entities.Components.AttachInfo:OnEnable(Entity, Entity)
FunPlus.WorldX.Entities.Components.AttachInfo:LateUpdate(Single)
FunPlus.WorldX.Manager.EntityManager:BeforeRender()
FunPlus.WorldX.AppFacade:BeforeRenderUpdateManager()

[ line -1504778664]

The referenced script on this Behaviour (Game Object '<null>') is missing!
The referenced script on this Behaviour (Game Object '<null>') is missing!
The referenced script on this Behaviour (Game Object '<null>') is missing!
The referenced script on this Behaviour (Game Object '') is missing!
The referenced script on this Behaviour (Game Object '<null>') is missing!
The referenced script on this Behaviour (Game Object '<null>') is missing!
The referenced script on this Behaviour (Game Object '<null>') is missing!
The referenced script on this Behaviour (Game Object '<null>') is missing!
The referenced script on this Behaviour (Game Object '<null>') is missing!
The referenced script on this Behaviour (Game Object '<null>') is missing!
The referenced script on this Behaviour (Game Object '<null>') is missing!
The referenced script on this Behaviour (Game Object '<null>') is missing!
The referenced script on this Behaviour (Game Object '<null>') is missing!
The referenced script on this Behaviour (Game Object '<null>') is missing!
The referenced script on this Behaviour (Game Object '<null>') is missing!
The referenced script on this Behaviour (Game Object '<null>') is missing!
The referenced script on this Behaviour (Game Object '<null>') is missing!
Can't add 'SkinnedMeshBatch' to M_Parmon_10371_Body02 because a 'SkinnedMeshBatch' is already added to the game object!
UnityEngine.GameObject:AddComponent()
XRender.Pipeline.Modules.SkinnedMeshCombine.SkinnedMeshBufferMgr:AddSkinnedComponent(SkinnedMeshRenderer)

[ line -1504780888]

Unloading 1 Unused Serialized files (Serialized files now loaded: 1391)
Unloading 236 unused Assets to reduce memory usage. Loaded Objects now: 183819.
Total: 141.679000 ms (FindLiveObjects: 10.180900 ms CreateObjectMapping: 5.839700 ms MarkObjects: 125.299200 ms  DeleteObjects: 0.359000 ms)

Can't add 'SkinnedMeshBatch' to M_Parmon_10371_Body02 because a 'SkinnedMeshBatch' is already added to the game object!
UnityEngine.GameObject:AddComponent()
XRender.Pipeline.Modules.SkinnedMeshCombine.SkinnedMeshBufferMgr:AddSkinnedComponent(SkinnedMeshRenderer)
FunPlus.WorldX.Model.PrefabLoadTask:Destroy()
FunPlus.WorldX.Model.PhysiqueModel:DestroyModel()
FunPlus.WorldX.Model.ModelView:DestroyAllModel(Boolean)
FunPlus.WorldX.Model.ModelView:Destroy()
FunPlus.WorldX.Entities.Components.ModelComponent:Destroy()
FunPlus.WorldX.Entities.EntityBase:DelAllComponent()
FunPlus.WorldX.Entities.EntityBase:OnDestroy()
FunPlus.WorldX.Manager.EntityManager:DestroyEModel(Entity)
XLua.CSObjectWrap.FunPlusWorldXManagerEntityManagerWrap:_m_DestroyEModel(IntPtr)
XLua.LuaFunction:Func(T1, T2)
FunPlus.WorldX.Cutscene.CutsceneItem:CmdLua(String, Object[])
FunPlus.WorldX.Cutscene.CutsceneRoot:DestroyAssets()
FunPlus.WorldX.Cutscene.CutsceneInitializer:Dispose()
XLua.CSObjectWrap.FunPlusWorldXManagerCutsceneManagerWrap:_m_DestroyCutscene(IntPtr)
XLua.LuaFunction:Action(T1, T2, T3, T4, T5, T6, T7)
FunPlus.WorldX.Manager.LuaManager:CommonUpdate()
FunPlus.WorldX.AppFacade:UpdateAllManager()

[ line -1504784648]

[8317.7196][Log]|[lua][info][2026-09-17 04:49:13.108411]	[info]	[PHONESTCORE_HOOK]	[clearSpace is_destroy:true id:100-202000114279-3000 actor count:0]	[Space.cpp:30(logic::Space::clearSpace)]
FunPlus.WorldX.Utils.GameLog:SimpleLog(LogType, IntPtr, Int32)
FunPlus.WorldX.Utils.LuaUtils:LogForLua(Int32, IntPtr, Int32)
XLua.CSObjectWrap.FunPlusWorldXUtilsLuaUtilsWrap:_m_LogForLua_xlua_st_(IntPtr)
XLua.LuaFunction:Action(T1, T2, T3, T4, T5, T6, T7)
FunPlus.WorldX.Manager.LuaManager:CommonUpdate()
FunPlus.WorldX.AppFacade:UpdateAllManager()

[8317.8174][Error]|[lua][error][SafeCallback]	SafeCallback traceback occurred 
	...eApp\Core\SceneAdapter.lua:401	...t\LuaScripts\Entities\SpaceEntities\ClientMainPlayer.lua:1066: attempt to index field 'space' (a nil value)
stack traceback:
	...t\LuaScripts\Entities\SpaceEntities\ClientMainPlayer.lua:1066: in function 'playTeleportAnim'
	...t\LuaScripts\Entities\SpaceEntities\ClientMainPlayer.lua:1032: in function 'triggerPlayerTeleportAppear'
	...t\LuaScripts\Entities\SpaceEntities\ClientMainPlayer.lua:1037: in function 'tryTriggerPendingTeleportAppear'
	...oj\p4dir\client\LuaScripts\GameApp\Core\SceneAdapter.lua:417: in function <...oj\p4dir\client\LuaScripts\GameApp\Core\SceneAdapter.lua:401>
	[C]: in function 'xpcall'
	...proj\p4dir\client\LuaScripts\Core\Timer\TimerManager.lua:403: in function <...proj\p4dir\client\LuaScripts\Core\Timer\TimerManager.lua:386>
	[C]: in function 'pullIO'
	...lish\proj\p4dir\client\LuaScripts\Core\Net\Scheduler.lua:13: in function 'poll'
	...nPublish\proj\p4dir\client\LuaScripts\Network\Client.lua:399: in function <...nPublish\proj\p4dir\client\LuaScripts\Network\Client.lua:398>
	[C]: in function 'xpcall'
	...roj\p4dir\client\LuaScripts\Core\Framework\Exception.lua:39: in function 'try'
	...nPublish\proj\p4dir\client\LuaScripts\Network\Client.lua:369: in function 'update'
	...ce\XWinPublish\proj\p4dir\client\LuaScripts\Lib\Main.lua:84: in function <...ce\XWinPublish\proj\p4dir\client\LuaScripts\Lib\Main.lua:79>	[[]     ...proj\p4dir\client\LuaScripts\Core\Timer\TimerManager.lua:405]
FunPlus.WorldX.Utils.GameLog:SimpleLog(LogType, IntPtr, Int32)
FunPlus.WorldX.Utils.LuaUtils:LogForLua(Int32, IntPtr, Int32)
XLua.CSObjectWrap.FunPlusWorldXUtilsLuaUtilsWrap:_m_LogForLua_xlua_st_(IntPtr)
XLua.LuaFunction:Action(T1, T2, T3, T4, T5, T6, T7)
FunPlus.WorldX.Manager.LuaManager:CommonUpdate()
FunPlus.WorldX.AppFacade:UpdateAllManager()

[8317.9013][Log]|[lua][info][2026-09-17 04:49:13.291597]	[info]	[PHONESTCORE_HOOK]	[client 0x28f542b50d0 stop]	[Client.hpp:41(phonestcore::Client::stop)]
FunPlus.WorldX.Utils.GameLog:SimpleLog(LogType, IntPtr, Int32)
FunPlus.WorldX.Utils.LuaUtils:LogForLua(Int32, IntPtr, Int32)
XLua.CSObjectWrap.FunPlusWorldXUtilsLuaUtilsWrap:_m_LogForLua_xlua_st_(IntPtr)
XLua.LuaFunction:Action(T1, T2, T3, T4, T5, T6, T7)
FunPlus.WorldX.Manager.LuaManager:CommonUpdate()
FunPlus.WorldX.AppFacade:UpdateAllManager()

[8317.9017][Log]|[lua][info][2026-09-17 04:49:13.291661]	[info]	[PHONESTCORE_HOOK]	[client 0x28f542b5e50 connect to eu-prod-line-2000.worldx-gate.kingsgroupgames.com 20000]	[Client.hpp:26(phonestcore::Client::connect)]
FunPlus.WorldX.Utils.GameLog:SimpleLog(LogType, IntPtr, Int32)
FunPlus.WorldX.Utils.LuaUtils:LogForLua(Int32, IntPtr, Int32)
XLua.CSObjectWrap.FunPlusWorldXUtilsLuaUtilsWrap:_m_LogForLua_xlua_st_(IntPtr)
XLua.LuaFunction:Action(T1, T2, T3, T4, T5, T6, T7)
FunPlus.WorldX.Manager.LuaManager:CommonUpdate()
FunPlus.WorldX.AppFacade:UpdateAllManager()

[8317.9019][Warn]|[lua][warning][2026-09-17 04:49:13.291685]	[warning]	[PHONESTCORE_HOOK]	[0x28fcb82e550 onRead error The I/O operation has been aborted because of either a thread exit or an application request]	[TcpConnection.cpp:56(phonestcore::TcpConnection::onRead)]
FunPlus.WorldX.Utils.GameLog:SimpleLog(LogType, IntPtr, Int32)
FunPlus.WorldX.Utils.LuaUtils:LogForLua(Int32, IntPtr, Int32)
XLua.CSObjectWrap.FunPlusWorldXUtilsLuaUtilsWrap:_m_LogForLua_xlua_st_(IntPtr)
XLua.LuaFunction:Action(T1, T2, T3, T4, T5, T6, T7)
FunPlus.WorldX.Manager.LuaManager:CommonUpdate()
FunPlus.WorldX.AppFacade:UpdateAllManager()

[8317.9502][Log]|[lua][info][2026-09-17 04:49:13.335792]	[info]	[PHONESTCORE_HOOK]	[TcpClient(0x28f542b5e50) onResolve ok, endpointCount=2, firstEndpoint=47.245.160.135:20000, family=IPv4]	[TcpClient.cpp:74(phonestcore::TcpClient::onResolve)]
FunPlus.WorldX.Utils.GameLog:SimpleLog(LogType, IntPtr, Int32)
FunPlus.WorldX.Utils.LuaUtils:LogForLua(Int32, IntPtr, Int32)
XLua.CSObjectWrap.FunPlusWorldXUtilsLuaUtilsWrap:_m_LogForLua_xlua_st_(IntPtr)
XLua.LuaFunction:Action(T1, T2, T3, T4, T5, T6, T7)
FunPlus.WorldX.Manager.LuaManager:CommonUpdate()
FunPlus.WorldX.AppFacade:UpdateAllManager()

[8317.9503][Log]|[lua][info][2026-09-17 04:49:13.335838]	[info]	[PHONESTCORE_HOOK]	[TcpClient(0x28f542b5e50) tryConnect endpoint=47.245.160.135:20000 family=IPv4]	[TcpClient.cpp:119(phonestcore::TcpClient::tryConnect)]
FunPlus.WorldX.Utils.GameLog:SimpleLog(LogType, IntPtr, Int32)
FunPlus.WorldX.Utils.LuaUtils:LogForLua(Int32, IntPtr, Int32)
XLua.CSObjectWrap.FunPlusWorldXUtilsLuaUtilsWrap:_m_LogForLua_xlua_st_(IntPtr)
XLua.LuaFunction:Action(T1, T2, T3, T4, T5, T6, T7)
FunPlus.WorldX.Manager.LuaManager:CommonUpdate()
FunPlus.WorldX.AppFacade:UpdateAllManager()

[8317.9721][Log]|[lua][info][2026-09-17 04:49:13.351866]	[info]	[PHONESTCORE_HOOK]	[LuaClient(0x28da5ce9280)::connectCallback status true]	[LuaClient.h:75(phonestcore::LuaClient::connect::<lambda_ffd3430e67ee12999344db9951a5eac4>::operator ())]
FunPlus.WorldX.Utils.GameLog:SimpleLog(LogType, IntPtr, Int32)
FunPlus.WorldX.Utils.LuaUtils:LogForLua(Int32, IntPtr, Int32)
XLua.CSObjectWrap.FunPlusWorldXUtilsLuaUtilsWrap:_m_LogForLua_xlua_st_(IntPtr)
XLua.LuaFunction:Action(T1, T2, T3, T4, T5, T6, T7)
FunPlus.WorldX.Manager.LuaManager:CommonUpdate()
FunPlus.WorldX.AppFacade:UpdateAllManager()

[8318.5342][Log]|[lua][info][2026-09-17 04:49:13.904737]	[info]	[PHONESTCORE_HOOK]	[Actor::setIsMainPlayerActor: true, actor_id: 182725]	[ActorC.h:75(logic::ActorC::setIsMainPlayerActor)]
FunPlus.WorldX.Utils.GameLog:SimpleLog(LogType, IntPtr, Int32)
FunPlus.WorldX.Utils.LuaUtils:LogForLua(Int32, IntPtr, Int32)
XLua.CSObjectWrap.FunPlusWorldXUtilsLuaUtilsWrap:_m_LogForLua_xlua_st_(IntPtr)
XLua.LuaFunction:Action(T1, T2, T3, T4, T5, T6, T7)
FunPlus.WorldX.Manager.LuaManager:CommonUpdate()
FunPlus.WorldX.AppFacade:UpdateAllManager()

[8318.5343][Log]|[lua][info][2026-09-17 04:49:13.912233]	[info]	[PHONESTCORE_HOOK]	[createVoxelScene new>>>id:aqn9Snf4fX20mwo4 0x2902a6c30d0	ref:1]	[SpaceManagerC.cpp:78(logic::SpaceManagerC::createVoxelScene)]
FunPlus.WorldX.Utils.GameLog:SimpleLog(LogType, IntPtr, Int32)
FunPlus.WorldX.Utils.LuaUtils:LogForLua(Int32, IntPtr, Int32)
XLua.CSObjectWrap.FunPlusWorldXUtilsLuaUtilsWrap:_m_LogForLua_xlua_st_(IntPtr)
XLua.LuaFunction:Action(T1, T2, T3, T4, T5, T6, T7)
FunPlus.WorldX.Manager.LuaManager:CommonUpdate()
FunPlus.WorldX.AppFacade:UpdateAllManager()

[8318.6536][Error]|[lua][error][CustomDict]	IntIntMap init property skipped, key declare maybe deleted	[[init]     ...p4dir\client\LuaScripts\Core\PropertySync\CustomDict.lua:295]
FunPlus.WorldX.Utils.GameLog:SimpleLog(LogType, IntPtr, Int32)
FunPlus.WorldX.Utils.LuaUtils:LogForLua(Int32, IntPtr, Int32)
XLua.CSObjectWrap.FunPlusWorldXUtilsLuaUtilsWrap:_m_LogForLua_xlua_st_(IntPtr)
XLua.LuaFunction:Action(T1, T2, T3, T4, T5, T6, T7)
FunPlus.WorldX.Manager.LuaManager:CommonUpdate()
FunPlus.WorldX.AppFacade:UpdateAllManager()

[8318.6551][Error]|[lua][error][CustomDict]	IntIntMap init property skipped, key declare maybe deleted	[[init]     ...p4dir\client\LuaScripts\Core\PropertySync\CustomDict.lua:295]
FunPlus.WorldX.Utils.GameLog:SimpleLog(LogType, IntPtr, Int32)
FunPlus.WorldX.Utils.LuaUtils:LogForLua(Int32, IntPtr, Int32)
XLua.CSObjectWrap.FunPlusWorldXUtilsLuaUtilsWrap:_m_LogForLua_xlua_st_(IntPtr)
XLua.LuaFunction:Action(T1, T2, T3, T4, T5, T6, T7)
FunPlus.WorldX.Manager.LuaManager:CommonUpdate()
FunPlus.WorldX.AppFacade:UpdateAllManager()

[8318.6563][Error]|[lua][error][CustomDict]	IntIntMap init property skipped, key declare maybe deleted	[[init]     ...p4dir\client\LuaScripts\Core\PropertySync\CustomDict.lua:295]
FunPlus.WorldX.Utils.GameLog:SimpleLog(LogType, IntPtr, Int32)
FunPlus.WorldX.Utils.LuaUtils:LogForLua(Int32, IntPtr, Int32)
XLua.CSObjectWrap.FunPlusWorldXUtilsLuaUtilsWrap:_m_LogForLua_xlua_st_(IntPtr)
XLua.LuaFunction:Action(T1, T2, T3, T4, T5, T6, T7)
FunPlus.WorldX.Manager.LuaManager:CommonUpdate()
FunPlus.WorldX.AppFacade:UpdateAllManager()

[8318.7555][Error]|[lua][error][CustomDict]	IntIntMap init property skipped, key declare maybe deleted	[[init]     ...p4dir\client\LuaScripts\Core\PropertySync\CustomDict.lua:295]
FunPlus.WorldX.Utils.GameLog:SimpleLog(LogType, IntPtr, Int32)
FunPlus.WorldX.Utils.LuaUtils:LogForLua(Int32, IntPtr, Int32)
XLua.CSObjectWrap.FunPlusWorldXUtilsLuaUtilsWrap:_m_LogForLua_xlua_st_(IntPtr)
XLua.LuaFunction:Action(T1, T2, T3, T4, T5, T6, T7)
FunPlus.WorldX.Manager.LuaManager:CommonUpdate()
FunPlus.WorldX.AppFacade:UpdateAllManager()

Can't add 'SkinnedMeshBatch' to M_Parmon_10371_Body02 because a 'SkinnedMeshBatch' is already added to the game object!
UnityEngine.GameObject:AddComponent()
XRender.Pipeline.Modules.SkinnedMeshCombine.SkinnedMeshBufferMgr:AddSkinnedComponent(SkinnedMeshRenderer)

[ line -1504780888]

Can't add 'SkinnedMeshBatch' to M_Parmon_10371_Body02 because a 'SkinnedMeshBatch' is already added to the game object!
UnityEngine.GameObject:AddComponent()
XRender.Pipeline.Modules.SkinnedMeshCombine.SkinnedMeshBufferMgr:AddSkinnedComponent(SkinnedMeshRenderer)
FunPlus.WorldX.Model.PrefabLoadTask:Destroy()
FunPlus.WorldX.Model.PhysiqueModel:DestroyModel()
FunPlus.WorldX.Model.ModelView:DestroyAllModel(Boolean)
FunPlus.WorldX.Model.ModelView:Destroy()
FunPlus.WorldX.Entities.Components.ModelComponent:Destroy()
FunPlus.WorldX.Entities.EntityBase:DelAllComponent()
FunPlus.WorldX.Entities.EntityBase:OnDestroy()
FunPlus.WorldX.Manager.EntityManager:DestroyEModel(Entity)
XLua.CSObjectWrap.FunPlusWorldXManagerEntityManagerWrap:_m_DestroyEModel(IntPtr)
XLua.LuaFunction:Func(T1, T2)
FunPlus.WorldX.Cutscene.CutsceneItem:CmdLua(String, Object[])
FunPlus.WorldX.Cutscene.CutsceneRoot:DestroyAssets()
FunPlus.WorldX.Cutscene.CutsceneInitializer:Dispose()
XLua.CSObjectWrap.FunPlusWorldXManagerCutsceneManagerWrap:_m_DestroyCutscene(IntPtr)
XLua.LuaFunction:Action(T1, T2, T3, T4, T5, T6, T7)
FunPlus.WorldX.Manager.LuaManager:CommonUpdate()
FunPlus.WorldX.AppFacade:UpdateAllManager()

[ line -1504784648]

[8324.0073][Log]|[lua][info][2026-09-17 04:49:19.393293]	[info]	[PHONESTCORE_HOOK]	[clearSpace is_destroy:true id:aqn9Snf4fX20mwo4 actor count:0]	[Space.cpp:30(logic::Space::clearSpace)]
FunPlus.WorldX.Utils.GameLog:SimpleLog(LogType, IntPtr, Int32)
FunPlus.WorldX.Utils.LuaUtils:LogForLua(Int32, IntPtr, Int32)
XLua.CSObjectWrap.FunPlusWorldXUtilsLuaUtilsWrap:_m_LogForLua_xlua_st_(IntPtr)
XLua.LuaFunction:Action(T1, T2, T3, T4, T5, T6, T7)
FunPlus.WorldX.Manager.LuaManager:CommonUpdate()
FunPlus.WorldX.AppFacade:UpdateAllManager()

[8324.2154][Log]|[lua][info][2026-09-17 04:49:19.605697]	[info]	[PHONESTCORE_HOOK]	[client 0x28f542b5e50 stop]	[Client.hpp:41(phonestcore::Client::stop)]
FunPlus.WorldX.Utils.GameLog:SimpleLog(LogType, IntPtr, Int32)
FunPlus.WorldX.Utils.LuaUtils:LogForLua(Int32, IntPtr, Int32)
XLua.CSObjectWrap.FunPlusWorldXUtilsLuaUtilsWrap:_m_LogForLua_xlua_st_(IntPtr)
XLua.LuaFunction:Action(T1, T2, T3, T4, T5, T6, T7)
FunPlus.WorldX.Manager.LuaManager:CommonUpdate()
FunPlus.WorldX.AppFacade:UpdateAllManager()

[8324.2157][Log]|[lua][info][2026-09-17 04:49:19.605758]	[info]	[PHONESTCORE_HOOK]	[client 0x29012bf1ba0 connect to eu-prod-line-2002.worldx-gate.kingsgroupgames.com 20000]	[Client.hpp:26(phonestcore::Client::connect)]
FunPlus.WorldX.Utils.GameLog:SimpleLog(LogType, IntPtr, Int32)
FunPlus.WorldX.Utils.LuaUtils:LogForLua(Int32, IntPtr, Int32)
XLua.CSObjectWrap.FunPlusWorldXUtilsLuaUtilsWrap:_m_LogForLua_xlua_st_(IntPtr)
XLua.LuaFunction:Action(T1, T2, T3, T4, T5, T6, T7)
FunPlus.WorldX.Manager.LuaManager:CommonUpdate()
FunPlus.WorldX.AppFacade:UpdateAllManager()

[8324.2158][Warn]|[lua][warning][2026-09-17 04:49:19.605774]	[warning]	[PHONESTCORE_HOOK]	[0x28eff442250 onRead error The I/O operation has been aborted because of either a thread exit or an application request]	[TcpConnection.cpp:56(phonestcore::TcpConnection::onRead)]
FunPlus.WorldX.Utils.GameLog:SimpleLog(LogType, IntPtr, Int32)
FunPlus.WorldX.Utils.LuaUtils:LogForLua(Int32, IntPtr, Int32)
XLua.CSObjectWrap.FunPlusWorldXUtilsLuaUtilsWrap:_m_LogForLua_xlua_st_(IntPtr)
XLua.LuaFunction:Action(T1, T2, T3, T4, T5, T6, T7)
FunPlus.WorldX.Manager.LuaManager:CommonUpdate()
FunPlus.WorldX.AppFacade:UpdateAllManager()

[8324.2504][Log]|[lua][info][2026-09-17 04:49:19.640270]	[info]	[PHONESTCORE_HOOK]	[TcpClient(0x29012bf1ba0) onResolve ok, endpointCount=2, firstEndpoint=8.209.80.247:20000, family=IPv4]	[TcpClient.cpp:74(phonestcore::TcpClient::onResolve)]
FunPlus.WorldX.Utils.GameLog:SimpleLog(LogType, IntPtr, Int32)
FunPlus.WorldX.Utils.LuaUtils:LogForLua(Int32, IntPtr, Int32)
XLua.CSObjectWrap.FunPlusWorldXUtilsLuaUtilsWrap:_m_LogForLua_xlua_st_(IntPtr)
XLua.LuaFunction:Action(T1, T2, T3, T4, T5, T6, T7)
FunPlus.WorldX.Manager.LuaManager:CommonUpdate()
FunPlus.WorldX.AppFacade:UpdateAllManager()

[8324.2506][Log]|[lua][info][2026-09-17 04:49:19.640317]	[info]	[PHONESTCORE_HOOK]	[TcpClient(0x29012bf1ba0) tryConnect endpoint=8.209.80.247:20000 family=IPv4]	[TcpClient.cpp:119(phonestcore::TcpClient::tryConnect)]
FunPlus.WorldX.Utils.GameLog:SimpleLog(LogType, IntPtr, Int32)
FunPlus.WorldX.Utils.LuaUtils:LogForLua(Int32, IntPtr, Int32)
XLua.CSObjectWrap.FunPlusWorldXUtilsLuaUtilsWrap:_m_LogForLua_xlua_st_(IntPtr)
XLua.LuaFunction:Action(T1, T2, T3, T4, T5, T6, T7)
FunPlus.WorldX.Manager.LuaManager:CommonUpdate()
FunPlus.WorldX.AppFacade:UpdateAllManager()

[8324.2681][Log]|[lua][info][2026-09-17 04:49:19.657827]	[info]	[PHONESTCORE_HOOK]	[LuaClient(0x28f4925a340)::connectCallback status true]	[LuaClient.h:75(phonestcore::LuaClient::connect::<lambda_ffd3430e67ee12999344db9951a5eac4>::operator ())]
FunPlus.WorldX.Utils.GameLog:SimpleLog(LogType, IntPtr, Int32)
FunPlus.WorldX.Utils.LuaUtils:LogForLua(Int32, IntPtr, Int32)
XLua.CSObjectWrap.FunPlusWorldXUtilsLuaUtilsWrap:_m_LogForLua_xlua_st_(IntPtr)
XLua.LuaFunction:Action(T1, T2, T3, T4, T5, T6, T7)
FunPlus.WorldX.Manager.LuaManager:CommonUpdate()
FunPlus.WorldX.AppFacade:UpdateAllManager()

[8325.0561][Error]|[lua][error][EcsSystem]	ECS initialization failed: invalid Space full state or shared exchange unavailable	[[initializeSync]     ...h\proj\p4dir\client\LuaScripts\GameApp\Ecs\EcsSystem.lua:55]
FunPlus.WorldX.Utils.GameLog:SimpleLog(LogType, IntPtr, Int32)
FunPlus.WorldX.Utils.LuaUtils:LogForLua(Int32, IntPtr, Int32)
XLua.CSObjectWrap.FunPlusWorldXUtilsLuaUtilsWrap:_m_LogForLua_xlua_st_(IntPtr)
XLua.LuaFunction:Action(T1, T2, T3, T4, T5, T6, T7)
FunPlus.WorldX.Manager.LuaManager:CommonUpdate()
FunPlus.WorldX.AppFacade:UpdateAllManager()

[8325.0696][Log]|[lua][info][2026-09-17 04:49:20.438859]	[info]	[PHONESTCORE_HOOK]	[Actor::setIsMainPlayerActor: true, actor_id: 193205]	[ActorC.h:75(logic::ActorC::setIsMainPlayerActor)]
FunPlus.WorldX.Utils.GameLog:SimpleLog(LogType, IntPtr, Int32)
FunPlus.WorldX.Utils.LuaUtils:LogForLua(Int32, IntPtr, Int32)
XLua.CSObjectWrap.FunPlusWorldXUtilsLuaUtilsWrap:_m_LogForLua_xlua_st_(IntPtr)
XLua.LuaFunction:Action(T1, T2, T3, T4, T5, T6, T7)
FunPlus.WorldX.Manager.LuaManager:CommonUpdate()
FunPlus.WorldX.AppFacade:UpdateAllManager()

[8325.0697][Log]|[lua][info][2026-09-17 04:49:20.444896]	[info]	[PHONESTCORE_HOOK]	[createVoxelScene new>>>id:aqn8PjNA6Sar4j_M 0x2902a6c1540	ref:1]	[SpaceManagerC.cpp:78(logic::SpaceManagerC::createVoxelScene)]
FunPlus.WorldX.Utils.GameLog:SimpleLog(LogType, IntPtr, Int32)
FunPlus.WorldX.Utils.LuaUtils:LogForLua(Int32, IntPtr, Int32)
XLua.CSObjectWrap.FunPlusWorldXUtilsLuaUtilsWrap:_m_LogForLua_xlua_st_(IntPtr)
XLua.LuaFunction:Action(T1, T2, T3, T4, T5, T6, T7)
FunPlus.WorldX.Manager.LuaManager:CommonUpdate()
FunPlus.WorldX.AppFacade:UpdateAllManager()

[ABDIAG] cached scene paths name='xpt21_mres_exunity_0.uab' count=1
Unloading 1 Unused Serialized files (Serialized files now loaded: 1408)
UnloadTime: 18.786600 ms
[8325.2645][Error]|[lua][error][CustomDict]	IntIntMap init property skipped, key declare maybe deleted	[[init]     ...p4dir\client\LuaScripts\Core\PropertySync\CustomDict.lua:295]
FunPlus.WorldX.Utils.GameLog:SimpleLog(LogType, IntPtr, Int32)
FunPlus.WorldX.Utils.LuaUtils:LogForLua(Int32, IntPtr, Int32)
XLua.CSObjectWrap.FunPlusWorldXUtilsLuaUtilsWrap:_m_LogForLua_xlua_st_(IntPtr)
XLua.LuaFunction:Action(T1, T2, T3, T4, T5, T6, T7)
FunPlus.WorldX.Manager.LuaManager:CommonUpdate()
FunPlus.WorldX.AppFacade:UpdateAllManager()

[8325.2657][Error]|[lua][error][CustomDict]	IntIntMap init property skipped, key declare maybe deleted	[[init]     ...p4dir\client\LuaScripts\Core\PropertySync\CustomDict.lua:295]
FunPlus.WorldX.Utils.GameLog:SimpleLog(LogType, IntPtr, Int32)
FunPlus.WorldX.Utils.LuaUtils:LogForLua(Int32, IntPtr, Int32)
XLua.CSObjectWrap.FunPlusWorldXUtilsLuaUtilsWrap:_m_LogForLua_xlua_st_(IntPtr)
XLua.LuaFunction:Action(T1, T2, T3, T4, T5, T6, T7)
FunPlus.WorldX.Manager.LuaManager:CommonUpdate()
FunPlus.WorldX.AppFacade:UpdateAllManager()

[8325.2668][Error]|[lua][error][CustomDict]	IntIntMap init property skipped, key declare maybe deleted	[[init]     ...p4dir\client\LuaScripts\Core\PropertySync\CustomDict.lua:295]
FunPlus.WorldX.Utils.GameLog:SimpleLog(LogType, IntPtr, Int32)
FunPlus.WorldX.Utils.LuaUtils:LogForLua(Int32, IntPtr, Int32)
XLua.CSObjectWrap.FunPlusWorldXUtilsLuaUtilsWrap:_m_LogForLua_xlua_st_(IntPtr)
XLua.LuaFunction:Action(T1, T2, T3, T4, T5, T6, T7)
FunPlus.WorldX.Manager.LuaManager:CommonUpdate()
FunPlus.WorldX.AppFacade:UpdateAllManager()

[8325.2678][Error]|[lua][error][CustomDict]	IntIntMap init property skipped, key declare maybe deleted	[[init]     ...p4dir\client\LuaScripts\Core\PropertySync\CustomDict.lua:295]
FunPlus.WorldX.Utils.GameLog:SimpleLog(LogType, IntPtr, Int32)
FunPlus.WorldX.Utils.LuaUtils:LogForLua(Int32, IntPtr, Int32)
XLua.CSObjectWrap.FunPlusWorldXUtilsLuaUtilsWrap:_m_LogForLua_xlua_st_(IntPtr)
XLua.LuaFunction:Action(T1, T2, T3, T4, T5, T6, T7)
FunPlus.WorldX.Manager.LuaManager:CommonUpdate()
FunPlus.WorldX.AppFacade:UpdateAllManager()

[8325.2688][Error]|[lua][error][CustomDict]	IntIntMap init property skipped, key declare maybe deleted	[[init]     ...p4dir\client\LuaScripts\Core\PropertySync\CustomDict.lua:295]
FunPlus.WorldX.Utils.GameLog:SimpleLog(LogType, IntPtr, Int32)
FunPlus.WorldX.Utils.LuaUtils:LogForLua(Int32, IntPtr, Int32)
XLua.CSObjectWrap.FunPlusWorldXUtilsLuaUtilsWrap:_m_LogForLua_xlua_st_(IntPtr)
XLua.LuaFunction:Action(T1, T2, T3, T4, T5, T6, T7)
FunPlus.WorldX.Manager.LuaManager:CommonUpdate()
FunPlus.WorldX.AppFacade:UpdateAllManager()

[8325.2698][Error]|[lua][error][CustomDict]	IntIntMap init property skipped, key declare maybe deleted	[[init]     ...p4dir\client\LuaScripts\Core\PropertySync\CustomDict.lua:295]
FunPlus.WorldX.Utils.GameLog:SimpleLog(LogType, IntPtr, Int32)
FunPlus.WorldX.Utils.LuaUtils:LogForLua(Int32, IntPtr, Int32)
XLua.CSObjectWrap.FunPlusWorldXUtilsLuaUtilsWrap:_m_LogForLua_xlua_st_(IntPtr)
XLua.LuaFunction:Action(T1, T2, T3, T4, T5, T6, T7)
FunPlus.WorldX.Manager.LuaManager:CommonUpdate()
FunPlus.WorldX.AppFacade:UpdateAllManager()

[8325.2708][Error]|[lua][error][CustomDict]	IntIntMap init property skipped, key declare maybe deleted	[[init]     ...p4dir\client\LuaScripts\Core\PropertySync\CustomDict.lua:295]
FunPlus.WorldX.Utils.GameLog:SimpleLog(LogType, IntPtr, Int32)
FunPlus.WorldX.Utils.LuaUtils:LogForLua(Int32, IntPtr, Int32)
XLua.CSObjectWrap.FunPlusWorldXUtilsLuaUtilsWrap:_m_LogForLua_xlua_st_(IntPtr)
XLua.LuaFunction:Action(T1, T2, T3, T4, T5, T6, T7)
FunPlus.WorldX.Manager.LuaManager:CommonUpdate()
FunPlus.WorldX.AppFacade:UpdateAllManager()

Unloading 43914 unused Assets to reduce memory usage. Loaded Objects now: 116260.
Total: 170.751000 ms (FindLiveObjects: 8.312900 ms CreateObjectMapping: 6.128700 ms MarkObjects: 131.662500 ms  DeleteObjects: 24.646600 ms)

[ABDIAG] cached scene paths name='xpt25_mres_exunity_0.uab' count=1
Unloading 1 Unused Serialized files (Serialized files now loaded: 1410)
UnloadTime: 0.337600 ms
Unloading 23 unused Assets to reduce memory usage. Loaded Objects now: 114893.
Total: 137.296300 ms (FindLiveObjects: 6.626300 ms CreateObjectMapping: 4.259000 ms MarkObjects: 126.295700 ms  DeleteObjects: 0.115100 ms)

Couldn't create a Convex Mesh from source mesh "SM_Rock_Mountain_04_CM_1160429538" within the maximum polygons limit (256). The partial hull will be used. Consider simplifying your mesh.
Couldn't create a Convex Mesh from source mesh "SM_LVIOT_Rock_Cliff_15_CM_-1066913000" within the maximum polygons limit (256). The partial hull will be used. Consider simplifying your mesh.
XRender.Pipeline.XRenderPipeline:SetupOcclusionCullingForCamera(Camera)
XRender.Pipeline.XRenderPipeline:Render(ScriptableRenderContext, List`1)
UnityEngine.Rendering.RenderPipelineManager:DoRenderLoop_Internal(RenderPipelineAsset, IntPtr, Object)

[ line -1504851256]

Couldn't create a Convex Mesh from source mesh "SM_LVIOT_Rock_Cliff_16_CM_1806466034" within the maximum polygons limit (256). The partial hull will be used. Consider simplifying your mesh.
Couldn't create a Convex Mesh from source mesh "SM_LVIOT_Rock_Cliff_14_CM_-1344668994" within the maximum polygons limit (256). The partial hull will be used. Consider simplifying your mesh.
Couldn't create a Convex Mesh from source mesh "SM_Rock_Cliff_Hilly_05_CM_-894274274" within the maximum polygons limit (256). The partial hull will be used. Consider simplifying your mesh.
Couldn't create a Convex Mesh from source mesh "SM_Rock_Mountain_01_CM_1905651362" within the maximum polygons limit (256). The partial hull will be used. Consider simplifying your mesh.
Couldn't create a Convex Mesh from source mesh "SM_LVIOT_Rock_Cliff_19_CM_725570248" within the maximum polygons limit (256). The partial hull will be used. Consider simplifying your mesh.
Couldn't create a Convex Mesh from source mesh "SM_Build_ArtBlock_College_015_CM_998956431" within the maximum polygons limit (256). The partial hull will be used. Consider simplifying your mesh.
Couldn't create a Convex Mesh from source mesh "SM_Build_ArtBlock_College_002_CM_155463823" within the maximum polygons limit (256). The partial hull will be used. Consider simplifying your mesh.
Couldn't create a Convex Mesh from source mesh "SM_LVARK_Build_Platform_001_D_CM_1356246607" within the maximum polygons limit (256). The partial hull will be used. Consider simplifying your mesh.
Couldn't create a Convex Mesh from source mesh "SM_LVARK_Build_ExperienceHall_001_CM_-1885869329" within the maximum polygons limit (256). The partial hull will be used. Consider simplifying your mesh.
The referenced script on this Behaviour (Game Object '<null>') is missing!
The referenced script on this Behaviour (Game Object '<null>') is missing!
The referenced script on this Behaviour (Game Object '<null>') is missing!
Unloading 1 Unused Serialized files (Serialized files now loaded: 1279)
Unloading 537 unused Assets to reduce memory usage. Loaded Objects now: 155687.
Total: 176.807500 ms (FindLiveObjects: 9.445300 ms CreateObjectMapping: 4.799900 ms MarkObjects: 161.913200 ms  DeleteObjects: 0.648800 ms)

The referenced script on this Behaviour (Game Object '<null>') is missing!
The referenced script on this Behaviour (Game Object '<null>') is missing!
Unloading 1 Unused Serialized files (Serialized files now loaded: 1305)
Unloading 32138 unused Assets to reduce memory usage. Loaded Objects now: 161516.
Total: 203.781200 ms (FindLiveObjects: 10.889600 ms CreateObjectMapping: 5.618000 ms MarkObjects: 168.504900 ms  DeleteObjects: 18.768000 ms)

[8354.6669][Log]|[lua][info][2026-09-17 04:49:50.057272]	[info]	[PHONESTCORE_HOOK]	[0x28f54ff39a0 connect to http://worldx-global-assets.oss-us-east-1.aliyuncs.com:443/eu/prod/ClientInfo/202000114279_client_info_bin?x-oss-credential=LTAI5tS3b81GXuYfXYtgJZ7J%2F20260917%2Fus-east-1%2Foss%2Faliyun_v4_request&x-oss-date=20260917T024950Z&x-oss-expires=300&x-oss-signature=054e88174982003fd6694a5a2cb54fc0e55d65895c3b5fc70cf62e6b51b780d7&x-oss-signature-version=OSS4-HMAC-SHA256]	[HttpClient.cpp:38(phonestcore::HttpClient::connect)]
FunPlus.WorldX.Utils.GameLog:SimpleLog(LogType, IntPtr, Int32)
FunPlus.WorldX.Utils.LuaUtils:LogForLua(Int32, IntPtr, Int32)
XLua.CSObjectWrap.FunPlusWorldXUtilsLuaUtilsWrap:_m_LogForLua_xlua_st_(IntPtr)
XLua.LuaFunction:Action(T1, T2, T3, T4, T5, T6, T7)
FunPlus.WorldX.Manager.LuaManager:CommonUpdate()
FunPlus.WorldX.AppFacade:UpdateAllManager()

[8406.3106][Error]|[lua][error][CustomDict]	IntIntMap init property skipped, key declare maybe deleted	[[init]     ...p4dir\client\LuaScripts\Core\PropertySync\CustomDict.lua:295]
FunPlus.WorldX.Utils.GameLog:SimpleLog(LogType, IntPtr, Int32)
FunPlus.WorldX.Utils.LuaUtils:LogForLua(Int32, IntPtr, Int32)
XLua.CSObjectWrap.FunPlusWorldXUtilsLuaUtilsWrap:_m_LogForLua_xlua_st_(IntPtr)
XLua.LuaFunction:Action(T1, T2, T3, T4, T5, T6, T7)
FunPlus.WorldX.Manager.LuaManager:CommonUpdate()
FunPlus.WorldX.AppFacade:UpdateAllManager()

Unloading 1 Unused Serialized files (Serialized files now loaded: 1327)
Unloading 2134 unused Assets to reduce memory usage. Loaded Objects now: 189751.
Total: 186.009600 ms (FindLiveObjects: 11.170500 ms CreateObjectMapping: 5.604600 ms MarkObjects: 166.530800 ms  DeleteObjects: 2.703300 ms)

[8408.9936][Error]|[lua][error][CustomDict]	IntIntMap init property skipped, key declare maybe deleted	[[init]     ...p4dir\client\LuaScripts\Core\PropertySync\CustomDict.lua:295]
FunPlus.WorldX.Utils.GameLog:SimpleLog(LogType, IntPtr, Int32)
FunPlus.WorldX.Utils.LuaUtils:LogForLua(Int32, IntPtr, Int32)
XLua.CSObjectWrap.FunPlusWorldXUtilsLuaUtilsWrap:_m_LogForLua_xlua_st_(IntPtr)
XLua.LuaFunction:Action(T1, T2, T3, T4, T5, T6, T7)
FunPlus.WorldX.Manager.LuaManager:CommonUpdate()
FunPlus.WorldX.AppFacade:UpdateAllManager()

[8429.1438][Error]|[lua][error][CustomDict]	IntIntMap init property skipped, key declare maybe deleted	[[init]     ...p4dir\client\LuaScripts\Core\PropertySync\CustomDict.lua:295]
FunPlus.WorldX.Utils.GameLog:SimpleLog(LogType, IntPtr, Int32)
FunPlus.WorldX.Utils.LuaUtils:LogForLua(Int32, IntPtr, Int32)
XLua.CSObjectWrap.FunPlusWorldXUtilsLuaUtilsWrap:_m_LogForLua_xlua_st_(IntPtr)
XLua.LuaFunction:Action(T1, T2, T3, T4, T5, T6, T7)
FunPlus.WorldX.Manager.LuaManager:CommonUpdate()
FunPlus.WorldX.AppFacade:UpdateAllManager()

The referenced script on this Behaviour (Game Object '<null>') is missing!
[8466.6699][Error]|[lua][error][CustomDict]	IntIntMap init property skipped, key declare maybe deleted	[[init]     ...p4dir\client\LuaScripts\Core\PropertySync\CustomDict.lua:295]
FunPlus.WorldX.Utils.GameLog:SimpleLog(LogType, IntPtr, Int32)
FunPlus.WorldX.Utils.LuaUtils:LogForLua(Int32, IntPtr, Int32)
XLua.CSObjectWrap.FunPlusWorldXUtilsLuaUtilsWrap:_m_LogForLua_xlua_st_(IntPtr)
XLua.LuaFunction:Action(T1, T2, T3, T4, T5, T6, T7)
FunPlus.WorldX.Manager.LuaManager:CommonUpdate()
FunPlus.WorldX.AppFacade:UpdateAllManager()

[8470.4447][Error]|[lua][error][CustomDict]	IntIntMap init property skipped, key declare maybe deleted	[[init]     ...p4dir\client\LuaScripts\Core\PropertySync\CustomDict.lua:295]
FunPlus.WorldX.Utils.GameLog:SimpleLog(LogType, IntPtr, Int32)
FunPlus.WorldX.Utils.LuaUtils:LogForLua(Int32, IntPtr, Int32)
XLua.CSObjectWrap.FunPlusWorldXUtilsLuaUtilsWrap:_m_LogForLua_xlua_st_(IntPtr)
XLua.LuaFunction:Action(T1, T2, T3, T4, T5, T6, T7)
FunPlus.WorldX.Manager.LuaManager:CommonUpdate()
FunPlus.WorldX.AppFacade:UpdateAllManager()

[8480.3482][Error]|[lua][error][CustomDict]	IntIntMap init property skipped, key declare maybe deleted	[[init]     ...p4dir\client\LuaScripts\Core\PropertySync\CustomDict.lua:295]
FunPlus.WorldX.Utils.GameLog:SimpleLog(LogType, IntPtr, Int32)
FunPlus.WorldX.Utils.LuaUtils:LogForLua(Int32, IntPtr, Int32)
XLua.CSObjectWrap.FunPlusWorldXUtilsLuaUtilsWrap:_m_LogForLua_xlua_st_(IntPtr)
XLua.LuaFunction:Action(T1, T2, T3, T4, T5, T6, T7)
FunPlus.WorldX.Manager.LuaManager:CommonUpdate()
FunPlus.WorldX.AppFacade:UpdateAllManager()

[8488.7218][Error]|[lua][error][CustomDict]	IntIntMap init property skipped, key declare maybe deleted	[[init]     ...p4dir\client\LuaScripts\Core\PropertySync\CustomDict.lua:295]
FunPlus.WorldX.Utils.GameLog:SimpleLog(LogType, IntPtr, Int32)
FunPlus.WorldX.Utils.LuaUtils:LogForLua(Int32, IntPtr, Int32)
XLua.CSObjectWrap.FunPlusWorldXUtilsLuaUtilsWrap:_m_LogForLua_xlua_st_(IntPtr)
XLua.LuaFunction:Action(T1, T2, T3, T4, T5, T6, T7)
FunPlus.WorldX.Manager.LuaManager:CommonUpdate()
FunPlus.WorldX.AppFacade:UpdateAllManager()

[8530.5613][Error]|[lua][error][CustomDict]	IntIntMap init property skipped, key declare maybe deleted	[[init]     ...p4dir\client\LuaScripts\Core\PropertySync\CustomDict.lua:295]
FunPlus.WorldX.Utils.GameLog:SimpleLog(LogType, IntPtr, Int32)
FunPlus.WorldX.Utils.LuaUtils:LogForLua(Int32, IntPtr, Int32)
XLua.CSObjectWrap.FunPlusWorldXUtilsLuaUtilsWrap:_m_LogForLua_xlua_st_(IntPtr)
XLua.LuaFunction:Action(T1, T2, T3, T4, T5, T6, T7)
FunPlus.WorldX.Manager.LuaManager:CommonUpdate()
FunPlus.WorldX.AppFacade:UpdateAllManager()

[8539.2365][Error]|[lua][error][CustomDict]	IntIntMap init property skipped, key declare maybe deleted	[[init]     ...p4dir\client\LuaScripts\Core\PropertySync\CustomDict.lua:295]
FunPlus.WorldX.Utils.GameLog:SimpleLog(LogType, IntPtr, Int32)
FunPlus.WorldX.Utils.LuaUtils:LogForLua(Int32, IntPtr, Int32)
XLua.CSObjectWrap.FunPlusWorldXUtilsLuaUtilsWrap:_m_LogForLua_xlua_st_(IntPtr)
XLua.LuaFunction:Action(T1, T2, T3, T4, T5, T6, T7)
FunPlus.WorldX.Manager.LuaManager:CommonUpdate()
FunPlus.WorldX.AppFacade:UpdateAllManager()

[8557.8774][Error]|[lua][error][CustomDict]	IntIntMap init property skipped, key declare maybe deleted	[[init]     ...p4dir\client\LuaScripts\Core\PropertySync\CustomDict.lua:295]
FunPlus.WorldX.Utils.GameLog:SimpleLog(LogType, IntPtr, Int32)
FunPlus.WorldX.Utils.LuaUtils:LogForLua(Int32, IntPtr, Int32)
XLua.CSObjectWrap.FunPlusWorldXUtilsLuaUtilsWrap:_m_LogForLua_xlua_st_(IntPtr)
XLua.LuaFunction:Action(T1, T2, T3, T4, T5, T6, T7)
FunPlus.WorldX.Manager.LuaManager:CommonUpdate()
FunPlus.WorldX.AppFacade:UpdateAllManager()

[8569.8167][Error]|[lua][error][ClientLeylineFlowerComponent]	_creatClientEntityAndStart repeat ClientPlayer, 202000107597	[[_createClientEntity]     ...ceEntities\PlayerComponent\ClientDispatcherComponent.lua:291]
FunPlus.WorldX.Utils.GameLog:SimpleLog(LogType, IntPtr, Int32)
FunPlus.WorldX.Utils.LuaUtils:LogForLua(Int32, IntPtr, Int32)
XLua.CSObjectWrap.FunPlusWorldXUtilsLuaUtilsWrap:_m_LogForLua_xlua_st_(IntPtr)
XLua.LuaFunction:Action(T1, T2, T3, T4, T5, T6, T7)
FunPlus.WorldX.Manager.LuaManager:CommonUpdate()
FunPlus.WorldX.AppFacade:UpdateAllManager()

[8588.2639][Error]|[lua][error][CustomDict]	IntIntMap init property skipped, key declare maybe deleted	[[init]     ...p4dir\client\LuaScripts\Core\PropertySync\CustomDict.lua:295]
FunPlus.WorldX.Utils.GameLog:SimpleLog(LogType, IntPtr, Int32)
FunPlus.WorldX.Utils.LuaUtils:LogForLua(Int32, IntPtr, Int32)
XLua.CSObjectWrap.FunPlusWorldXUtilsLuaUtilsWrap:_m_LogForLua_xlua_st_(IntPtr)
XLua.LuaFunction:Action(T1, T2, T3, T4, T5, T6, T7)
FunPlus.WorldX.Manager.LuaManager:CommonUpdate()
FunPlus.WorldX.AppFacade:UpdateAllManager()

[8590.1926][Error]|[lua][error][CustomDict]	IntIntMap init property skipped, key declare maybe deleted	[[init]     ...p4dir\client\LuaScripts\Core\PropertySync\CustomDict.lua:295]
FunPlus.WorldX.Utils.GameLog:SimpleLog(LogType, IntPtr, Int32)
FunPlus.WorldX.Utils.LuaUtils:LogForLua(Int32, IntPtr, Int32)
XLua.CSObjectWrap.FunPlusWorldXUtilsLuaUtilsWrap:_m_LogForLua_xlua_st_(IntPtr)
XLua.LuaFunction:Action(T1, T2, T3, T4, T5, T6, T7)
FunPlus.WorldX.Manager.LuaManager:CommonUpdate()
FunPlus.WorldX.AppFacade:UpdateAllManager()

[8616.7893][Error]|[lua][error][CustomDict]	IntIntMap init property skipped, key declare maybe deleted	[[init]     ...p4dir\client\LuaScripts\Core\PropertySync\CustomDict.lua:295]
FunPlus.WorldX.Utils.GameLog:SimpleLog(LogType, IntPtr, Int32)
FunPlus.WorldX.Utils.LuaUtils:LogForLua(Int32, IntPtr, Int32)
XLua.CSObjectWrap.FunPlusWorldXUtilsLuaUtilsWrap:_m_LogForLua_xlua_st_(IntPtr)
XLua.LuaFunction:Action(T1, T2, T3, T4, T5, T6, T7)
FunPlus.WorldX.Manager.LuaManager:CommonUpdate()
FunPlus.WorldX.AppFacade:UpdateAllManager()

[8643.6225][Error]|[lua][error][CustomDict]	IntIntMap init property skipped, key declare maybe deleted	[[init]     ...p4dir\client\LuaScripts\Core\PropertySync\CustomDict.lua:295]
FunPlus.WorldX.Utils.GameLog:SimpleLog(LogType, IntPtr, Int32)
FunPlus.WorldX.Utils.LuaUtils:LogForLua(Int32, IntPtr, Int32)
XLua.CSObjectWrap.FunPlusWorldXUtilsLuaUtilsWrap:_m_LogForLua_xlua_st_(IntPtr)
XLua.LuaFunction:Action(T1, T2, T3, T4, T5, T6, T7)
FunPlus.WorldX.Manager.LuaManager:CommonUpdate()
FunPlus.WorldX.AppFacade:UpdateAllManager()

[8655.6743][Error]|[lua][error][CustomDict]	IntIntMap init property skipped, key declare maybe deleted	[[init]     ...p4dir\client\LuaScripts\Core\PropertySync\CustomDict.lua:295]
FunPlus.WorldX.Utils.GameLog:SimpleLog(LogType, IntPtr, Int32)
FunPlus.WorldX.Utils.LuaUtils:LogForLua(Int32, IntPtr, Int32)
XLua.CSObjectWrap.FunPlusWorldXUtilsLuaUtilsWrap:_m_LogForLua_xlua_st_(IntPtr)
XLua.LuaFunction:Action(T1, T2, T3, T4, T5, T6, T7)
FunPlus.WorldX.Manager.LuaManager:CommonUpdate()
FunPlus.WorldX.AppFacade:UpdateAllManager()

[8663.5396][Error]|[lua][error][CustomDict]	IntIntMap init property skipped, key declare maybe deleted	[[init]     ...p4dir\client\LuaScripts\Core\PropertySync\CustomDict.lua:295]
FunPlus.WorldX.Utils.GameLog:SimpleLog(LogType, IntPtr, Int32)
FunPlus.WorldX.Utils.LuaUtils:LogForLua(Int32, IntPtr, Int32)
XLua.CSObjectWrap.FunPlusWorldXUtilsLuaUtilsWrap:_m_LogForLua_xlua_st_(IntPtr)
XLua.LuaFunction:Action(T1, T2, T3, T4, T5, T6, T7)
FunPlus.WorldX.Manager.LuaManager:CommonUpdate()
FunPlus.WorldX.AppFacade:UpdateAllManager()

[8665.0590][Error]|[lua][error][CustomDict]	IntIntMap init property skipped, key declare maybe deleted	[[init]     ...p4dir\client\LuaScripts\Core\PropertySync\CustomDict.lua:295]
FunPlus.WorldX.Utils.GameLog:SimpleLog(LogType, IntPtr, Int32)
FunPlus.WorldX.Utils.LuaUtils:LogForLua(Int32, IntPtr, Int32)
XLua.CSObjectWrap.FunPlusWorldXUtilsLuaUtilsWrap:_m_LogForLua_xlua_st_(IntPtr)
XLua.LuaFunction:Action(T1, T2, T3, T4, T5, T6, T7)
FunPlus.WorldX.Manager.LuaManager:CommonUpdate()
FunPlus.WorldX.AppFacade:UpdateAllManager()

[8680.9304][Error]|[lua][error][CustomDict]	IntIntMap init property skipped, key declare maybe deleted	[[init]     ...p4dir\client\LuaScripts\Core\PropertySync\CustomDict.lua:295]
FunPlus.WorldX.Utils.GameLog:SimpleLog(LogType, IntPtr, Int32)
FunPlus.WorldX.Utils.LuaUtils:LogForLua(Int32, IntPtr, Int32)
XLua.CSObjectWrap.FunPlusWorldXUtilsLuaUtilsWrap:_m_LogForLua_xlua_st_(IntPtr)
XLua.LuaFunction:Action(T1, T2, T3, T4, T5, T6, T7)
FunPlus.WorldX.Manager.LuaManager:CommonUpdate()
FunPlus.WorldX.AppFacade:UpdateAllManager()

[8726.9636][Error]|[lua][error][CustomDict]	IntIntMap init property skipped, key declare maybe deleted	[[init]     ...p4dir\client\LuaScripts\Core\PropertySync\CustomDict.lua:295]
FunPlus.WorldX.Utils.GameLog:SimpleLog(LogType, IntPtr, Int32)
FunPlus.WorldX.Utils.LuaUtils:LogForLua(Int32, IntPtr, Int32)
XLua.CSObjectWrap.FunPlusWorldXUtilsLuaUtilsWrap:_m_LogForLua_xlua_st_(IntPtr)
XLua.LuaFunction:Action(T1, T2, T3, T4, T5, T6, T7)
FunPlus.WorldX.Manager.LuaManager:CommonUpdate()
FunPlus.WorldX.AppFacade:UpdateAllManager()

[8727.6536][Error]|[lua][error][CustomDict]	IntIntMap init property skipped, key declare maybe deleted	[[init]     ...p4dir\client\LuaScripts\Core\PropertySync\CustomDict.lua:295]
FunPlus.WorldX.Utils.GameLog:SimpleLog(LogType, IntPtr, Int32)
FunPlus.WorldX.Utils.LuaUtils:LogForLua(Int32, IntPtr, Int32)
XLua.CSObjectWrap.FunPlusWorldXUtilsLuaUtilsWrap:_m_LogForLua_xlua_st_(IntPtr)
XLua.LuaFunction:Action(T1, T2, T3, T4, T5, T6, T7)
FunPlus.WorldX.Manager.LuaManager:CommonUpdate()
FunPlus.WorldX.AppFacade:UpdateAllManager()

Unloading 1 Unused Serialized files (Serialized files now loaded: 1342)
Unloading 1998 unused Assets to reduce memory usage. Loaded Objects now: 198269.
Total: 193.399900 ms (FindLiveObjects: 12.240200 ms CreateObjectMapping: 5.454400 ms MarkObjects: 172.117800 ms  DeleteObjects: 3.587200 ms)

[8766.5310][Log]|[lua][info][2026-09-17 04:56:41.918132]	[info]	[PHONESTCORE_HOOK]	[clearSpace is_destroy:true id:aqn8PjNA6Sar4j_M actor count:0]	[Space.cpp:30(logic::Space::clearSpace)]
FunPlus.WorldX.Utils.GameLog:SimpleLog(LogType, IntPtr, Int32)
FunPlus.WorldX.Utils.LuaUtils:LogForLua(Int32, IntPtr, Int32)
XLua.CSObjectWrap.FunPlusWorldXUtilsLuaUtilsWrap:_m_LogForLua_xlua_st_(IntPtr)
XLua.LuaFunction:Action(T1, T2, T3, T4, T5, T6, T7)
FunPlus.WorldX.Manager.LuaManager:CommonUpdate()
FunPlus.WorldX.AppFacade:UpdateAllManager()

[8766.7012][Log]|[lua][info][2026-09-17 04:56:42.091511]	[info]	[PHONESTCORE_HOOK]	[client 0x29012bf1ba0 stop]	[Client.hpp:41(phonestcore::Client::stop)]
FunPlus.WorldX.Utils.GameLog:SimpleLog(LogType, IntPtr, Int32)
FunPlus.WorldX.Utils.LuaUtils:LogForLua(Int32, IntPtr, Int32)
XLua.CSObjectWrap.FunPlusWorldXUtilsLuaUtilsWrap:_m_LogForLua_xlua_st_(IntPtr)
XLua.LuaFunction:Action(T1, T2, T3, T4, T5, T6, T7)
FunPlus.WorldX.Manager.LuaManager:CommonUpdate()
FunPlus.WorldX.AppFacade:UpdateAllManager()

[8766.7017][Log]|[lua][info][2026-09-17 04:56:42.091571]	[info]	[PHONESTCORE_HOOK]	[client 0x28ee4f69470 connect to eu-prod-singleworld-1002.worldx-gate.kingsgroupgames.com 20000]	[Client.hpp:26(phonestcore::Client::connect)]
FunPlus.WorldX.Utils.GameLog:SimpleLog(LogType, IntPtr, Int32)
FunPlus.WorldX.Utils.LuaUtils:LogForLua(Int32, IntPtr, Int32)
XLua.CSObjectWrap.FunPlusWorldXUtilsLuaUtilsWrap:_m_LogForLua_xlua_st_(IntPtr)
XLua.LuaFunction:Action(T1, T2, T3, T4, T5, T6, T7)
FunPlus.WorldX.Manager.LuaManager:CommonUpdate()
FunPlus.WorldX.AppFacade:UpdateAllManager()

[8766.7018][Warn]|[lua][warning][2026-09-17 04:56:42.091588]	[warning]	[PHONESTCORE_HOOK]	[0x28fef65a930 onRead error The I/O operation has been aborted because of either a thread exit or an application request]	[TcpConnection.cpp:56(phonestcore::TcpConnection::onRead)]
FunPlus.WorldX.Utils.GameLog:SimpleLog(LogType, IntPtr, Int32)
FunPlus.WorldX.Utils.LuaUtils:LogForLua(Int32, IntPtr, Int32)
XLua.CSObjectWrap.FunPlusWorldXUtilsLuaUtilsWrap:_m_LogForLua_xlua_st_(IntPtr)
XLua.LuaFunction:Action(T1, T2, T3, T4, T5, T6, T7)
FunPlus.WorldX.Manager.LuaManager:CommonUpdate()
FunPlus.WorldX.AppFacade:UpdateAllManager()

[8766.7379][Log]|[lua][info][2026-09-17 04:56:42.127223]	[info]	[PHONESTCORE_HOOK]	[TcpClient(0x28ee4f69470) onResolve ok, endpointCount=2, firstEndpoint=8.220.104.4:20000, family=IPv4]	[TcpClient.cpp:74(phonestcore::TcpClient::onResolve)]
FunPlus.WorldX.Utils.GameLog:SimpleLog(LogType, IntPtr, Int32)
FunPlus.WorldX.Utils.LuaUtils:LogForLua(Int32, IntPtr, Int32)
XLua.CSObjectWrap.FunPlusWorldXUtilsLuaUtilsWrap:_m_LogForLua_xlua_st_(IntPtr)
XLua.LuaFunction:Action(T1, T2, T3, T4, T5, T6, T7)
FunPlus.WorldX.Manager.LuaManager:CommonUpdate()
FunPlus.WorldX.AppFacade:UpdateAllManager()

[8766.7380][Log]|[lua][info][2026-09-17 04:56:42.127276]	[info]	[PHONESTCORE_HOOK]	[TcpClient(0x28ee4f69470) tryConnect endpoint=8.220.104.4:20000 family=IPv4]	[TcpClient.cpp:119(phonestcore::TcpClient::tryConnect)]
FunPlus.WorldX.Utils.GameLog:SimpleLog(LogType, IntPtr, Int32)
FunPlus.WorldX.Utils.LuaUtils:LogForLua(Int32, IntPtr, Int32)
XLua.CSObjectWrap.FunPlusWorldXUtilsLuaUtilsWrap:_m_LogForLua_xlua_st_(IntPtr)
XLua.LuaFunction:Action(T1, T2, T3, T4, T5, T6, T7)
FunPlus.WorldX.Manager.LuaManager:CommonUpdate()
FunPlus.WorldX.AppFacade:UpdateAllManager()

[8766.7541][Log]|[lua][info][2026-09-17 04:56:42.142789]	[info]	[PHONESTCORE_HOOK]	[LuaClient(0x28f47aaa4a0)::connectCallback status true]	[LuaClient.h:75(phonestcore::LuaClient::connect::<lambda_ffd3430e67ee12999344db9951a5eac4>::operator ())]
FunPlus.WorldX.Utils.GameLog:SimpleLog(LogType, IntPtr, Int32)
FunPlus.WorldX.Utils.LuaUtils:LogForLua(Int32, IntPtr, Int32)
XLua.CSObjectWrap.FunPlusWorldXUtilsLuaUtilsWrap:_m_LogForLua_xlua_st_(IntPtr)
XLua.LuaFunction:Action(T1, T2, T3, T4, T5, T6, T7)
FunPlus.WorldX.Manager.LuaManager:CommonUpdate()
FunPlus.WorldX.AppFacade:UpdateAllManager()

[8767.2682][Log]|[lua][info][2026-09-17 04:56:42.632201]	[info]	[PHONESTCORE_HOOK]	[Actor::setIsMainPlayerActor: true, actor_id: 8616420]	[ActorC.h:75(logic::ActorC::setIsMainPlayerActor)]
FunPlus.WorldX.Utils.GameLog:SimpleLog(LogType, IntPtr, Int32)
FunPlus.WorldX.Utils.LuaUtils:LogForLua(Int32, IntPtr, Int32)
XLua.CSObjectWrap.FunPlusWorldXUtilsLuaUtilsWrap:_m_LogForLua_xlua_st_(IntPtr)
XLua.LuaFunction:Action(T1, T2, T3, T4, T5, T6, T7)
FunPlus.WorldX.Manager.LuaManager:CommonUpdate()
FunPlus.WorldX.AppFacade:UpdateAllManager()

[8767.2683][Log]|[lua][info][2026-09-17 04:56:42.638781]	[info]	[PHONESTCORE_HOOK]	[createVoxelScene new>>>id:100-202000114279-3000 0x2902a6c28f0	ref:1]	[SpaceManagerC.cpp:78(logic::SpaceManagerC::createVoxelScene)]
FunPlus.WorldX.Utils.GameLog:SimpleLog(LogType, IntPtr, Int32)
FunPlus.WorldX.Utils.LuaUtils:LogForLua(Int32, IntPtr, Int32)
XLua.CSObjectWrap.FunPlusWorldXUtilsLuaUtilsWrap:_m_LogForLua_xlua_st_(IntPtr)
XLua.LuaFunction:Action(T1, T2, T3, T4, T5, T6, T7)
FunPlus.WorldX.Manager.LuaManager:CommonUpdate()
FunPlus.WorldX.AppFacade:UpdateAllManager()

[ABDIAG] cached scene paths name='xpt21_mres_exunity_0.uab' count=1
Unloading 1 Unused Serialized files (Serialized files now loaded: 1345)
UnloadTime: 12.108000 ms
Unloading 50835 unused Assets to reduce memory usage. Loaded Objects now: 83959.
Total: 158.587900 ms (FindLiveObjects: 7.111500 ms CreateObjectMapping: 4.075700 ms MarkObjects: 129.929800 ms  DeleteObjects: 17.470700 ms)

The referenced script on this Behaviour (Game Object '35Rad_Sphere_Cloud') is missing!
The referenced script on this Behaviour (Game Object '20Rad_Sphere_Cloud') is missing!
The referenced script on this Behaviour (Game Object '') is missing!
The referenced script on this Behaviour (Game Object '35Rad_Sphere_Cloud') is missing!
The referenced script on this Behaviour (Game Object '20Rad_Sphere_Cloud') is missing!
The referenced script on this Behaviour (Game Object '25Rad_Sphere_Cloud (3)') is missing!
The referenced script on this Behaviour (Game Object '') is missing!
The referenced script on this Behaviour (Game Object '') is missing!
The referenced script on this Behaviour (Game Object 'Water (6)') is missing!
The referenced script on this Behaviour (Game Object '') is missing!
The referenced script on this Behaviour (Game Object '') is missing!
The referenced script on this Behaviour (Game Object 'Water (1)') is missing!
The referenced script on this Behaviour (Game Object '') is missing!
The referenced script on this Behaviour (Game Object '') is missing!
Couldn't create a Convex Mesh from source mesh "SM_Item_Tree_Hugevine_001_CM_172620148" within the maximum polygons limit (256). The partial hull will be used. Consider simplifying your mesh.
[ABDIAG] cached scene paths name='mres_level_exunity_1.uab' count=57
Unloading 1 Unused Serialized files (Serialized files now loaded: 1463)
UnloadTime: 0.301900 ms
Unloading 716 unused Assets to reduce memory usage. Loaded Objects now: 99013.
Total: 145.949700 ms (FindLiveObjects: 8.362700 ms CreateObjectMapping: 3.555000 ms MarkObjects: 133.443600 ms  DeleteObjects: 0.588000 ms)

The referenced script on this Behaviour (Game Object 'Water (7)') is missing!
The referenced script on this Behaviour (Game Object 'Water (4)') is missing!
The referenced script on this Behaviour (Game Object 'Water (5)') is missing!
The referenced script on this Behaviour (Game Object 'Water') is missing!
The referenced script on this Behaviour (Game Object 'Water (2)') is missing!
The referenced script on this Behaviour (Game Object 'Water (6)') is missing!
The referenced script on this Behaviour (Game Object 'Water (1)') is missing!
The referenced script on this Behaviour (Game Object 'Water (3)') is missing!
UnityEngine.Object:InstantiateAsync(T, Int32, ReadOnlySpan`1, ReadOnlySpan`1, InstantiateParameters)
UnityEngine.Object:InstantiateAsync(T, Transform)
FunPlus.WorldX.ResourceManager.Runtime.Task:InstantiateAsync()
FunPlus.WorldX.ResourceManager.Runtime.InstantiateQueue:InnerUpdateQueue(Queue`1, Int32)
FunPlus.WorldX.ResourceManager.Runtime.InstantiateQueue:OnCommonUpdate()
FunPlus.WorldX.ResourceManager.Runtime.WorldXResourceManager:CommonLateUpdate()
FunPlus.WorldX.AppFacade:LateUpdateAllManager()
FunPlus.WorldX.GlobalUpdater:LateUpdate()

[ line -1504779640]

Couldn't create a Convex Mesh from source mesh "SM_Rock_Mountain_04_CM_1160429538" within the maximum polygons limit (256). The partial hull will be used. Consider simplifying your mesh.
Couldn't create a Convex Mesh from source mesh "SM_LVIOT_Rock_Cliff_14_CM_-1344668994" within the maximum polygons limit (256). The partial hull will be used. Consider simplifying your mesh.
Couldn't create a Convex Mesh from source mesh "SM_Rock_Cliff_Beach_06_CM_606194242" within the maximum polygons limit (256). The partial hull will be used. Consider simplifying your mesh.
Couldn't create a Convex Mesh from source mesh "SM_Rock_Beachrock_009_D_CM_881445048" within the maximum polygons limit (256). The partial hull will be used. Consider simplifying your mesh.
Couldn't create a Convex Mesh from source mesh "SM_Rock_Cliff_Hilly_02_Collider_Mesh_105490436" within the maximum polygons limit (256). The partial hull will be used. Consider simplifying your mesh.
Couldn't create a Convex Mesh from source mesh "SM_LVIOT_Rock_Cliff_01_B_Collider_Convex_Stone_-2128040324" within the maximum polygons limit (256). The partial hull will be used. Consider simplifying your mesh.
Couldn't create a Convex Mesh from source mesh "SM_Rock_Edge_Big_01_CM_1648632610" within the maximum polygons limit (256). The partial hull will be used. Consider simplifying your mesh.
Couldn't create a Convex Mesh from source mesh "SM_LVIOT_Rock_SplitMountains_004_A_Collider_Mesh_278569052" within the maximum polygons limit (256). The partial hull will be used. Consider simplifying your mesh.
Couldn't create a Convex Mesh from source mesh "SM_Rock_Cliffwall_001_Collider_Mesh_-2008044692" within the maximum polygons limit (256). The partial hull will be used. Consider simplifying your mesh.
Couldn't create a Convex Mesh from source mesh "SM_LVIOT_Rock_Cliff_01_F_CM_-1920994744" within the maximum polygons limit (256). The partial hull will be used. Consider simplifying your mesh.
Couldn't create a Convex Mesh from source mesh "SM_Rock_Cliff_Hilly_05_CM_-894274274" within the maximum polygons limit (256). The partial hull will be used. Consider simplifying your mesh.
Couldn't create a Convex Mesh from source mesh "SM_Stone_SmoothStone_009_A_CM_2099548914" within the maximum polygons limit (256). The partial hull will be used. Consider simplifying your mesh.
Couldn't create a Convex Mesh from source mesh "SM_Rock_Cliff_Beach_03_CM_-934479732" within the maximum polygons limit (256). The partial hull will be used. Consider simplifying your mesh.
Couldn't create a Convex Mesh from source mesh "SM_LVIOT_Rock_Cliff_05_A_Collider_CM_02_1411904746" within the maximum polygons limit (256). The partial hull will be used. Consider simplifying your mesh.
Couldn't create a Convex Mesh from source mesh "SM_Rock_Cliff_Beach_12_Collider_Mesh_-628442756" within the maximum polygons limit (256). The partial hull will be used. Consider simplifying your mesh.
Couldn't create a Convex Mesh from source mesh "SM_Rock_Cliff_Beach_10_Collider_Mesh_1374907504" within the maximum polygons limit (256). The partial hull will be used. Consider simplifying your mesh.
Couldn't create a Convex Mesh from source mesh "SM_Rock_Mountain_02_CM_435822050" within the maximum polygons limit (256). The partial hull will be used. Consider simplifying your mesh.
Couldn't create a Convex Mesh from source mesh "SM_LVIOT_Rock_Cliff_01_A_CM_-1667037262" within the maximum polygons limit (256). The partial hull will be used. Consider simplifying your mesh.
Couldn't create a Convex Mesh from source mesh "SM_Rock_Beachrock_003_B_Collider_Mesh_-646731316" within the maximum polygons limit (256). The partial hull will be used. Consider simplifying your mesh.
Couldn't create a Convex Mesh from source mesh "SM_Rock_Cliffwall_004_CM_-789190536" within the maximum polygons limit (256). The partial hull will be used. Consider simplifying your mesh.
Couldn't create a Convex Mesh from source mesh "SM_Rock_Cliff_Beach_07_CM_278463260" within the maximum polygons limit (256). The partial hull will be used. Consider simplifying your mesh.
Couldn't create a Convex Mesh from source mesh "SM_Rock_Beachrock_003_A_Collider_Mesh_-1931667380" within the maximum polygons limit (256). The partial hull will be used. Consider simplifying your mesh.
Couldn't create a Convex Mesh from source mesh "SM_Rock_Cliffwall_002_Collider_Mesh_-866322356" within the maximum polygons limit (256). The partial hull will be used. Consider simplifying your mesh.
Couldn't create a Convex Mesh from source mesh "SM_Rock_Edge_Big_02_CM_1997472482" within the maximum polygons limit (256). The partial hull will be used. Consider simplifying your mesh.
Couldn't create a Convex Mesh from source mesh "SM_LVIOT_Rock_Cliff_01_C_Collider_Mesh_Stone_518205044" within the maximum polygons limit (256). The partial hull will be used. Consider simplifying your mesh.
Couldn't create a Convex Mesh from source mesh "SM_Rock_Cliff_Hilly_08_CM_-1530425176" within the maximum polygons limit (256). The partial hull will be used. Consider simplifying your mesh.
Couldn't create a Convex Mesh from source mesh "SM_Rock_Cliff_Beach_04_CM_-1533757938" within the maximum polygons limit (256). The partial hull will be used. Consider simplifying your mesh.
Couldn't create a Convex Mesh from source mesh "SM_Item_Props_SoulEgg_Rare_Collider_Conevx_400907215" within the maximum polygons limit (256). The partial hull will be used. Consider simplifying your mesh.
Setting linear velocity of a kinematic body is not supported.
FunPlus.WorldX.Entities.Components.AttachInfo:OnEnable_Physics(Entity, Entity)
FunPlus.WorldX.Entities.Components.AttachInfo:OnEnable(Entity, Entity)
FunPlus.WorldX.Entities.Components.AttachInfo:LateUpdate(Single)
FunPlus.WorldX.Manager.EntityManager:BeforeRender()
FunPlus.WorldX.AppFacade:BeforeRenderUpdateManager()

[ line -1504778664]

Setting linear velocity of a kinematic body is not supported.
FunPlus.WorldX.Entities.Components.AttachInfo:OnEnable_Physics(Entity, Entity)
FunPlus.WorldX.Entities.Components.AttachInfo:OnEnable(Entity, Entity)
FunPlus.WorldX.Entities.Components.AttachInfo:LateUpdate(Single)
FunPlus.WorldX.Manager.EntityManager:BeforeRender()
FunPlus.WorldX.AppFacade:BeforeRenderUpdateManager()

[ line -1504778664]

Couldn't create a Convex Mesh from source mesh "SM_LVIOT_Build_FlowerVillage_Wndmill_001_A_Collider_Convex_Wood_-175679427" within the maximum polygons limit (256). The partial hull will be used. Consider simplifying your mesh.
Couldn't create a Convex Mesh from source mesh "SM_Item_Props_Ore_21_Collider_Mesh_1427908941" within the maximum polygons limit (256). The partial hull will be used. Consider simplifying your mesh.
The referenced script on this Behaviour (Game Object '<null>') is missing!
The referenced script on this Behaviour (Game Object '<null>') is missing!
The referenced script on this Behaviour (Game Object '<null>') is missing!
The referenced script on this Behaviour (Game Object '<null>') is missing!
The referenced script on this Behaviour (Game Object '<null>') is missing!
The referenced script on this Behaviour (Game Object '<null>') is missing!
The referenced script on this Behaviour (Game Object '<null>') is missing!
The referenced script on this Behaviour (Game Object '<null>') is missing!
The referenced script on this Behaviour (Game Object '<null>') is missing!
The referenced script on this Behaviour (Game Object '<null>') is missing!
The referenced script on this Behaviour (Game Object '<null>') is missing!
The referenced script on this Behaviour (Game Object '<null>') is missing!
The referenced script on this Behaviour (Game Object '<null>') is missing!
The referenced script on this Behaviour (Game Object '') is missing!
The referenced script on this Behaviour (Game Object '<null>') is missing!
The referenced script on this Behaviour (Game Object '<null>') is missing!
The referenced script on this Behaviour (Game Object '<null>') is missing!
The referenced script on this Behaviour (Game Object '<null>') is missing!
The referenced script on this Behaviour (Game Object '<null>') is missing!
The referenced script on this Behaviour (Game Object '<null>') is missing!
The referenced script on this Behaviour (Game Object '<null>') is missing!
The referenced script on this Behaviour (Game Object '<null>') is missing!
The referenced script on this Behaviour (Game Object '<null>') is missing!
The referenced script on this Behaviour (Game Object '<null>') is missing!
The referenced script on this Behaviour (Game Object '<null>') is missing!
The referenced script on this Behaviour (Game Object '<null>') is missing!
Can't add 'SkinnedMeshBatch' to M_Parmon_10371_Body02 because a 'SkinnedMeshBatch' is already added to the game object!
UnityEngine.GameObject:AddComponent()
XRender.Pipeline.Modules.SkinnedMeshCombine.SkinnedMeshBufferMgr:AddSkinnedComponent(SkinnedMeshRenderer)

[ line -1504780888]

Unloading 1 Unused Serialized files (Serialized files now loaded: 1398)
Unloading 228 unused Assets to reduce memory usage. Loaded Objects now: 148501.
Total: 138.547000 ms (FindLiveObjects: 9.524600 ms CreateObjectMapping: 4.074700 ms MarkObjects: 124.622000 ms  DeleteObjects: 0.325300 ms)

The referenced script on this Behaviour (Game Object '<null>') is missing!
The referenced script on this Behaviour (Game Object '<null>') is missing!
Unloading 1 Unused Serialized files (Serialized files now loaded: 1410)
Unloading 3849 unused Assets to reduce memory usage. Loaded Objects now: 169955.
Total: 172.946900 ms (FindLiveObjects: 10.775300 ms CreateObjectMapping: 4.904100 ms MarkObjects: 128.322000 ms  DeleteObjects: 28.945200 ms)

Can't add 'SkinnedMeshBatch' to M_Parmon_10371_Body02 because a 'SkinnedMeshBatch' is already added to the game object!
UnityEngine.GameObject:AddComponent()
XRender.Pipeline.Modules.SkinnedMeshCombine.SkinnedMeshBufferMgr:AddSkinnedComponent(SkinnedMeshRenderer)
FunPlus.WorldX.Model.PrefabLoadTask:Destroy()
FunPlus.WorldX.Model.PhysiqueModel:DestroyModel()
FunPlus.WorldX.Model.ModelView:DestroyAllModel(Boolean)
FunPlus.WorldX.Model.ModelView:Destroy()
FunPlus.WorldX.Entities.Components.ModelComponent:Destroy()
FunPlus.WorldX.Entities.EntityBase:DelAllComponent()
FunPlus.WorldX.Entities.EntityBase:OnDestroy()
FunPlus.WorldX.Manager.EntityManager:DestroyEModel(Entity)
XLua.CSObjectWrap.FunPlusWorldXManagerEntityManagerWrap:_m_DestroyEModel(IntPtr)
XLua.LuaFunction:Func(T1, T2)
FunPlus.WorldX.Cutscene.CutsceneItem:CmdLua(String, Object[])
FunPlus.WorldX.Cutscene.CutsceneRoot:DestroyAssets()
FunPlus.WorldX.Cutscene.CutsceneInitializer:Dispose()
XLua.CSObjectWrap.FunPlusWorldXManagerCutsceneManagerWrap:_m_DestroyCutscene(IntPtr)
XLua.LuaFunction:Action(T1, T2, T3, T4, T5, T6, T7)
FunPlus.WorldX.Manager.LuaManager:CommonUpdate()
FunPlus.WorldX.AppFacade:UpdateAllManager()

[ line -1504784648]

Setting linear velocity of a kinematic body is not supported.
FunPlus.WorldX.GameApp.Sandbox.PressPlatform:SyncMoverPose()
FunPlus.WorldX.GameApp.Sandbox.PressPlatform:RestorePrefabDefaults()
FunPlus.WorldX.GameApp.Sandbox.LevelItemModel:Destroy()
FunPlus.WorldX.GameApp.Sandbox.Sandbox:Destroy()
FunPlus.WorldX.GameApp.Sandbox.SandboxManager:DestroySandbox(Int32)
XLua.CSObjectWrap.FunPlusWorldXGameAppSandboxSandboxManagerWrap:_m_DestroySandbox(IntPtr)
XLua.LuaFunction:Action(T1, T2, T3, T4, T5, T6, T7)
FunPlus.WorldX.Manager.LuaManager:CommonUpdate()
FunPlus.WorldX.AppFacade:UpdateAllManager()

[ line -1504781096]

Setting angular velocity of a kinematic body is not supported.
FunPlus.WorldX.GameApp.Sandbox.PressPlatform:SyncMoverPose()
FunPlus.WorldX.GameApp.Sandbox.PressPlatform:RestorePrefabDefaults()
FunPlus.WorldX.GameApp.Sandbox.LevelItemModel:Destroy()
FunPlus.WorldX.GameApp.Sandbox.Sandbox:Destroy()
FunPlus.WorldX.GameApp.Sandbox.SandboxManager:DestroySandbox(Int32)
XLua.CSObjectWrap.FunPlusWorldXGameAppSandboxSandboxManagerWrap:_m_DestroySandbox(IntPtr)
XLua.LuaFunction:Action(T1, T2, T3, T4, T5, T6, T7)
FunPlus.WorldX.Manager.LuaManager:CommonUpdate()
FunPlus.WorldX.AppFacade:UpdateAllManager()

[ line -1504781304]

Setting linear velocity of a kinematic body is not supported.
FunPlus.WorldX.GameApp.Sandbox.PressPlatform:SyncMoverPose()
FunPlus.WorldX.GameApp.Sandbox.PressPlatform:RestorePrefabDefaults()
FunPlus.WorldX.GameApp.Sandbox.LevelItemModel:Destroy()
FunPlus.WorldX.GameApp.Sandbox.Sandbox:Destroy()
FunPlus.WorldX.GameApp.Sandbox.SandboxManager:DestroySandbox(Int32)
XLua.CSObjectWrap.FunPlusWorldXGameAppSandboxSandboxManagerWrap:_m_DestroySandbox(IntPtr)
XLua.LuaFunction:Action(T1, T2, T3, T4, T5, T6, T7)
FunPlus.WorldX.Manager.LuaManager:CommonUpdate()
FunPlus.WorldX.AppFacade:UpdateAllManager()

[ line -1504781096]

Setting angular velocity of a kinematic body is not supported.
FunPlus.WorldX.GameApp.Sandbox.PressPlatform:SyncMoverPose()
FunPlus.WorldX.GameApp.Sandbox.PressPlatform:RestorePrefabDefaults()
FunPlus.WorldX.GameApp.Sandbox.LevelItemModel:Destroy()
FunPlus.WorldX.GameApp.Sandbox.Sandbox:Destroy()
FunPlus.WorldX.GameApp.Sandbox.SandboxManager:DestroySandbox(Int32)
XLua.CSObjectWrap.FunPlusWorldXGameAppSandboxSandboxManagerWrap:_m_DestroySandbox(IntPtr)
XLua.LuaFunction:Action(T1, T2, T3, T4, T5, T6, T7)
FunPlus.WorldX.Manager.LuaManager:CommonUpdate()
FunPlus.WorldX.AppFacade:UpdateAllManager()

[ line -1504781304]

Setting linear velocity of a kinematic body is not supported.
FunPlus.WorldX.GameApp.Sandbox.PressPlatform:SyncMoverPose()
FunPlus.WorldX.GameApp.Sandbox.PressPlatform:RestorePrefabDefaults()
FunPlus.WorldX.GameApp.Sandbox.LevelItemModel:Destroy()
FunPlus.WorldX.GameApp.Sandbox.Sandbox:Destroy()
FunPlus.WorldX.GameApp.Sandbox.SandboxManager:DestroySandbox(Int32)
XLua.CSObjectWrap.FunPlusWorldXGameAppSandboxSandboxManagerWrap:_m_DestroySandbox(IntPtr)
XLua.LuaFunction:Action(T1, T2, T3, T4, T5, T6, T7)
FunPlus.WorldX.Manager.LuaManager:CommonUpdate()
FunPlus.WorldX.AppFacade:UpdateAllManager()

[ line -1504781096]

Setting angular velocity of a kinematic body is not supported.
FunPlus.WorldX.GameApp.Sandbox.PressPlatform:SyncMoverPose()
FunPlus.WorldX.GameApp.Sandbox.PressPlatform:RestorePrefabDefaults()
FunPlus.WorldX.GameApp.Sandbox.LevelItemModel:Destroy()
FunPlus.WorldX.GameApp.Sandbox.Sandbox:Destroy()
FunPlus.WorldX.GameApp.Sandbox.SandboxManager:DestroySandbox(Int32)
XLua.CSObjectWrap.FunPlusWorldXGameAppSandboxSandboxManagerWrap:_m_DestroySandbox(IntPtr)
XLua.LuaFunction:Action(T1, T2, T3, T4, T5, T6, T7)
FunPlus.WorldX.Manager.LuaManager:CommonUpdate()
FunPlus.WorldX.AppFacade:UpdateAllManager()

[ line -1504781304]

[8793.0340][Log]|[lua][info][2026-09-17 04:57:08.422766]	[info]	[PHONESTCORE_HOOK]	[clearSpace is_destroy:true id:100-202000114279-3000 actor count:0]	[Space.cpp:30(logic::Space::clearSpace)]
FunPlus.WorldX.Utils.GameLog:SimpleLog(LogType, IntPtr, Int32)
FunPlus.WorldX.Utils.LuaUtils:LogForLua(Int32, IntPtr, Int32)
XLua.CSObjectWrap.FunPlusWorldXUtilsLuaUtilsWrap:_m_LogForLua_xlua_st_(IntPtr)
XLua.LuaFunction:Action(T1, T2, T3, T4, T5, T6, T7)
FunPlus.WorldX.Manager.LuaManager:CommonUpdate()
FunPlus.WorldX.AppFacade:UpdateAllManager()

[8793.4204][Log]|[lua][info][2026-09-17 04:57:08.810685]	[info]	[PHONESTCORE_HOOK]	[client 0x28ee4f69470 stop]	[Client.hpp:41(phonestcore::Client::stop)]
FunPlus.WorldX.Utils.GameLog:SimpleLog(LogType, IntPtr, Int32)
FunPlus.WorldX.Utils.LuaUtils:LogForLua(Int32, IntPtr, Int32)
XLua.CSObjectWrap.FunPlusWorldXUtilsLuaUtilsWrap:_m_LogForLua_xlua_st_(IntPtr)
XLua.LuaFunction:Action(T1, T2, T3, T4, T5, T6, T7)
FunPlus.WorldX.Manager.LuaManager:CommonUpdate()
FunPlus.WorldX.AppFacade:UpdateAllManager()

[8793.4205][Log]|[lua][info][2026-09-17 04:57:08.810744]	[info]	[PHONESTCORE_HOOK]	[client 0x28edcacdb60 connect to eu-prod-line-2000.worldx-gate.kingsgroupgames.com 20000]	[Client.hpp:26(phonestcore::Client::connect)]
FunPlus.WorldX.Utils.GameLog:SimpleLog(LogType, IntPtr, Int32)
FunPlus.WorldX.Utils.LuaUtils:LogForLua(Int32, IntPtr, Int32)
XLua.CSObjectWrap.FunPlusWorldXUtilsLuaUtilsWrap:_m_LogForLua_xlua_st_(IntPtr)
XLua.LuaFunction:Action(T1, T2, T3, T4, T5, T6, T7)
FunPlus.WorldX.Manager.LuaManager:CommonUpdate()
FunPlus.WorldX.AppFacade:UpdateAllManager()

[8793.4208][Warn]|[lua][warning][2026-09-17 04:57:08.810781]	[warning]	[PHONESTCORE_HOOK]	[0x28f565912e0 onRead error The I/O operation has been aborted because of either a thread exit or an application request]	[TcpConnection.cpp:56(phonestcore::TcpConnection::onRead)]
FunPlus.WorldX.Utils.GameLog:SimpleLog(LogType, IntPtr, Int32)
FunPlus.WorldX.Utils.LuaUtils:LogForLua(Int32, IntPtr, Int32)
XLua.CSObjectWrap.FunPlusWorldXUtilsLuaUtilsWrap:_m_LogForLua_xlua_st_(IntPtr)
XLua.LuaFunction:Action(T1, T2, T3, T4, T5, T6, T7)
FunPlus.WorldX.Manager.LuaManager:CommonUpdate()
FunPlus.WorldX.AppFacade:UpdateAllManager()

[8793.4649][Log]|[lua][info][2026-09-17 04:57:08.855225]	[info]	[PHONESTCORE_HOOK]	[TcpClient(0x28edcacdb60) onResolve ok, endpointCount=2, firstEndpoint=8.211.5.71:20000, family=IPv4]	[TcpClient.cpp:74(phonestcore::TcpClient::onResolve)]
FunPlus.WorldX.Utils.GameLog:SimpleLog(LogType, IntPtr, Int32)
FunPlus.WorldX.Utils.LuaUtils:LogForLua(Int32, IntPtr, Int32)
XLua.CSObjectWrap.FunPlusWorldXUtilsLuaUtilsWrap:_m_LogForLua_xlua_st_(IntPtr)
XLua.LuaFunction:Action(T1, T2, T3, T4, T5, T6, T7)
FunPlus.WorldX.Manager.LuaManager:CommonUpdate()
FunPlus.WorldX.AppFacade:UpdateAllManager()

[8793.4651][Log]|[lua][info][2026-09-17 04:57:08.855284]	[info]	[PHONESTCORE_HOOK]	[TcpClient(0x28edcacdb60) tryConnect endpoint=8.211.5.71:20000 family=IPv4]	[TcpClient.cpp:119(phonestcore::TcpClient::tryConnect)]
FunPlus.WorldX.Utils.GameLog:SimpleLog(LogType, IntPtr, Int32)
FunPlus.WorldX.Utils.LuaUtils:LogForLua(Int32, IntPtr, Int32)
XLua.CSObjectWrap.FunPlusWorldXUtilsLuaUtilsWrap:_m_LogForLua_xlua_st_(IntPtr)
XLua.LuaFunction:Action(T1, T2, T3, T4, T5, T6, T7)
FunPlus.WorldX.Manager.LuaManager:CommonUpdate()
FunPlus.WorldX.AppFacade:UpdateAllManager()

[8793.4824][Log]|[lua][info][2026-09-17 04:57:08.872098]	[info]	[PHONESTCORE_HOOK]	[LuaClient(0x28edcf2e7f0)::connectCallback status true]	[LuaClient.h:75(phonestcore::LuaClient::connect::<lambda_ffd3430e67ee12999344db9951a5eac4>::operator ())]
FunPlus.WorldX.Utils.GameLog:SimpleLog(LogType, IntPtr, Int32)
FunPlus.WorldX.Utils.LuaUtils:LogForLua(Int32, IntPtr, Int32)
XLua.CSObjectWrap.FunPlusWorldXUtilsLuaUtilsWrap:_m_LogForLua_xlua_st_(IntPtr)
XLua.LuaFunction:Action(T1, T2, T3, T4, T5, T6, T7)
FunPlus.WorldX.Manager.LuaManager:CommonUpdate()
FunPlus.WorldX.AppFacade:UpdateAllManager()

[8794.1152][Log]|[lua][info][2026-09-17 04:57:09.455708]	[info]	[PHONESTCORE_HOOK]	[Actor::setIsMainPlayerActor: true, actor_id: 185120]	[ActorC.h:75(logic::ActorC::setIsMainPlayerActor)]
FunPlus.WorldX.Utils.GameLog:SimpleLog(LogType, IntPtr, Int32)
FunPlus.WorldX.Utils.LuaUtils:LogForLua(Int32, IntPtr, Int32)
XLua.CSObjectWrap.FunPlusWorldXUtilsLuaUtilsWrap:_m_LogForLua_xlua_st_(IntPtr)
XLua.LuaFunction:Action(T1, T2, T3, T4, T5, T6, T7)
FunPlus.WorldX.Manager.LuaManager:CommonUpdate()
FunPlus.WorldX.AppFacade:UpdateAllManager()

[8794.1153][Log]|[lua][info][2026-09-17 04:57:09.466378]	[info]	[PHONESTCORE_HOOK]	[createVoxelScene new>>>id:aqoVkfqGPuniYAkR 0x2902a6c1930	ref:1]	[SpaceManagerC.cpp:78(logic::SpaceManagerC::createVoxelScene)]
FunPlus.WorldX.Utils.GameLog:SimpleLog(LogType, IntPtr, Int32)
FunPlus.WorldX.Utils.LuaUtils:LogForLua(Int32, IntPtr, Int32)
XLua.CSObjectWrap.FunPlusWorldXUtilsLuaUtilsWrap:_m_LogForLua_xlua_st_(IntPtr)
XLua.LuaFunction:Action(T1, T2, T3, T4, T5, T6, T7)
FunPlus.WorldX.Manager.LuaManager:CommonUpdate()
FunPlus.WorldX.AppFacade:UpdateAllManager()

[8794.2778][Error]|[lua][error][CustomDict]	IntIntMap init property skipped, key declare maybe deleted	[[init]     ...p4dir\client\LuaScripts\Core\PropertySync\CustomDict.lua:295]
FunPlus.WorldX.Utils.GameLog:SimpleLog(LogType, IntPtr, Int32)
FunPlus.WorldX.Utils.LuaUtils:LogForLua(Int32, IntPtr, Int32)
XLua.CSObjectWrap.FunPlusWorldXUtilsLuaUtilsWrap:_m_LogForLua_xlua_st_(IntPtr)
XLua.LuaFunction:Action(T1, T2, T3, T4, T5, T6, T7)
FunPlus.WorldX.Manager.LuaManager:CommonUpdate()
FunPlus.WorldX.AppFacade:UpdateAllManager()

[8794.2801][Error]|[lua][error][CustomDict]	IntIntMap init property skipped, key declare maybe deleted	[[init]     ...p4dir\client\LuaScripts\Core\PropertySync\CustomDict.lua:295]
FunPlus.WorldX.Utils.GameLog:SimpleLog(LogType, IntPtr, Int32)
FunPlus.WorldX.Utils.LuaUtils:LogForLua(Int32, IntPtr, Int32)
XLua.CSObjectWrap.FunPlusWorldXUtilsLuaUtilsWrap:_m_LogForLua_xlua_st_(IntPtr)
XLua.LuaFunction:Action(T1, T2, T3, T4, T5, T6, T7)
FunPlus.WorldX.Manager.LuaManager:CommonUpdate()
FunPlus.WorldX.AppFacade:UpdateAllManager()

[8794.2823][Error]|[lua][error][CustomDict]	IntIntMap init property skipped, key declare maybe deleted	[[init]     ...p4dir\client\LuaScripts\Core\PropertySync\CustomDict.lua:295]
FunPlus.WorldX.Utils.GameLog:SimpleLog(LogType, IntPtr, Int32)
FunPlus.WorldX.Utils.LuaUtils:LogForLua(Int32, IntPtr, Int32)
XLua.CSObjectWrap.FunPlusWorldXUtilsLuaUtilsWrap:_m_LogForLua_xlua_st_(IntPtr)
XLua.LuaFunction:Action(T1, T2, T3, T4, T5, T6, T7)
FunPlus.WorldX.Manager.LuaManager:CommonUpdate()
FunPlus.WorldX.AppFacade:UpdateAllManager()

[8794.2847][Error]|[lua][error][CustomDict]	IntIntMap init property skipped, key declare maybe deleted	[[init]     ...p4dir\client\LuaScripts\Core\PropertySync\CustomDict.lua:295]
FunPlus.WorldX.Utils.GameLog:SimpleLog(LogType, IntPtr, Int32)
FunPlus.WorldX.Utils.LuaUtils:LogForLua(Int32, IntPtr, Int32)
XLua.CSObjectWrap.FunPlusWorldXUtilsLuaUtilsWrap:_m_LogForLua_xlua_st_(IntPtr)
XLua.LuaFunction:Action(T1, T2, T3, T4, T5, T6, T7)
FunPlus.WorldX.Manager.LuaManager:CommonUpdate()
FunPlus.WorldX.AppFacade:UpdateAllManager()

[8794.2873][Error]|[lua][error][CustomDict]	IntIntMap init property skipped, key declare maybe deleted	[[init]     ...p4dir\client\LuaScripts\Core\PropertySync\CustomDict.lua:295]
FunPlus.WorldX.Utils.GameLog:SimpleLog(LogType, IntPtr, Int32)
FunPlus.WorldX.Utils.LuaUtils:LogForLua(Int32, IntPtr, Int32)
XLua.CSObjectWrap.FunPlusWorldXUtilsLuaUtilsWrap:_m_LogForLua_xlua_st_(IntPtr)
XLua.LuaFunction:Action(T1, T2, T3, T4, T5, T6, T7)
FunPlus.WorldX.Manager.LuaManager:CommonUpdate()
FunPlus.WorldX.AppFacade:UpdateAllManager()

[8794.2898][Error]|[lua][error][CustomDict]	IntIntMap init property skipped, key declare maybe deleted	[[init]     ...p4dir\client\LuaScripts\Core\PropertySync\CustomDict.lua:295]
FunPlus.WorldX.Utils.GameLog:SimpleLog(LogType, IntPtr, Int32)
FunPlus.WorldX.Utils.LuaUtils:LogForLua(Int32, IntPtr, Int32)
XLua.CSObjectWrap.FunPlusWorldXUtilsLuaUtilsWrap:_m_LogForLua_xlua_st_(IntPtr)
XLua.LuaFunction:Action(T1, T2, T3, T4, T5, T6, T7)
FunPlus.WorldX.Manager.LuaManager:CommonUpdate()
FunPlus.WorldX.AppFacade:UpdateAllManager()

Couldn't create a Convex Mesh from source mesh "SM_Rock_Edge_Mid_01_CM_-1168274782" within the maximum polygons limit (256). The partial hull will be used. Consider simplifying your mesh.
Couldn't create a Convex Mesh from source mesh "SM_Rock_Edge_Mid_04_CM_1505413858" within the maximum polygons limit (256). The partial hull will be used. Consider simplifying your mesh.
Couldn't create a Convex Mesh from source mesh "SM_Rock_Edge_Big_07_CM_-1819458910" within the maximum polygons limit (256). The partial hull will be used. Consider simplifying your mesh.
Couldn't create a Convex Mesh from source mesh "SM_Rock_Beachrock_001_Collider_Mesh_-1736269204" within the maximum polygons limit (256). The partial hull will be used. Consider simplifying your mesh.
Couldn't create a Convex Mesh from source mesh "SM_Rock_Cliff_Beach_05_CM_2024070376" within the maximum polygons limit (256). The partial hull will be used. Consider simplifying your mesh.
Couldn't create a Convex Mesh from source mesh "SM_Rock_Cliff_Beach_01_CM_811127384" within the maximum polygons limit (256). The partial hull will be used. Consider simplifying your mesh.
Couldn't create a Convex Mesh from source mesh "SM_Rock_Cliff_Hilly_07_CM_1166888786" within the maximum polygons limit (256). The partial hull will be used. Consider simplifying your mesh.
Can't add 'SkinnedMeshBatch' to M_Parmon_10371_Body02 because a 'SkinnedMeshBatch' is already added to the game object!
UnityEngine.GameObject:AddComponent()
XRender.Pipeline.Modules.SkinnedMeshCombine.SkinnedMeshBufferMgr:AddSkinnedComponent(SkinnedMeshRenderer)

[ line -1504780888]

Unloading 1 Unused Serialized files (Serialized files now loaded: 1405)
Unloading 1931 unused Assets to reduce memory usage. Loaded Objects now: 159373.
Total: 145.119000 ms (FindLiveObjects: 10.335400 ms CreateObjectMapping: 6.023000 ms MarkObjects: 127.111000 ms  DeleteObjects: 1.649400 ms)

Can't add 'SkinnedMeshBatch' to M_Parmon_10371_Body02 because a 'SkinnedMeshBatch' is already added to the game object!
UnityEngine.GameObject:AddComponent()
XRender.Pipeline.Modules.SkinnedMeshCombine.SkinnedMeshBufferMgr:AddSkinnedComponent(SkinnedMeshRenderer)
FunPlus.WorldX.Model.PrefabLoadTask:Destroy()
FunPlus.WorldX.Model.PhysiqueModel:DestroyModel()
FunPlus.WorldX.Model.ModelView:DestroyAllModel(Boolean)
FunPlus.WorldX.Model.ModelView:Destroy()
FunPlus.WorldX.Entities.Components.ModelComponent:Destroy()
FunPlus.WorldX.Entities.EntityBase:DelAllComponent()
FunPlus.WorldX.Entities.EntityBase:OnDestroy()
FunPlus.WorldX.Manager.EntityManager:DestroyEModel(Entity)
XLua.CSObjectWrap.FunPlusWorldXManagerEntityManagerWrap:_m_DestroyEModel(IntPtr)
XLua.LuaFunction:Func(T1, T2)
FunPlus.WorldX.Cutscene.CutsceneItem:CmdLua(String, Object[])
FunPlus.WorldX.Cutscene.CutsceneRoot:DestroyAssets()
FunPlus.WorldX.Cutscene.CutsceneInitializer:Dispose()
XLua.CSObjectWrap.FunPlusWorldXManagerCutsceneManagerWrap:_m_DestroyCutscene(IntPtr)
XLua.LuaFunction:Action(T1, T2, T3, T4, T5, T6, T7)
FunPlus.WorldX.Manager.LuaManager:CommonUpdate()
FunPlus.WorldX.AppFacade:UpdateAllManager()

[ line -1504784648]

[8807.8983][Log]|[lua][info][2026-09-17 04:57:23.286990]	[info]	[PHONESTCORE_HOOK]	[clearSpace is_destroy:true id:aqoVkfqGPuniYAkR actor count:0]	[Space.cpp:30(logic::Space::clearSpace)]
FunPlus.WorldX.Utils.GameLog:SimpleLog(LogType, IntPtr, Int32)
FunPlus.WorldX.Utils.LuaUtils:LogForLua(Int32, IntPtr, Int32)
XLua.CSObjectWrap.FunPlusWorldXUtilsLuaUtilsWrap:_m_LogForLua_xlua_st_(IntPtr)
XLua.LuaFunction:Action(T1, T2, T3, T4, T5, T6, T7)
FunPlus.WorldX.Manager.LuaManager:CommonUpdate()
FunPlus.WorldX.AppFacade:UpdateAllManager()

[8808.1041][Log]|[lua][info][2026-09-17 04:57:23.494371]	[info]	[PHONESTCORE_HOOK]	[client 0x28edcacdb60 stop]	[Client.hpp:41(phonestcore::Client::stop)]
FunPlus.WorldX.Utils.GameLog:SimpleLog(LogType, IntPtr, Int32)
FunPlus.WorldX.Utils.LuaUtils:LogForLua(Int32, IntPtr, Int32)
XLua.CSObjectWrap.FunPlusWorldXUtilsLuaUtilsWrap:_m_LogForLua_xlua_st_(IntPtr)
XLua.LuaFunction:Action(T1, T2, T3, T4, T5, T6, T7)
FunPlus.WorldX.Manager.LuaManager:CommonUpdate()
FunPlus.WorldX.AppFacade:UpdateAllManager()

[8808.1046][Warn]|[lua][warning][2026-09-17 04:57:23.494452]	[warning]	[PHONESTCORE_HOOK]	[0x28f626e5eb0 onRead error The I/O operation has been aborted because of either a thread exit or an application request]	[TcpConnection.cpp:56(phonestcore::TcpConnection::onRead)]
FunPlus.WorldX.Utils.GameLog:SimpleLog(LogType, IntPtr, Int32)
FunPlus.WorldX.Utils.LuaUtils:LogForLua(Int32, IntPtr, Int32)
XLua.CSObjectWrap.FunPlusWorldXUtilsLuaUtilsWrap:_m_LogForLua_xlua_st_(IntPtr)
XLua.LuaFunction:Action(T1, T2, T3, T4, T5, T6, T7)
FunPlus.WorldX.Manager.LuaManager:CommonUpdate()
FunPlus.WorldX.AppFacade:UpdateAllManager()

[8808.1046][Log]|[lua][info][2026-09-17 04:57:23.494517]	[info]	[PHONESTCORE_HOOK]	[client 0x28edcace0a0 connect to eu-prod-singleworld-1000.worldx-gate.kingsgroupgames.com 20000]	[Client.hpp:26(phonestcore::Client::connect)]
FunPlus.WorldX.Utils.GameLog:SimpleLog(LogType, IntPtr, Int32)
FunPlus.WorldX.Utils.LuaUtils:LogForLua(Int32, IntPtr, Int32)
XLua.CSObjectWrap.FunPlusWorldXUtilsLuaUtilsWrap:_m_LogForLua_xlua_st_(IntPtr)
XLua.LuaFunction:Action(T1, T2, T3, T4, T5, T6, T7)
FunPlus.WorldX.Manager.LuaManager:CommonUpdate()
FunPlus.WorldX.AppFacade:UpdateAllManager()

[8808.1396][Log]|[lua][info][2026-09-17 04:57:23.529789]	[info]	[PHONESTCORE_HOOK]	[TcpClient(0x28edcace0a0) onResolve ok, endpointCount=2, firstEndpoint=8.209.70.65:20000, family=IPv4]	[TcpClient.cpp:74(phonestcore::TcpClient::onResolve)]
FunPlus.WorldX.Utils.GameLog:SimpleLog(LogType, IntPtr, Int32)
FunPlus.WorldX.Utils.LuaUtils:LogForLua(Int32, IntPtr, Int32)
XLua.CSObjectWrap.FunPlusWorldXUtilsLuaUtilsWrap:_m_LogForLua_xlua_st_(IntPtr)
XLua.LuaFunction:Action(T1, T2, T3, T4, T5, T6, T7)
FunPlus.WorldX.Manager.LuaManager:CommonUpdate()
FunPlus.WorldX.AppFacade:UpdateAllManager()

[8808.1398][Log]|[lua][info][2026-09-17 04:57:23.529822]	[info]	[PHONESTCORE_HOOK]	[TcpClient(0x28edcace0a0) tryConnect endpoint=8.209.70.65:20000 family=IPv4]	[TcpClient.cpp:119(phonestcore::TcpClient::tryConnect)]
FunPlus.WorldX.Utils.GameLog:SimpleLog(LogType, IntPtr, Int32)
FunPlus.WorldX.Utils.LuaUtils:LogForLua(Int32, IntPtr, Int32)
XLua.CSObjectWrap.FunPlusWorldXUtilsLuaUtilsWrap:_m_LogForLua_xlua_st_(IntPtr)
XLua.LuaFunction:Action(T1, T2, T3, T4, T5, T6, T7)
FunPlus.WorldX.Manager.LuaManager:CommonUpdate()
FunPlus.WorldX.AppFacade:UpdateAllManager()

[8808.1625][Log]|[lua][info][2026-09-17 04:57:23.546852]	[info]	[PHONESTCORE_HOOK]	[LuaClient(0x28f355b5f20)::connectCallback status true]	[LuaClient.h:75(phonestcore::LuaClient::connect::<lambda_ffd3430e67ee12999344db9951a5eac4>::operator ())]
FunPlus.WorldX.Utils.GameLog:SimpleLog(LogType, IntPtr, Int32)
FunPlus.WorldX.Utils.LuaUtils:LogForLua(Int32, IntPtr, Int32)
XLua.CSObjectWrap.FunPlusWorldXUtilsLuaUtilsWrap:_m_LogForLua_xlua_st_(IntPtr)
XLua.LuaFunction:Action(T1, T2, T3, T4, T5, T6, T7)
FunPlus.WorldX.Manager.LuaManager:CommonUpdate()
FunPlus.WorldX.AppFacade:UpdateAllManager()

[8808.7226][Log]|[lua][info][2026-09-17 04:57:24.087402]	[info]	[PHONESTCORE_HOOK]	[Actor::setIsMainPlayerActor: true, actor_id: 6283367]	[ActorC.h:75(logic::ActorC::setIsMainPlayerActor)]
FunPlus.WorldX.Utils.GameLog:SimpleLog(LogType, IntPtr, Int32)
FunPlus.WorldX.Utils.LuaUtils:LogForLua(Int32, IntPtr, Int32)
XLua.CSObjectWrap.FunPlusWorldXUtilsLuaUtilsWrap:_m_LogForLua_xlua_st_(IntPtr)
XLua.LuaFunction:Action(T1, T2, T3, T4, T5, T6, T7)
FunPlus.WorldX.Manager.LuaManager:CommonUpdate()
FunPlus.WorldX.AppFacade:UpdateAllManager()

[8808.7227][Log]|[lua][info][2026-09-17 04:57:24.095957]	[info]	[PHONESTCORE_HOOK]	[createVoxelScene new>>>id:100-202000114279-3000 0x2902a6c34c0	ref:1]	[SpaceManagerC.cpp:78(logic::SpaceManagerC::createVoxelScene)]
FunPlus.WorldX.Utils.GameLog:SimpleLog(LogType, IntPtr, Int32)
FunPlus.WorldX.Utils.LuaUtils:LogForLua(Int32, IntPtr, Int32)
XLua.CSObjectWrap.FunPlusWorldXUtilsLuaUtilsWrap:_m_LogForLua_xlua_st_(IntPtr)
XLua.LuaFunction:Action(T1, T2, T3, T4, T5, T6, T7)
FunPlus.WorldX.Manager.LuaManager:CommonUpdate()
FunPlus.WorldX.AppFacade:UpdateAllManager()

The referenced script on this Behaviour (Game Object '35Rad_Sphere_Cloud') is missing!
The referenced script on this Behaviour (Game Object '20Rad_Sphere_Cloud') is missing!
The referenced script on this Behaviour (Game Object '25Rad_Sphere_Cloud (3)') is missing!
Can't add 'SkinnedMeshBatch' to M_Parmon_10371_Body02 because a 'SkinnedMeshBatch' is already added to the game object!
UnityEngine.GameObject:AddComponent()
XRender.Pipeline.Modules.SkinnedMeshCombine.SkinnedMeshBufferMgr:AddSkinnedComponent(SkinnedMeshRenderer)

[ line -1504780888]

Setting linear velocity of a kinematic body is not supported.
FunPlus.WorldX.Entities.Components.AttachInfo:OnEnable_Physics(Entity, Entity)
FunPlus.WorldX.Entities.Components.AttachInfo:OnEnable(Entity, Entity)
FunPlus.WorldX.Entities.Components.AttachInfo:LateUpdate(Single)
FunPlus.WorldX.Manager.EntityManager:BeforeRender()
FunPlus.WorldX.AppFacade:BeforeRenderUpdateManager()

[ line -1504778664]

Couldn't create a Convex Mesh from source mesh "M_Item_SceneObject_BouncePlantBig_Grow_A" within the maximum polygons limit (256). The partial hull will be used. Consider simplifying your mesh.
Couldn't create a Convex Mesh from source mesh "M_Item_SceneObject_BouncePlantBig_Dry_A" within the maximum polygons limit (256). The partial hull will be used. Consider simplifying your mesh.
Couldn't create a Convex Mesh from source mesh "SM_Item_Props_Stone_Starly_Bowl_0_Collider_Mesh_182627224" within the maximum polygons limit (256). The partial hull will be used. Consider simplifying your mesh.
Couldn't create a Convex Mesh from source mesh "SM_Rock_Mountain_01_CM_1905651362" within the maximum polygons limit (256). The partial hull will be used. Consider simplifying your mesh.
Couldn't create a Convex Mesh from source mesh "SM_Item_Props_Stone_Medium_0_Collider_Mesh_-748576486" within the maximum polygons limit (256). The partial hull will be used. Consider simplifying your mesh.
Setting linear velocity of a kinematic body is not supported.
FunPlus.WorldX.Entities.Components.AttachInfo:OnEnable_Physics(Entity, Entity)
FunPlus.WorldX.Entities.Components.AttachInfo:OnEnable(Entity, Entity)
FunPlus.WorldX.Entities.Components.AttachInfo:LateUpdate(Single)
FunPlus.WorldX.Manager.EntityManager:BeforeRender()
FunPlus.WorldX.AppFacade:BeforeRenderUpdateManager()

[ line -1504778664]

Couldn't create a Convex Mesh from source mesh "SM_Item_Props_Gem_12_Collider_Mesh_-1143160819" within the maximum polygons limit (256). The partial hull will be used. Consider simplifying your mesh.
Unloading 1 Unused Serialized files (Serialized files now loaded: 1433)
Unloading 16138 unused Assets to reduce memory usage. Loaded Objects now: 178433.
Total: 184.483600 ms (FindLiveObjects: 11.198500 ms CreateObjectMapping: 5.946500 ms MarkObjects: 133.734500 ms  DeleteObjects: 33.603700 ms)

Couldn't create a Convex Mesh from source mesh "SM_Rock_Mountain_04_CM_1160429538" within the maximum polygons limit (256). The partial hull will be used. Consider simplifying your mesh.
Tree prefab at index 0 is missing.
Tree prefab at index 0 is missing.
Setting linear velocity of a kinematic body is not supported.
FunPlus.WorldX.Entities.Components.AttachInfo:OnEnable_Physics(Entity, Entity)
FunPlus.WorldX.Entities.Components.AttachInfo:OnEnable(Entity, Entity)
FunPlus.WorldX.Entities.Components.AttachInfo:LateUpdate(Single)
FunPlus.WorldX.Manager.EntityManager:BeforeRender()
FunPlus.WorldX.AppFacade:BeforeRenderUpdateManager()

[ line -1504778664]

Unloading 1 Unused Serialized files (Serialized files now loaded: 1398)
Unloading 720 unused Assets to reduce memory usage. Loaded Objects now: 156205.
Total: 137.984700 ms (FindLiveObjects: 9.017900 ms CreateObjectMapping: 5.164000 ms MarkObjects: 122.590600 ms  DeleteObjects: 1.211900 ms)

The referenced script on this Behaviour (Game Object '<null>') is missing!
The referenced script on this Behaviour (Game Object '<null>') is missing!
The referenced script on this Behaviour (Game Object '<null>') is missing!
The referenced script on this Behaviour (Game Object '<null>') is missing!
Couldn't create a Convex Mesh from source mesh "SM_Item_Props_Chest_Shell01_Bottom_CM_-1245903479" within the maximum polygons limit (256). The partial hull will be used. Consider simplifying your mesh.
Couldn't create a Convex Mesh from source mesh "SM_Item_Props_Chest_Shell01_Top_CM_-1599723075" within the maximum polygons limit (256). The partial hull will be used. Consider simplifying your mesh.
The referenced script on this Behaviour (Game Object '<null>') is missing!
[8894.7818][Log]|[lua][info][2026-09-17 04:58:50.172142]	[info]	[PHONESTCORE_HOOK]	[0x28e255ec130 connect to http://worldx-global-assets.oss-us-east-1.aliyuncs.com:443/eu/prod/ClientInfo/202000114279_client_info_bin?x-oss-credential=LTAI5tS3b81GXuYfXYtgJZ7J%2F20260917%2Fus-east-1%2Foss%2Faliyun_v4_request&x-oss-date=20260917T025850Z&x-oss-expires=300&x-oss-signature=a8dca47a3a0ee4fafdbbcb9a0a27e15d057ff5ea2695553255eba315201ba987&x-oss-signature-version=OSS4-HMAC-SHA256]	[HttpClient.cpp:38(phonestcore::HttpClient::connect)]
FunPlus.WorldX.Utils.GameLog:SimpleLog(LogType, IntPtr, Int32)
FunPlus.WorldX.Utils.LuaUtils:LogForLua(Int32, IntPtr, Int32)
XLua.CSObjectWrap.FunPlusWorldXUtilsLuaUtilsWrap:_m_LogForLua_xlua_st_(IntPtr)
XLua.LuaFunction:Action(T1, T2, T3, T4, T5, T6, T7)
FunPlus.WorldX.Manager.LuaManager:CommonUpdate()
FunPlus.WorldX.AppFacade:UpdateAllManager()

The referenced script on this Behaviour (Game Object '<null>') is missing!
The referenced script on this Behaviour (Game Object '<null>') is missing!
Unloading 1 Unused Serialized files (Serialized files now loaded: 1409)
Unloading 29516 unused Assets to reduce memory usage. Loaded Objects now: 161376.
Total: 161.645800 ms (FindLiveObjects: 10.835600 ms CreateObjectMapping: 5.573600 ms MarkObjects: 132.479700 ms  DeleteObjects: 12.756600 ms)

Couldn't create a Convex Mesh from source mesh "SM_Rock_Edge_Mid_04_CM_1505413858" within the maximum polygons limit (256). The partial hull will be used. Consider simplifying your mesh.
Couldn't create a Convex Mesh from source mesh "SM_Rock_Edge_Mid_04_CM_1505413858" within the maximum polygons limit (256). The partial hull will be used. Consider simplifying your mesh.
Couldn't create a Convex Mesh from source mesh "SM_Rock_Edge_Big_07_CM_-1819458910" within the maximum polygons limit (256). The partial hull will be used. Consider simplifying your mesh.
Couldn't create a Convex Mesh from source mesh "SM_LVIOT_Rock_Cliff_14_CM_-1344668994" within the maximum polygons limit (256). The partial hull will be used. Consider simplifying your mesh.
Couldn't create a Convex Mesh from source mesh "SM_Rock_Cliff_Beach_03_CM_-934479732" within the maximum polygons limit (256). The partial hull will be used. Consider simplifying your mesh.
Couldn't create a Convex Mesh from source mesh "SM_Rock_Cliff_Hilly_05_CM_-894274274" within the maximum polygons limit (256). The partial hull will be used. Consider simplifying your mesh.
Couldn't create a Convex Mesh from source mesh "SM_LVIOT_Build_FlowerVillage_Wndmill_001_A_Collider_Convex_Wood_-175679427" within the maximum polygons limit (256). The partial hull will be used. Consider simplifying your mesh.
The referenced script on this Behaviour (Game Object '35Rad_Sphere_Cloud') is missing!
The referenced script on this Behaviour (Game Object '20Rad_Sphere_Cloud') is missing!
The referenced script on this Behaviour (Game Object '25Rad_Sphere_Cloud (3)') is missing!
Unloading 1 Unused Serialized files (Serialized files now loaded: 1399)
Unloading 455 unused Assets to reduce memory usage. Loaded Objects now: 136867.
Total: 142.595900 ms (FindLiveObjects: 8.563300 ms CreateObjectMapping: 4.037400 ms MarkObjects: 129.308500 ms  DeleteObjects: 0.686500 ms)

Couldn't create a Convex Mesh from source mesh "SM_LVIOT_Tree_Iris_Eff_CM_619886536" within the maximum polygons limit (256). The partial hull will be used. Consider simplifying your mesh.
Couldn't create a Convex Mesh from source mesh "SM_Rock_SoilSlope_001_CM_-1558118248" within the maximum polygons limit (256). The partial hull will be used. Consider simplifying your mesh.
Couldn't create a Convex Mesh from source mesh "SM_Rock_SoilSlope_002_CM_1663744504" within the maximum polygons limit (256). The partial hull will be used. Consider simplifying your mesh.
Couldn't create a Convex Mesh from source mesh "SM_LVIOT_Rock_Cliff_16_CM_1806466034" within the maximum polygons limit (256). The partial hull will be used. Consider simplifying your mesh.
Couldn't create a Convex Mesh from source mesh "SM_LVIOT_Rock_Cliff_15_CM_-1066913000" within the maximum polygons limit (256). The partial hull will be used. Consider simplifying your mesh.
Couldn't create a Convex Mesh from source mesh "SM_Rock_Edge_Big_03_CM_-675274334" within the maximum polygons limit (256). The partial hull will be used. Consider simplifying your mesh.
Couldn't create a Convex Mesh from source mesh "SM_LVIOT_Rock_Cliff_21_CM_544524450" within the maximum polygons limit (256). The partial hull will be used. Consider simplifying your mesh.
Couldn't create a Convex Mesh from source mesh "SM_LVIOT_Rock_Cliff_20_CM_1541296188" within the maximum polygons limit (256). The partial hull will be used. Consider simplifying your mesh.
Couldn't create a Convex Mesh from source mesh "SM_LVIOT_Rock_Cliff_22_CM_73182600" within the maximum polygons limit (256). The partial hull will be used. Consider simplifying your mesh.
Couldn't create a Convex Mesh from source mesh "SM_LVIOT_Rock_Cliff_19_CM_725570248" within the maximum polygons limit (256). The partial hull will be used. Consider simplifying your mesh.
The referenced script on this Behaviour (Game Object '<null>') is missing!
The referenced script on this Behaviour (Game Object '<null>') is missing!
The referenced script on this Behaviour (Game Object '<null>') is missing!
Unloading 1 Unused Serialized files (Serialized files now loaded: 1412)
Unloading 5109 unused Assets to reduce memory usage. Loaded Objects now: 180182.
Total: 160.791600 ms (FindLiveObjects: 10.982300 ms CreateObjectMapping: 4.695900 ms MarkObjects: 139.761200 ms  DeleteObjects: 5.351900 ms)

[9011.5287][Log]|[lua][info][2026-09-17 05:00:46.915887]	[info]	[PHONESTCORE_HOOK]	[0x28f483bb080 connect to http://priv-platform-yimoo-api.funplus.com:443/api/game/red-dot]	[HttpClient.cpp:38(phonestcore::HttpClient::connect)]
FunPlus.WorldX.Utils.GameLog:SimpleLog(LogType, IntPtr, Int32)
FunPlus.WorldX.Utils.LuaUtils:LogForLua(Int32, IntPtr, Int32)
XLua.CSObjectWrap.FunPlusWorldXUtilsLuaUtilsWrap:_m_LogForLua_xlua_st_(IntPtr)
XLua.LuaFunction:Action(T1, T2, T3, T4, T5, T6, T7)
FunPlus.WorldX.Manager.LuaManager:CommonUpdate()
FunPlus.WorldX.AppFacade:UpdateAllManager()

[9011.5288][Log]|[lua][info][2026-09-17 05:00:46.916396]	[info]	[PHONESTCORE_HOOK]	[0x28f483bba10 connect to http://announcement-web.funplus.com:443/api/announce/list]	[HttpClient.cpp:38(phonestcore::HttpClient::connect)]
FunPlus.WorldX.Utils.GameLog:SimpleLog(LogType, IntPtr, Int32)
FunPlus.WorldX.Utils.LuaUtils:LogForLua(Int32, IntPtr, Int32)
XLua.CSObjectWrap.FunPlusWorldXUtilsLuaUtilsWrap:_m_LogForLua_xlua_st_(IntPtr)
XLua.LuaFunction:Action(T1, T2, T3, T4, T5, T6, T7)
FunPlus.WorldX.Manager.LuaManager:CommonUpdate()
FunPlus.WorldX.AppFacade:UpdateAllManager()

The referenced script on this Behaviour (Game Object '<null>') is missing!
[9023.4197][Log]|[lua][info][2026-09-17 05:00:58.809767]	[info]	[PHONESTCORE_HOOK]	[0x28ecfe1ead0 connect to http://announcement-web.funplus.com:443/api/announce/list]	[HttpClient.cpp:38(phonestcore::HttpClient::connect)]
FunPlus.WorldX.Utils.GameLog:SimpleLog(LogType, IntPtr, Int32)
FunPlus.WorldX.Utils.LuaUtils:LogForLua(Int32, IntPtr, Int32)
XLua.CSObjectWrap.FunPlusWorldXUtilsLuaUtilsWrap:_m_LogForLua_xlua_st_(IntPtr)
XLua.LuaFunction:Action(T1, T2, T3, T4, T5, T6, T7)
FunPlus.WorldX.Manager.LuaManager:CommonUpdate()
FunPlus.WorldX.AppFacade:UpdateAllManager()

[9023.5868][Log]|[lua][info][2026-09-17 05:00:58.976937]	[info]	[PHONESTCORE_HOOK]	[0x28ecfe1ee00 connect to http://announcement-web.funplus.com:443/api/announce/list]	[HttpClient.cpp:38(phonestcore::HttpClient::connect)]
FunPlus.WorldX.Utils.GameLog:SimpleLog(LogType, IntPtr, Int32)
FunPlus.WorldX.Utils.LuaUtils:LogForLua(Int32, IntPtr, Int32)
XLua.CSObjectWrap.FunPlusWorldXUtilsLuaUtilsWrap:_m_LogForLua_xlua_st_(IntPtr)
XLua.LuaFunction:Action(T1, T2, T3, T4, T5, T6, T7)
FunPlus.WorldX.Manager.LuaManager:CommonUpdate()
FunPlus.WorldX.AppFacade:UpdateAllManager()

[9023.8380][Log]|[lua][info][2026-09-17 05:00:59.228027]	[info]	[PHONESTCORE_HOOK]	[0x28ecfe1f130 connect to http://announcement-web.funplus.com:443/api/announce/list]	[HttpClient.cpp:38(phonestcore::HttpClient::connect)]
FunPlus.WorldX.Utils.GameLog:SimpleLog(LogType, IntPtr, Int32)
FunPlus.WorldX.Utils.LuaUtils:LogForLua(Int32, IntPtr, Int32)
XLua.CSObjectWrap.FunPlusWorldXUtilsLuaUtilsWrap:_m_LogForLua_xlua_st_(IntPtr)
XLua.LuaFunction:Action(T1, T2, T3, T4, T5, T6, T7)
FunPlus.WorldX.Manager.LuaManager:CommonUpdate()
FunPlus.WorldX.AppFacade:UpdateAllManager()

[9023.9950][Log]|[lua][info][2026-09-17 05:00:59.385080]	[info]	[PHONESTCORE_HOOK]	[0x28f3ca607a0 connect to http://announcement-web.funplus.com:443/api/announce/list]	[HttpClient.cpp:38(phonestcore::HttpClient::connect)]
FunPlus.WorldX.Utils.GameLog:SimpleLog(LogType, IntPtr, Int32)
FunPlus.WorldX.Utils.LuaUtils:LogForLua(Int32, IntPtr, Int32)
XLua.CSObjectWrap.FunPlusWorldXUtilsLuaUtilsWrap:_m_LogForLua_xlua_st_(IntPtr)
XLua.LuaFunction:Action(T1, T2, T3, T4, T5, T6, T7)
FunPlus.WorldX.Manager.LuaManager:CommonUpdate()
FunPlus.WorldX.AppFacade:UpdateAllManager()

[9024.1506][Log]|[lua][info][2026-09-17 05:00:59.540679]	[info]	[PHONESTCORE_HOOK]	[0x28f3ca60ad0 connect to http://announcement-web.funplus.com:443/api/announce/list]	[HttpClient.cpp:38(phonestcore::HttpClient::connect)]
FunPlus.WorldX.Utils.GameLog:SimpleLog(LogType, IntPtr, Int32)
FunPlus.WorldX.Utils.LuaUtils:LogForLua(Int32, IntPtr, Int32)
XLua.CSObjectWrap.FunPlusWorldXUtilsLuaUtilsWrap:_m_LogForLua_xlua_st_(IntPtr)
XLua.LuaFunction:Action(T1, T2, T3, T4, T5, T6, T7)
FunPlus.WorldX.Manager.LuaManager:CommonUpdate()
FunPlus.WorldX.AppFacade:UpdateAllManager()

[9024.1897][Log]|[lua][info][2026-09-17 05:00:59.580041]	[info]	[PHONESTCORE_HOOK]	[0x28f3ca5fae0 connect to http://announcement-web.funplus.com:443/api/announce/detail]	[HttpClient.cpp:38(phonestcore::HttpClient::connect)]
FunPlus.WorldX.Utils.GameLog:SimpleLog(LogType, IntPtr, Int32)
FunPlus.WorldX.Utils.LuaUtils:LogForLua(Int32, IntPtr, Int32)
XLua.CSObjectWrap.FunPlusWorldXUtilsLuaUtilsWrap:_m_LogForLua_xlua_st_(IntPtr)
XLua.LuaFunction:Action(T1, T2, T3, T4, T5, T6, T7)
FunPlus.WorldX.Manager.LuaManager:CommonUpdate()
FunPlus.WorldX.AppFacade:UpdateAllManager()

[9024.3624][Log]|[lua][info][2026-09-17 05:00:59.752637]	[info]	[PHONESTCORE_HOOK]	[0x28f3ca5fe10 connect to http://announcement-web.funplus.com:443/api/announce/detail]	[HttpClient.cpp:38(phonestcore::HttpClient::connect)]
FunPlus.WorldX.Utils.GameLog:SimpleLog(LogType, IntPtr, Int32)
FunPlus.WorldX.Utils.LuaUtils:LogForLua(Int32, IntPtr, Int32)
XLua.CSObjectWrap.FunPlusWorldXUtilsLuaUtilsWrap:_m_LogForLua_xlua_st_(IntPtr)
XLua.LuaFunction:Action(T1, T2, T3, T4, T5, T6, T7)
FunPlus.WorldX.Manager.LuaManager:CommonUpdate()
FunPlus.WorldX.AppFacade:UpdateAllManager()

[9024.6100][Log]|[lua][info][2026-09-17 05:01:00.000310]	[info]	[PHONESTCORE_HOOK]	[0x28da0245c60 connect to http://announcement-web.funplus.com:443/api/announce/detail]	[HttpClient.cpp:38(phonestcore::HttpClient::connect)]
FunPlus.WorldX.Utils.GameLog:SimpleLog(LogType, IntPtr, Int32)
FunPlus.WorldX.Utils.LuaUtils:LogForLua(Int32, IntPtr, Int32)
XLua.CSObjectWrap.FunPlusWorldXUtilsLuaUtilsWrap:_m_LogForLua_xlua_st_(IntPtr)
XLua.LuaFunction:Action(T1, T2, T3, T4, T5, T6, T7)
FunPlus.WorldX.Manager.LuaManager:CommonUpdate()
FunPlus.WorldX.AppFacade:UpdateAllManager()

[9024.7635][Log]|[lua][info][2026-09-17 05:01:00.153847]	[info]	[PHONESTCORE_HOOK]	[0x28f756d9f70 connect to http://announcement-web.funplus.com:443/api/announce/detail]	[HttpClient.cpp:38(phonestcore::HttpClient::connect)]
FunPlus.WorldX.Utils.GameLog:SimpleLog(LogType, IntPtr, Int32)
FunPlus.WorldX.Utils.LuaUtils:LogForLua(Int32, IntPtr, Int32)
XLua.CSObjectWrap.FunPlusWorldXUtilsLuaUtilsWrap:_m_LogForLua_xlua_st_(IntPtr)
XLua.LuaFunction:Action(T1, T2, T3, T4, T5, T6, T7)
FunPlus.WorldX.Manager.LuaManager:CommonUpdate()
FunPlus.WorldX.AppFacade:UpdateAllManager()

[9024.9254][Log]|[lua][info][2026-09-17 05:01:00.315612]	[info]	[PHONESTCORE_HOOK]	[0x28f756dac30 connect to http://announcement-web.funplus.com:443/api/announce/detail]	[HttpClient.cpp:38(phonestcore::HttpClient::connect)]
FunPlus.WorldX.Utils.GameLog:SimpleLog(LogType, IntPtr, Int32)
FunPlus.WorldX.Utils.LuaUtils:LogForLua(Int32, IntPtr, Int32)
XLua.CSObjectWrap.FunPlusWorldXUtilsLuaUtilsWrap:_m_LogForLua_xlua_st_(IntPtr)
XLua.LuaFunction:Action(T1, T2, T3, T4, T5, T6, T7)
FunPlus.WorldX.Manager.LuaManager:CommonUpdate()
FunPlus.WorldX.AppFacade:UpdateAllManager()

[9024.9672][Log]|[lua][info][2026-09-17 05:01:00.357534]	[info]	[PHONESTCORE_HOOK]	[0x28b68063bd0 connect to http://announcement-web.funplus.com:443/api/announce/detail]	[HttpClient.cpp:38(phonestcore::HttpClient::connect)]
FunPlus.WorldX.Utils.GameLog:SimpleLog(LogType, IntPtr, Int32)
FunPlus.WorldX.Utils.LuaUtils:LogForLua(Int32, IntPtr, Int32)
XLua.CSObjectWrap.FunPlusWorldXUtilsLuaUtilsWrap:_m_LogForLua_xlua_st_(IntPtr)
XLua.LuaFunction:Action(T1, T2, T3, T4, T5, T6, T7)
FunPlus.WorldX.Manager.LuaManager:CommonUpdate()
FunPlus.WorldX.AppFacade:UpdateAllManager()

[9025.7356][Log]|[lua][info][2026-09-17 05:01:01.125984]	[info]	[PHONESTCORE_HOOK]	[0x28f565875b0 connect to http://announcement-web.funplus.com:443/api/announce/detail]	[HttpClient.cpp:38(phonestcore::HttpClient::connect)]
FunPlus.WorldX.Utils.GameLog:SimpleLog(LogType, IntPtr, Int32)
FunPlus.WorldX.Utils.LuaUtils:LogForLua(Int32, IntPtr, Int32)
XLua.CSObjectWrap.FunPlusWorldXUtilsLuaUtilsWrap:_m_LogForLua_xlua_st_(IntPtr)
XLua.LuaFunction:Action(T1, T2, T3, T4, T5, T6, T7)
FunPlus.WorldX.Manager.LuaManager:CommonUpdate()
FunPlus.WorldX.AppFacade:UpdateAllManager()

[9026.5058][Log]|[lua][info][2026-09-17 05:01:01.896105]	[info]	[PHONESTCORE_HOOK]	[0x28b68062f10 connect to http://announcement-web.funplus.com:443/api/announce/detail]	[HttpClient.cpp:38(phonestcore::HttpClient::connect)]
FunPlus.WorldX.Utils.GameLog:SimpleLog(LogType, IntPtr, Int32)
FunPlus.WorldX.Utils.LuaUtils:LogForLua(Int32, IntPtr, Int32)
XLua.CSObjectWrap.FunPlusWorldXUtilsLuaUtilsWrap:_m_LogForLua_xlua_st_(IntPtr)
XLua.LuaFunction:Action(T1, T2, T3, T4, T5, T6, T7)
FunPlus.WorldX.Manager.LuaManager:CommonUpdate()
FunPlus.WorldX.AppFacade:UpdateAllManager()

[9027.2789][Log]|[lua][info][2026-09-17 05:01:02.669274]	[info]	[PHONESTCORE_HOOK]	[0x28da0245c60 connect to http://announcement-web.funplus.com:443/api/announce/detail]	[HttpClient.cpp:38(phonestcore::HttpClient::connect)]
FunPlus.WorldX.Utils.GameLog:SimpleLog(LogType, IntPtr, Int32)
FunPlus.WorldX.Utils.LuaUtils:LogForLua(Int32, IntPtr, Int32)
XLua.CSObjectWrap.FunPlusWorldXUtilsLuaUtilsWrap:_m_LogForLua_xlua_st_(IntPtr)
XLua.LuaFunction:Action(T1, T2, T3, T4, T5, T6, T7)
FunPlus.WorldX.Manager.LuaManager:CommonUpdate()
FunPlus.WorldX.AppFacade:UpdateAllManager()

[9028.0531][Log]|[lua][info][2026-09-17 05:01:03.443151]	[info]	[PHONESTCORE_HOOK]	[0x28ed8551250 connect to http://announcement-web.funplus.com:443/api/announce/detail]	[HttpClient.cpp:38(phonestcore::HttpClient::connect)]
FunPlus.WorldX.Utils.GameLog:SimpleLog(LogType, IntPtr, Int32)
FunPlus.WorldX.Utils.LuaUtils:LogForLua(Int32, IntPtr, Int32)
XLua.CSObjectWrap.FunPlusWorldXUtilsLuaUtilsWrap:_m_LogForLua_xlua_st_(IntPtr)
XLua.LuaFunction:Action(T1, T2, T3, T4, T5, T6, T7)
FunPlus.WorldX.Manager.LuaManager:CommonUpdate()
FunPlus.WorldX.AppFacade:UpdateAllManager()

The referenced script on this Behaviour (Game Object '<null>') is missing!
UnityEngine.Object:Instantiate(Object, Transform, Boolean)
UnityEngine.Object:Instantiate(T, Transform, Boolean)
FunPlus.WorldX.ResourceManager.Runtime.InstantiateQueue:PushTask(Object, InstantiationParameters, Action`2, InstantiatePriority, Object)
FunPlus.WorldX.ResourceManager.Runtime.InstanceImpl:ResInstantiateAsync(Object, Action`2, InstantiationParameters, InstantiatePriority, Object)
FunPlus.WorldX.ResourceManager.Runtime.WorldXResourceManager:ResInstantiateAsync(Object, Action`2, Transform, Boolean, InstantiatePriority, Object)
FunPlus.WorldX.ResourceManager.Runtime.GoInstanceTask:OnLoadAsset(Object, Object)
FunPlus.WorldX.ResourceManager.Runtime.XYooAssetImpl:NewLoadAssetSync(AssetInfo, String, String, TObject&, Action`2, Object, Boolean)
FunPlus.WorldX.ResourceManager.Runtime.XYooAssetImpl:LoadAssetSyncByID(String, Action`2, Object, Boolean)
FunPlus.WorldX.ResourceManager.Runtime.WorldXResourceManager:LoadAssetSyncByID(String, Action`2, Object, Boolean, Boolean)
FunPlus.WorldX.ResourceManager.Runtime.GoInstanceTask:GetAssetAndInstance()
FunPlus.WorldX.Load.ResourcesManager:GetInstanceFromCacheWithoutActivation(String, Action`2, GOCacheType, Object, Transform, Boolean, InstantiatePriority, AsyncLoadPriority)
FunPlus.WorldX.Effect.EffectItem:PlayEffect()
FunPlus.WorldX.Effect.EffectGenerator:PlayEffect(String, EffectConfigInfo, Int32, Boolean)
XLua.CSObjectWrap.FunPlusWorldXEntitiesEntityWrap:_ec_FunPlusWorldXEntitiesComponentsEffectComponent_m_PlayEffect(IntPtr)
XLua.CSObjectWrap.FunPlusWorldXEntitiesEntityWrap:_em_PlayEffect(IntPtr)
XLua.LuaFunction:Action(T1, T2, T3, T4, T5, T6, T7)
FunPlus.WorldX.Manager.LuaManager:CommonUpdate()
FunPlus.WorldX.AppFacade:UpdateAllManager()

[ line -1504783064]

The referenced script on this Behaviour (Game Object 'All') is missing!
UnityEngine.Object:Instantiate(Object, Transform, Boolean)
UnityEngine.Object:Instantiate(T, Transform, Boolean)
FunPlus.WorldX.ResourceManager.Runtime.InstantiateQueue:PushTask(Object, InstantiationParameters, Action`2, InstantiatePriority, Object)
FunPlus.WorldX.ResourceManager.Runtime.InstanceImpl:ResInstantiateAsync(Object, Action`2, InstantiationParameters, InstantiatePriority, Object)
FunPlus.WorldX.ResourceManager.Runtime.WorldXResourceManager:ResInstantiateAsync(Object, Action`2, Transform, Boolean, InstantiatePriority, Object)
FunPlus.WorldX.ResourceManager.Runtime.GoInstanceTask:OnLoadAsset(Object, Object)
FunPlus.WorldX.ResourceManager.Runtime.XYooAssetImpl:NewLoadAssetSync(AssetInfo, String, String, TObject&, Action`2, Object, Boolean)
FunPlus.WorldX.ResourceManager.Runtime.XYooAssetImpl:LoadAssetSyncByID(String, Action`2, Object, Boolean)
FunPlus.WorldX.ResourceManager.Runtime.WorldXResourceManager:LoadAssetSyncByID(String, Action`2, Object, Boolean, Boolean)
FunPlus.WorldX.ResourceManager.Runtime.GoInstanceTask:GetAssetAndInstance()
FunPlus.WorldX.Load.ResourcesManager:GetInstanceFromCacheWithoutActivation(String, Action`2, GOCacheType, Object, Transform, Boolean, InstantiatePriority, AsyncLoadPriority)
FunPlus.WorldX.Effect.EffectItem:PlayEffect()
FunPlus.WorldX.Effect.EffectGenerator:PlayEffect(String, EffectConfigInfo, Int32, Boolean)
XLua.CSObjectWrap.FunPlusWorldXEntitiesEntityWrap:_ec_FunPlusWorldXEntitiesComponentsEffectComponent_m_PlayEffect(IntPtr)
XLua.CSObjectWrap.FunPlusWorldXEntitiesEntityWrap:_em_PlayEffect(IntPtr)
XLua.LuaFunction:Action(T1, T2, T3, T4, T5, T6, T7)
FunPlus.WorldX.Manager.LuaManager:CommonUpdate()
FunPlus.WorldX.AppFacade:UpdateAllManager()

[ line -1504782312]

The referenced script on this Behaviour (Game Object 'All') is missing!
UnityEngine.Object:Instantiate(Object, Transform, Boolean)
UnityEngine.Object:Instantiate(T, Transform, Boolean)
FunPlus.WorldX.ResourceManager.Runtime.InstantiateQueue:PushTask(Object, InstantiationParameters, Action`2, InstantiatePriority, Object)
FunPlus.WorldX.ResourceManager.Runtime.InstanceImpl:ResInstantiateAsync(Object, Action`2, InstantiationParameters, InstantiatePriority, Object)
FunPlus.WorldX.ResourceManager.Runtime.WorldXResourceManager:ResInstantiateAsync(Object, Action`2, Transform, Boolean, InstantiatePriority, Object)
FunPlus.WorldX.ResourceManager.Runtime.GoInstanceTask:OnLoadAsset(Object, Object)
FunPlus.WorldX.ResourceManager.Runtime.XYooAssetImpl:NewLoadAssetSync(AssetInfo, String, String, TObject&, Action`2, Object, Boolean)
FunPlus.WorldX.ResourceManager.Runtime.XYooAssetImpl:LoadAssetSyncByID(String, Action`2, Object, Boolean)
FunPlus.WorldX.ResourceManager.Runtime.WorldXResourceManager:LoadAssetSyncByID(String, Action`2, Object, Boolean, Boolean)
FunPlus.WorldX.ResourceManager.Runtime.GoInstanceTask:GetAssetAndInstance()
FunPlus.WorldX.Load.ResourcesManager:GetInstanceFromCacheWithoutActivation(String, Action`2, GOCacheType, Object, Transform, Boolean, InstantiatePriority, AsyncLoadPriority)
FunPlus.WorldX.Effect.EffectItem:PlayEffect()
FunPlus.WorldX.Effect.EffectGenerator:PlayEffect(String, EffectConfigInfo, Int32, Boolean)
XLua.CSObjectWrap.FunPlusWorldXEntitiesEntityWrap:_ec_FunPlusWorldXEntitiesComponentsEffectComponent_m_PlayEffect(IntPtr)
XLua.CSObjectWrap.FunPlusWorldXEntitiesEntityWrap:_em_PlayEffect(IntPtr)
XLua.LuaFunction:Action(T1, T2, T3, T4, T5, T6, T7)
FunPlus.WorldX.Manager.LuaManager:CommonUpdate()
FunPlus.WorldX.AppFacade:UpdateAllManager()

[ line -1504782312]

[9074.8891][Log]|[lua][info][2026-09-17 05:01:50.279498]	[info]	[PHONESTCORE_HOOK]	[0x28ed8457230 connect to http://worldx-global-assets.oss-us-east-1.aliyuncs.com:443/eu/prod/ClientInfo/202000114279_client_info_bin?x-oss-credential=LTAI5tS3b81GXuYfXYtgJZ7J%2F20260917%2Fus-east-1%2Foss%2Faliyun_v4_request&x-oss-date=20260917T030150Z&x-oss-expires=300&x-oss-signature=f1bfe41817b126d634de3d4eee2dd401fa4b213178165901ad9eadf7d3d90ecc&x-oss-signature-version=OSS4-HMAC-SHA256]	[HttpClient.cpp:38(phonestcore::HttpClient::connect)]
FunPlus.WorldX.Utils.GameLog:SimpleLog(LogType, IntPtr, Int32)
FunPlus.WorldX.Utils.LuaUtils:LogForLua(Int32, IntPtr, Int32)
XLua.CSObjectWrap.FunPlusWorldXUtilsLuaUtilsWrap:_m_LogForLua_xlua_st_(IntPtr)
XLua.LuaFunction:Action(T1, T2, T3, T4, T5, T6, T7)
FunPlus.WorldX.Manager.LuaManager:CommonUpdate()
FunPlus.WorldX.AppFacade:UpdateAllManager()

Unloading 1 Unused Serialized files (Serialized files now loaded: 1421)
Unloading 1384 unused Assets to reduce memory usage. Loaded Objects now: 202075.
Total: 162.679200 ms (FindLiveObjects: 12.250500 ms CreateObjectMapping: 4.346900 ms MarkObjects: 144.215900 ms  DeleteObjects: 1.865700 ms)

Setting linear velocity of a kinematic body is not supported.
FunPlus.WorldX.GameApp.Sandbox.PressPlatform:SyncMoverPose()
FunPlus.WorldX.GameApp.Sandbox.PressPlatform:RestorePrefabDefaults()
FunPlus.WorldX.GameApp.Sandbox.LevelItemModel:Destroy()
FunPlus.WorldX.GameApp.Sandbox.Sandbox:Destroy()
FunPlus.WorldX.GameApp.Sandbox.SandboxManager:DestroySandbox(Int32)
XLua.CSObjectWrap.FunPlusWorldXGameAppSandboxSandboxManagerWrap:_m_DestroySandbox(IntPtr)
XLua.LuaFunction:Action(T1, T2, T3, T4, T5, T6, T7)
FunPlus.WorldX.Manager.LuaManager:CommonUpdate()
FunPlus.WorldX.AppFacade:UpdateAllManager()

[ line -1504781096]

Setting angular velocity of a kinematic body is not supported.
FunPlus.WorldX.GameApp.Sandbox.PressPlatform:SyncMoverPose()
FunPlus.WorldX.GameApp.Sandbox.PressPlatform:RestorePrefabDefaults()
FunPlus.WorldX.GameApp.Sandbox.LevelItemModel:Destroy()
FunPlus.WorldX.GameApp.Sandbox.Sandbox:Destroy()
FunPlus.WorldX.GameApp.Sandbox.SandboxManager:DestroySandbox(Int32)
XLua.CSObjectWrap.FunPlusWorldXGameAppSandboxSandboxManagerWrap:_m_DestroySandbox(IntPtr)
XLua.LuaFunction:Action(T1, T2, T3, T4, T5, T6, T7)
FunPlus.WorldX.Manager.LuaManager:CommonUpdate()
FunPlus.WorldX.AppFacade:UpdateAllManager()

[ line -1504781304]

Setting linear velocity of a kinematic body is not supported.
FunPlus.WorldX.GameApp.Sandbox.PressPlatform:SyncMoverPose()
FunPlus.WorldX.GameApp.Sandbox.PressPlatform:RestorePrefabDefaults()
FunPlus.WorldX.GameApp.Sandbox.LevelItemModel:Destroy()
FunPlus.WorldX.GameApp.Sandbox.Sandbox:Destroy()
FunPlus.WorldX.GameApp.Sandbox.SandboxManager:DestroySandbox(Int32)
XLua.CSObjectWrap.FunPlusWorldXGameAppSandboxSandboxManagerWrap:_m_DestroySandbox(IntPtr)
XLua.LuaFunction:Action(T1, T2, T3, T4, T5, T6, T7)
FunPlus.WorldX.Manager.LuaManager:CommonUpdate()
FunPlus.WorldX.AppFacade:UpdateAllManager()

[ line -1504781096]

Setting angular velocity of a kinematic body is not supported.
FunPlus.WorldX.GameApp.Sandbox.PressPlatform:SyncMoverPose()
FunPlus.WorldX.GameApp.Sandbox.PressPlatform:RestorePrefabDefaults()
FunPlus.WorldX.GameApp.Sandbox.LevelItemModel:Destroy()
FunPlus.WorldX.GameApp.Sandbox.Sandbox:Destroy()
FunPlus.WorldX.GameApp.Sandbox.SandboxManager:DestroySandbox(Int32)
XLua.CSObjectWrap.FunPlusWorldXGameAppSandboxSandboxManagerWrap:_m_DestroySandbox(IntPtr)
XLua.LuaFunction:Action(T1, T2, T3, T4, T5, T6, T7)
FunPlus.WorldX.Manager.LuaManager:CommonUpdate()
FunPlus.WorldX.AppFacade:UpdateAllManager()

[ line -1504781304]

Couldn't create a Convex Mesh from source mesh "SM_Item_Props_ProceduralMeshCloud_15_CM_-682330211" within the maximum polygons limit (256). The partial hull will be used. Consider simplifying your mesh.
Couldn't create a Convex Mesh from source mesh "SM_Item_Props_ProceduralMeshCloud_16_CM_-631677419" within the maximum polygons limit (256). The partial hull will be used. Consider simplifying your mesh.
Couldn't create a Convex Mesh from source mesh "SM_LVIOT_Rock_Cliff_01_C_Collider_Mesh_Stone_518205044" within the maximum polygons limit (256). The partial hull will be used. Consider simplifying your mesh.
Couldn't create a Convex Mesh from source mesh "SM_LVIOT_Rock_Cliff_01_F_CM_-1920994744" within the maximum polygons limit (256). The partial hull will be used. Consider simplifying your mesh.
Couldn't create a Convex Mesh from source mesh "SM_LVIOT_Rock_Cliff_01_B_Collider_Convex_Stone_-2128040324" within the maximum polygons limit (256). The partial hull will be used. Consider simplifying your mesh.
Couldn't create a Convex Mesh from source mesh "SM_LVIOT_Rock_Cliff_05_A_Collider_CM_02_1411904746" within the maximum polygons limit (256). The partial hull will be used. Consider simplifying your mesh.
Couldn't create a Convex Mesh from source mesh "SM_LVIOT_Rock_Cliff_01_A_CM_-1667037262" within the maximum polygons limit (256). The partial hull will be used. Consider simplifying your mesh.
Couldn't create a Convex Mesh from source mesh "SM_Item_Props_ProceduralMeshCloud_26_CM_1337145661" within the maximum polygons limit (256). The partial hull will be used. Consider simplifying your mesh.
Couldn't create a Convex Mesh from source mesh "SM_Rock_Cliffwall_001_Collider_Mesh_-2008044692" within the maximum polygons limit (256). The partial hull will be used. Consider simplifying your mesh.
Couldn't create a Convex Mesh from source mesh "SM_Item_Tree_IrisJaponica_006_D_Collider_Capsule_1953668124" within the maximum polygons limit (256). The partial hull will be used. Consider simplifying your mesh.
Couldn't create a Convex Mesh from source mesh "SM_Item_Tree_IrisJaponica_006_B_Collider_Capsule_1929271452" within the maximum polygons limit (256). The partial hull will be used. Consider simplifying your mesh.
Couldn't create a Convex Mesh from source mesh "SM_Item_Props_ProceduralMeshCloud_27_CM_-338861247" within the maximum polygons limit (256). The partial hull will be used. Consider simplifying your mesh.
The referenced script on this Behaviour (Game Object '35Rad_Sphere_Cloud') is missing!
The referenced script on this Behaviour (Game Object '20Rad_Sphere_Cloud') is missing!
The referenced script on this Behaviour (Game Object '25Rad_Sphere_Cloud (3)') is missing!
The referenced script on this Behaviour (Game Object '<null>') is missing!
Unloading 1 Unused Serialized files (Serialized files now loaded: 1404)
Unloading 764 unused Assets to reduce memory usage. Loaded Objects now: 172938.
Total: 171.270700 ms (FindLiveObjects: 11.523800 ms CreateObjectMapping: 5.377900 ms MarkObjects: 152.660500 ms  DeleteObjects: 1.708200 ms)

Couldn't create a Convex Mesh from source mesh "SM_Item_Tree_Hugevine_001_CM_172620148" within the maximum polygons limit (256). The partial hull will be used. Consider simplifying your mesh.
[9104.5636][Error]|[lua][error][SingleGuide]	限制时间内面板未显示结束清空引导	220000	220001	3	BIN DESIGN DATA TABLE:22559434	[[checkTick]     ...oj\p4dir\client\LuaScripts\GameApp\Guide\SingleGuide.lua:181]
FunPlus.WorldX.Utils.GameLog:SimpleLog(LogType, IntPtr, Int32)
FunPlus.WorldX.Utils.LuaUtils:LogForLua(Int32, IntPtr, Int32)
XLua.CSObjectWrap.FunPlusWorldXUtilsLuaUtilsWrap:_m_LogForLua_xlua_st_(IntPtr)
XLua.LuaFunction:Action(T1, T2, T3, T4, T5, T6, T7)
FunPlus.WorldX.Manager.LuaManager:CommonUpdate()
FunPlus.WorldX.AppFacade:UpdateAllManager()

Look rotation viewing vector is zero
FunPlus.WorldX.Entities.KCC.KinematicCharacterManager:SimulatePhase1(List`1, Int32)
FunPlus.WorldX.Entities.KCC.KinematicCharacterManager:Simulate(Single, List`1, List`1)
FunPlus.WorldX.Entities.KCC.KinematicCharacterManager:AfterAnimation()
FunPlus.WorldX.AppFacade:AfterAnimationUpdate()

[ line -1504779880]

[9118.9472][Error]|System.Reflection.TargetException: Non-static method requires a target.
  at System.Reflection.RuntimeMethodInfo.Invoke (System.Object obj, System.Reflection.BindingFlags invokeAttr, System.Reflection.Binder binder, System.Object[] parameters, System.Globalization.CultureInfo culture) [0x00000] in <00000000000000000000000000000000>:0 
  at FlowCanvas.Nodes.PureReflectedMethodNode.Call () [0x00000] in <00000000000000000000000000000000>:0 
  at FlowCanvas.Nodes.PureReflectedMethodNode+<>c__DisplayClass12_1.<RegisterPorts>b__2 (FlowCanvas.Flow flow) [0x00000] in <00000000000000000000000000000000>:0 
  at FlowCanvas.FlowInput+<>c__DisplayClass1_0.<.ctor>b__0 (FlowCanvas.Flow f) [0x00000] in <00000000000000000000000000000000>:0 
  at FlowCanvas.FlowOutput.Call (FlowCanvas.Flow f) [0x00000] in <00000000000000000000000000000000>:0 
  at FlowCanvas.Nodes.WorldX.Common.StopBGMNode+<>c__DisplayClass4_0.<RegisterPorts>b__0 (FlowCanvas.Flow f) [0x00000] in <00000000000000000000000000000000>:0 
  at FlowCanvas.FlowInput+<>c__DisplayClass1_0.<.ctor>b__0 (FlowCanvas.Flow f) [0x00000] in <00000000000000000000000000000000>:0 
  at FlowCanvas.FlowOutput.Call (FlowCanvas.Flow f) [0x00000] in <00000000000000000000000000000000>:0 
  at FlowCanvas.Nodes.Split+<>c__DisplayClass4_0.<RegisterPorts>b__0 (FlowCanvas.Flow f) [0x00000] in <00000000000000000000000000000000>:0 
  at FlowCanvas.FlowInput+<>c__DisplayClass1_0.<.ctor>b__0 (FlowCanvas.Flow f) [0x00000] in <00000000000000000000000000000000>:0 
  at FlowCanvas.FlowOutput.Call (FlowCanvas.Flow f) [0x00000] in <00000000000000000000000000000000>:0 
  at FlowCanvas.Nodes.SwitchInt+<>c__DisplayClass4_0.<RegisterPorts>b__0 (FlowCanvas.Flow f) [0x00000] in <00000000000000000000000000000000>:0 
  at FlowCanvas.FlowInput+<>c__DisplayClass1_0.<.ctor>b__0 (FlowCanvas.Flow f) [0x00000] in <00000000000000000000000000000000>:0 
  at FlowCanvas.FlowOutput.Call (FlowCanvas.Flow f) [0x00000] in <00000000000000000000000000000000>:0 
  at FunPlus.WorldX.FlowCanvas.Nodes.WorldX.SandboxNodes.FieldListenNode.OnChange (System.Int32 value, System.Boolean isInit) [0x00000] in <00000000000000000000000000000000>:0 
  at FunPlus.WorldX.FlowCanvas.SandboxGraph.OnSandboxReady (FunPlus.WorldX.GameApp.Sandbox.Sandbox sandbox) [0x00000] in <00000000000000000000000000000000>:0 
  at FunPlus.WorldX.GameApp.Sandbox.Sandbox.OnReady () [0x00000] in <00000000000000000000000000000000>:0 
  at FunPlus.WorldX.GameApp.Sandbox.Sandbox.TryEnterRunningState () [0x00000] in <00000000000000000000000000000000>:0 
  at FunPlus.WorldX.GameApp.Sandbox.SandboxManager.CommonUpdate () [0x00000] in <00000000000000000000000000000000>:0 
  at FunPlus.WorldX.AppFacade.UpdateAllManager () [0x00000] in <00000000000000000000000000000000>:0 
UnityEngine.Logger:Log(LogType, Object)
UnityEngine.Debug:LogError(Object)
FlowCanvas.FlowOutput:Call(Flow)
FlowCanvas.Nodes.WorldX.Common.<>c__DisplayClass4_0:<RegisterPorts>b__0(Flow)
FlowCanvas.<>c__DisplayClass1_0:<.ctor>b__0(Flow)
FlowCanvas.FlowOutput:Call(Flow)
FlowCanvas.Nodes.<>c__DisplayClass4_0:<RegisterPorts>b__0(Flow)
FlowCanvas.<>c__DisplayClass1_0:<.ctor>b__0(Flow)
FlowCanvas.FlowOutput:Call(Flow)
FlowCanvas.Nodes.<>c__DisplayClass4_0:<RegisterPorts>b__0(Flow)
FlowCanvas.<>c__DisplayClass1_0:<.ctor>b__0(Flow)
FlowCanvas.FlowOutput:Call(Flow)
FunPlus.WorldX.FlowCanvas.Nodes.WorldX.SandboxNodes.FieldListenNode:OnChange(Int32, Boolean)
FunPlus.WorldX.FlowCanvas.SandboxGraph:OnSandboxReady(Sandbox)
FunPlus.WorldX.GameApp.Sandbox.Sandbox:OnReady()
FunPlus.WorldX.GameApp.Sandbox.Sandbox:TryEnterRunningState()
FunPlus.WorldX.GameApp.Sandbox.SandboxManager:CommonUpdate()
FunPlus.WorldX.AppFacade:UpdateAllManager()

Couldn't create a Convex Mesh from source mesh "SM_Item_Tree_IrisJaponica_006_A_Collider_Capsule_2089390748" within the maximum polygons limit (256). The partial hull will be used. Consider simplifying your mesh.
Couldn't create a Convex Mesh from source mesh "SM_Rock_Mountain_05_CM_761466786" within the maximum polygons limit (256). The partial hull will be used. Consider simplifying your mesh.
Couldn't create a Convex Mesh from source mesh "SM_Item_Props_SoulEgg_Rare_Collider_Conevx_400907215" within the maximum polygons limit (256). The partial hull will be used. Consider simplifying your mesh.
Unloading 1 Unused Serialized files (Serialized files now loaded: 1419)
Unloading 17704 unused Assets to reduce memory usage. Loaded Objects now: 201647.
Total: 196.172200 ms (FindLiveObjects: 13.471000 ms CreateObjectMapping: 6.368600 ms MarkObjects: 150.121700 ms  DeleteObjects: 26.210700 ms)

Couldn't create a Convex Mesh from source mesh "SM_Rock_Beachrock_003_B_Collider_Mesh_-646731316" within the maximum polygons limit (256). The partial hull will be used. Consider simplifying your mesh.
Couldn't create a Convex Mesh from source mesh "SM_Rock_Beachrock_003_A_Collider_Mesh_-1931667380" within the maximum polygons limit (256). The partial hull will be used. Consider simplifying your mesh.
Couldn't create a Convex Mesh from source mesh "SM_LVIOT_Rock_SplitMountains_004_A_Collider_Mesh_278569052" within the maximum polygons limit (256). The partial hull will be used. Consider simplifying your mesh.
Unloading 1 Unused Serialized files (Serialized files now loaded: 1405)
Unloading 648 unused Assets to reduce memory usage. Loaded Objects now: 157509.
Total: 171.833400 ms (FindLiveObjects: 9.395800 ms CreateObjectMapping: 4.872400 ms MarkObjects: 156.416300 ms  DeleteObjects: 1.148500 ms)

The referenced script on this Behaviour (Game Object '<null>') is missing!
The referenced script on this Behaviour (Game Object '<null>') is missing!
The referenced script on this Behaviour (Game Object '<null>') is missing!
The referenced script on this Behaviour (Game Object '') is missing!
The referenced script on this Behaviour (Game Object '') is missing!
The referenced script on this Behaviour (Game Object 'Water (6)') is missing!
The referenced script on this Behaviour (Game Object '') is missing!
The referenced script on this Behaviour (Game Object '') is missing!
The referenced script on this Behaviour (Game Object 'Water (1)') is missing!
The referenced script on this Behaviour (Game Object '') is missing!
The referenced script on this Behaviour (Game Object '') is missing!
The referenced script on this Behaviour (Game Object 'Water (2)') is missing!
The referenced script on this Behaviour (Game Object 'Water (4)') is missing!
The referenced script on this Behaviour (Game Object 'Water (6)') is missing!
The referenced script on this Behaviour (Game Object 'Water (7)') is missing!
The referenced script on this Behaviour (Game Object 'Water (3)') is missing!
The referenced script on this Behaviour (Game Object 'Water') is missing!
The referenced script on this Behaviour (Game Object 'Water (1)') is missing!
The referenced script on this Behaviour (Game Object 'Water (5)') is missing!
Setting linear velocity of a kinematic body is not supported.
FunPlus.WorldX.Entities.Components.AttachInfo:OnEnable_Physics(Entity, Entity)
FunPlus.WorldX.Entities.Components.AttachInfo:OnEnable(Entity, Entity)
FunPlus.WorldX.Entities.Components.AttachInfo:LateUpdate(Single)
FunPlus.WorldX.Manager.EntityManager:BeforeRender()
FunPlus.WorldX.AppFacade:BeforeRenderUpdateManager()

[ line -1504778664]

Setting linear velocity of a kinematic body is not supported.
FunPlus.WorldX.GameApp.Sandbox.PressPlatform:SyncMoverPose()
FunPlus.WorldX.GameApp.Sandbox.PressPlatform:RestorePrefabDefaults()
FunPlus.WorldX.GameApp.Sandbox.LevelItemModel:Destroy()
FunPlus.WorldX.GameApp.Sandbox.Sandbox:Destroy()
FunPlus.WorldX.GameApp.Sandbox.SandboxManager:DestroySandbox(Int32)
XLua.CSObjectWrap.FunPlusWorldXGameAppSandboxSandboxManagerWrap:_m_DestroySandbox(IntPtr)
XLua.LuaFunction:Action(T1, T2, T3, T4, T5, T6, T7)
FunPlus.WorldX.Manager.LuaManager:CommonUpdate()
FunPlus.WorldX.AppFacade:UpdateAllManager()

[ line -1504781096]

Setting angular velocity of a kinematic body is not supported.
FunPlus.WorldX.GameApp.Sandbox.PressPlatform:SyncMoverPose()
FunPlus.WorldX.GameApp.Sandbox.PressPlatform:RestorePrefabDefaults()
FunPlus.WorldX.GameApp.Sandbox.LevelItemModel:Destroy()
FunPlus.WorldX.GameApp.Sandbox.Sandbox:Destroy()
FunPlus.WorldX.GameApp.Sandbox.SandboxManager:DestroySandbox(Int32)
XLua.CSObjectWrap.FunPlusWorldXGameAppSandboxSandboxManagerWrap:_m_DestroySandbox(IntPtr)
XLua.LuaFunction:Action(T1, T2, T3, T4, T5, T6, T7)
FunPlus.WorldX.Manager.LuaManager:CommonUpdate()
FunPlus.WorldX.AppFacade:UpdateAllManager()

[ line -1504781304]

Setting linear velocity of a kinematic body is not supported.
FunPlus.WorldX.GameApp.Sandbox.PressPlatform:SyncMoverPose()
FunPlus.WorldX.GameApp.Sandbox.PressPlatform:RestorePrefabDefaults()
FunPlus.WorldX.GameApp.Sandbox.LevelItemModel:Destroy()
FunPlus.WorldX.GameApp.Sandbox.Sandbox:Destroy()
FunPlus.WorldX.GameApp.Sandbox.SandboxManager:DestroySandbox(Int32)
XLua.CSObjectWrap.FunPlusWorldXGameAppSandboxSandboxManagerWrap:_m_DestroySandbox(IntPtr)
XLua.LuaFunction:Action(T1, T2, T3, T4, T5, T6, T7)
FunPlus.WorldX.Manager.LuaManager:CommonUpdate()
FunPlus.WorldX.AppFacade:UpdateAllManager()

[ line -1504781096]

Setting angular velocity of a kinematic body is not supported.
FunPlus.WorldX.GameApp.Sandbox.PressPlatform:SyncMoverPose()
FunPlus.WorldX.GameApp.Sandbox.PressPlatform:RestorePrefabDefaults()
FunPlus.WorldX.GameApp.Sandbox.LevelItemModel:Destroy()
FunPlus.WorldX.GameApp.Sandbox.Sandbox:Destroy()
FunPlus.WorldX.GameApp.Sandbox.SandboxManager:DestroySandbox(Int32)
XLua.CSObjectWrap.FunPlusWorldXGameAppSandboxSandboxManagerWrap:_m_DestroySandbox(IntPtr)
XLua.LuaFunction:Action(T1, T2, T3, T4, T5, T6, T7)
FunPlus.WorldX.Manager.LuaManager:CommonUpdate()
FunPlus.WorldX.AppFacade:UpdateAllManager()

[ line -1504781304]

Setting linear velocity of a kinematic body is not supported.
FunPlus.WorldX.GameApp.Sandbox.PressPlatform:SyncMoverPose()
FunPlus.WorldX.GameApp.Sandbox.PressPlatform:RestorePrefabDefaults()
FunPlus.WorldX.GameApp.Sandbox.LevelItemModel:Destroy()
FunPlus.WorldX.GameApp.Sandbox.Sandbox:Destroy()
FunPlus.WorldX.GameApp.Sandbox.SandboxManager:DestroySandbox(Int32)
XLua.CSObjectWrap.FunPlusWorldXGameAppSandboxSandboxManagerWrap:_m_DestroySandbox(IntPtr)
XLua.LuaFunction:Action(T1, T2, T3, T4, T5, T6, T7)
FunPlus.WorldX.Manager.LuaManager:CommonUpdate()
FunPlus.WorldX.AppFacade:UpdateAllManager()

[ line -1504781096]

Setting angular velocity of a kinematic body is not supported.
FunPlus.WorldX.GameApp.Sandbox.PressPlatform:SyncMoverPose()
FunPlus.WorldX.GameApp.Sandbox.PressPlatform:RestorePrefabDefaults()
FunPlus.WorldX.GameApp.Sandbox.LevelItemModel:Destroy()
FunPlus.WorldX.GameApp.Sandbox.Sandbox:Destroy()
FunPlus.WorldX.GameApp.Sandbox.SandboxManager:DestroySandbox(Int32)
XLua.CSObjectWrap.FunPlusWorldXGameAppSandboxSandboxManagerWrap:_m_DestroySandbox(IntPtr)
XLua.LuaFunction:Action(T1, T2, T3, T4, T5, T6, T7)
FunPlus.WorldX.Manager.LuaManager:CommonUpdate()
FunPlus.WorldX.AppFacade:UpdateAllManager()

[ line -1504781304]

Setting linear velocity of a kinematic body is not supported.
FunPlus.WorldX.Entities.Components.AttachInfo:OnEnable_Physics(Entity, Entity)
FunPlus.WorldX.Entities.Components.AttachInfo:OnEnable(Entity, Entity)
FunPlus.WorldX.Entities.Components.AttachInfo:LateUpdate(Single)
FunPlus.WorldX.Manager.EntityManager:BeforeRender()
FunPlus.WorldX.AppFacade:BeforeRenderUpdateManager()

[ line -1504778664]

Tree prefab at index 0 is missing.
Tree prefab at index 0 is missing.
Setting linear velocity of a kinematic body is not supported.
FunPlus.WorldX.GameApp.Sandbox.PressPlatform:SyncMoverPose()
FunPlus.WorldX.GameApp.Sandbox.PressPlatform:RestorePrefabDefaults()
FunPlus.WorldX.GameApp.Sandbox.LevelItemModel:Destroy()
FunPlus.WorldX.GameApp.Sandbox.Sandbox:Destroy()
FunPlus.WorldX.GameApp.Sandbox.SandboxManager:DestroySandbox(Int32)
XLua.CSObjectWrap.FunPlusWorldXGameAppSandboxSandboxManagerWrap:_m_DestroySandbox(IntPtr)
XLua.LuaFunction:Action(T1, T2, T3, T4, T5, T6, T7)
FunPlus.WorldX.Manager.LuaManager:CommonUpdate()
FunPlus.WorldX.AppFacade:UpdateAllManager()

[ line -1504781096]

Setting angular velocity of a kinematic body is not supported.
FunPlus.WorldX.GameApp.Sandbox.PressPlatform:SyncMoverPose()
FunPlus.WorldX.GameApp.Sandbox.PressPlatform:RestorePrefabDefaults()
FunPlus.WorldX.GameApp.Sandbox.LevelItemModel:Destroy()
FunPlus.WorldX.GameApp.Sandbox.Sandbox:Destroy()
FunPlus.WorldX.GameApp.Sandbox.SandboxManager:DestroySandbox(Int32)
XLua.CSObjectWrap.FunPlusWorldXGameAppSandboxSandboxManagerWrap:_m_DestroySandbox(IntPtr)
XLua.LuaFunction:Action(T1, T2, T3, T4, T5, T6, T7)
FunPlus.WorldX.Manager.LuaManager:CommonUpdate()
FunPlus.WorldX.AppFacade:UpdateAllManager()

[ line -1504781304]

Setting linear velocity of a kinematic body is not supported.
FunPlus.WorldX.GameApp.Sandbox.PressPlatform:SyncMoverPose()
FunPlus.WorldX.GameApp.Sandbox.PressPlatform:RestorePrefabDefaults()
FunPlus.WorldX.GameApp.Sandbox.LevelItemModel:Destroy()
FunPlus.WorldX.GameApp.Sandbox.Sandbox:Destroy()
FunPlus.WorldX.GameApp.Sandbox.SandboxManager:DestroySandbox(Int32)
XLua.CSObjectWrap.FunPlusWorldXGameAppSandboxSandboxManagerWrap:_m_DestroySandbox(IntPtr)
XLua.LuaFunction:Action(T1, T2, T3, T4, T5, T6, T7)
FunPlus.WorldX.Manager.LuaManager:CommonUpdate()
FunPlus.WorldX.AppFacade:UpdateAllManager()

[ line -1504781096]

Setting angular velocity of a kinematic body is not supported.
FunPlus.WorldX.GameApp.Sandbox.PressPlatform:SyncMoverPose()
FunPlus.WorldX.GameApp.Sandbox.PressPlatform:RestorePrefabDefaults()
FunPlus.WorldX.GameApp.Sandbox.LevelItemModel:Destroy()
FunPlus.WorldX.GameApp.Sandbox.Sandbox:Destroy()
FunPlus.WorldX.GameApp.Sandbox.SandboxManager:DestroySandbox(Int32)
XLua.CSObjectWrap.FunPlusWorldXGameAppSandboxSandboxManagerWrap:_m_DestroySandbox(IntPtr)
XLua.LuaFunction:Action(T1, T2, T3, T4, T5, T6, T7)
FunPlus.WorldX.Manager.LuaManager:CommonUpdate()
FunPlus.WorldX.AppFacade:UpdateAllManager()

[ line -1504781304]

Setting linear velocity of a kinematic body is not supported.
FunPlus.WorldX.GameApp.Sandbox.PressPlatform:SyncMoverPose()
FunPlus.WorldX.GameApp.Sandbox.PressPlatform:RestorePrefabDefaults()
FunPlus.WorldX.GameApp.Sandbox.LevelItemModel:Destroy()
FunPlus.WorldX.GameApp.Sandbox.Sandbox:Destroy()
FunPlus.WorldX.GameApp.Sandbox.SandboxManager:DestroySandbox(Int32)
XLua.CSObjectWrap.FunPlusWorldXGameAppSandboxSandboxManagerWrap:_m_DestroySandbox(IntPtr)
XLua.LuaFunction:Action(T1, T2, T3, T4, T5, T6, T7)
FunPlus.WorldX.Manager.LuaManager:CommonUpdate()
FunPlus.WorldX.AppFacade:UpdateAllManager()

[ line -1504781096]

Setting angular velocity of a kinematic body is not supported.
FunPlus.WorldX.GameApp.Sandbox.PressPlatform:SyncMoverPose()
FunPlus.WorldX.GameApp.Sandbox.PressPlatform:RestorePrefabDefaults()
FunPlus.WorldX.GameApp.Sandbox.LevelItemModel:Destroy()
FunPlus.WorldX.GameApp.Sandbox.Sandbox:Destroy()
FunPlus.WorldX.GameApp.Sandbox.SandboxManager:DestroySandbox(Int32)
XLua.CSObjectWrap.FunPlusWorldXGameAppSandboxSandboxManagerWrap:_m_DestroySandbox(IntPtr)
XLua.LuaFunction:Action(T1, T2, T3, T4, T5, T6, T7)
FunPlus.WorldX.Manager.LuaManager:CommonUpdate()
FunPlus.WorldX.AppFacade:UpdateAllManager()

[ line -1504781304]

[9254.9544][Log]|[lua][info][2026-09-17 05:04:50.344757]	[info]	[PHONESTCORE_HOOK]	[0x2900e9c1080 connect to http://worldx-global-assets.oss-us-east-1.aliyuncs.com:443/eu/prod/ClientInfo/202000114279_client_info_bin?x-oss-credential=LTAI5tS3b81GXuYfXYtgJZ7J%2F20260917%2Fus-east-1%2Foss%2Faliyun_v4_request&x-oss-date=20260917T030450Z&x-oss-expires=300&x-oss-signature=428854ac4e48c321120a6be64c75ef673a2c6829a09aaa82e5036324f78e933d&x-oss-signature-version=OSS4-HMAC-SHA256]	[HttpClient.cpp:38(phonestcore::HttpClient::connect)]
FunPlus.WorldX.Utils.GameLog:SimpleLog(LogType, IntPtr, Int32)
FunPlus.WorldX.Utils.LuaUtils:LogForLua(Int32, IntPtr, Int32)
XLua.CSObjectWrap.FunPlusWorldXUtilsLuaUtilsWrap:_m_LogForLua_xlua_st_(IntPtr)
XLua.LuaFunction:Action(T1, T2, T3, T4, T5, T6, T7)
FunPlus.WorldX.Manager.LuaManager:CommonUpdate()
FunPlus.WorldX.AppFacade:UpdateAllManager()

Setting linear velocity of a kinematic body is not supported.
FunPlus.WorldX.Entities.Components.AttachInfo:OnEnable_Physics(Entity, Entity)
FunPlus.WorldX.Entities.Components.AttachInfo:OnEnable(Entity, Entity)
FunPlus.WorldX.Entities.Components.AttachInfo:LateUpdate(Single)
FunPlus.WorldX.Manager.EntityManager:BeforeRender()
FunPlus.WorldX.AppFacade:BeforeRenderUpdateManager()

[ line -1504778664]

The referenced script on this Behaviour (Game Object '<null>') is missing!
The referenced script on this Behaviour (Game Object '<null>') is missing!
The referenced script on this Behaviour (Game Object '<null>') is missing!
The referenced script on this Behaviour (Game Object '<null>') is missing!
UnityEngine.Object:Instantiate(Object, Transform, Boolean)
UnityEngine.Object:Instantiate(T, Transform, Boolean)
FunPlus.WorldX.ResourceManager.Runtime.InstantiateQueue:PushTask(Object, InstantiationParameters, Action`2, InstantiatePriority, Object)
FunPlus.WorldX.ResourceManager.Runtime.InstanceImpl:ResInstantiateAsync(Object, Action`2, InstantiationParameters, InstantiatePriority, Object)
FunPlus.WorldX.ResourceManager.Runtime.WorldXResourceManager:ResInstantiateAsync(Object, Action`2, Transform, Boolean, InstantiatePriority, Object)
FunPlus.WorldX.ResourceManager.Runtime.GoInstanceTask:OnLoadAsset(Object, Object)
FunPlus.WorldX.ResourceManager.Runtime.XYooAssetImpl:NewLoadAssetSync(AssetInfo, String, String, TObject&, Action`2, Object, Boolean)
FunPlus.WorldX.ResourceManager.Runtime.XYooAssetImpl:LoadAssetSyncByID(String, Action`2, Object, Boolean)
FunPlus.WorldX.ResourceManager.Runtime.WorldXResourceManager:LoadAssetSyncByID(String, Action`2, Object, Boolean, Boolean)
FunPlus.WorldX.ResourceManager.Runtime.GoInstanceTask:GetAssetAndInstance()
FunPlus.WorldX.Load.ResourcesManager:GetInstanceFromCacheWithoutActivation(String, Action`2, GOCacheType, Object, Transform, Boolean, InstantiatePriority, AsyncLoadPriority)
FunPlus.WorldX.Effect.EffectItem:PlayEffect()
FunPlus.WorldX.Effect.EffectGenerator:PlayEffect(String, EffectConfigInfo, Int32, Boolean)
XLua.CSObjectWrap.FunPlusWorldXEntitiesEntityWrap:_ec_FunPlusWorldXEntitiesComponentsEffectComponent_m_PlayEffect(IntPtr)
XLua.CSObjectWrap.FunPlusWorldXEntitiesEntityWrap:_em_PlayEffect(IntPtr)
XLua.LuaFunction:Action(T1, T2, T3, T4, T5, T6, T7)
FunPlus.WorldX.Manager.LuaManager:CommonUpdate()
FunPlus.WorldX.AppFacade:UpdateAllManager()

[ line -1504783064]

The referenced script on this Behaviour (Game Object 'All') is missing!
UnityEngine.Object:Instantiate(Object, Transform, Boolean)
UnityEngine.Object:Instantiate(T, Transform, Boolean)
FunPlus.WorldX.ResourceManager.Runtime.InstantiateQueue:PushTask(Object, InstantiationParameters, Action`2, InstantiatePriority, Object)
FunPlus.WorldX.ResourceManager.Runtime.InstanceImpl:ResInstantiateAsync(Object, Action`2, InstantiationParameters, InstantiatePriority, Object)
FunPlus.WorldX.ResourceManager.Runtime.WorldXResourceManager:ResInstantiateAsync(Object, Action`2, Transform, Boolean, InstantiatePriority, Object)
FunPlus.WorldX.ResourceManager.Runtime.GoInstanceTask:OnLoadAsset(Object, Object)
FunPlus.WorldX.ResourceManager.Runtime.XYooAssetImpl:NewLoadAssetSync(AssetInfo, String, String, TObject&, Action`2, Object, Boolean)
FunPlus.WorldX.ResourceManager.Runtime.XYooAssetImpl:LoadAssetSyncByID(String, Action`2, Object, Boolean)
FunPlus.WorldX.ResourceManager.Runtime.WorldXResourceManager:LoadAssetSyncByID(String, Action`2, Object, Boolean, Boolean)
FunPlus.WorldX.ResourceManager.Runtime.GoInstanceTask:GetAssetAndInstance()
FunPlus.WorldX.Load.ResourcesManager:GetInstanceFromCacheWithoutActivation(String, Action`2, GOCacheType, Object, Transform, Boolean, InstantiatePriority, AsyncLoadPriority)
FunPlus.WorldX.Effect.EffectItem:PlayEffect()
FunPlus.WorldX.Effect.EffectGenerator:PlayEffect(String, EffectConfigInfo, Int32, Boolean)
XLua.CSObjectWrap.FunPlusWorldXEntitiesEntityWrap:_ec_FunPlusWorldXEntitiesComponentsEffectComponent_m_PlayEffect(IntPtr)
XLua.CSObjectWrap.FunPlusWorldXEntitiesEntityWrap:_em_PlayEffect(IntPtr)
XLua.LuaFunction:Action(T1, T2, T3, T4, T5, T6, T7)
FunPlus.WorldX.Manager.LuaManager:CommonUpdate()
FunPlus.WorldX.AppFacade:UpdateAllManager()

[ line -1504782312]

The referenced script on this Behaviour (Game Object 'All') is missing!
UnityEngine.Object:Instantiate(Object, Transform, Boolean)
UnityEngine.Object:Instantiate(T, Transform, Boolean)
FunPlus.WorldX.ResourceManager.Runtime.InstantiateQueue:PushTask(Object, InstantiationParameters, Action`2, InstantiatePriority, Object)
FunPlus.WorldX.ResourceManager.Runtime.InstanceImpl:ResInstantiateAsync(Object, Action`2, InstantiationParameters, InstantiatePriority, Object)
FunPlus.WorldX.ResourceManager.Runtime.WorldXResourceManager:ResInstantiateAsync(Object, Action`2, Transform, Boolean, InstantiatePriority, Object)
FunPlus.WorldX.ResourceManager.Runtime.GoInstanceTask:OnLoadAsset(Object, Object)
FunPlus.WorldX.ResourceManager.Runtime.XYooAssetImpl:NewLoadAssetSync(AssetInfo, String, String, TObject&, Action`2, Object, Boolean)
FunPlus.WorldX.ResourceManager.Runtime.XYooAssetImpl:LoadAssetSyncByID(String, Action`2, Object, Boolean)
FunPlus.WorldX.ResourceManager.Runtime.WorldXResourceManager:LoadAssetSyncByID(String, Action`2, Object, Boolean, Boolean)
FunPlus.WorldX.ResourceManager.Runtime.GoInstanceTask:GetAssetAndInstance()
FunPlus.WorldX.Load.ResourcesManager:GetInstanceFromCacheWithoutActivation(String, Action`2, GOCacheType, Object, Transform, Boolean, InstantiatePriority, AsyncLoadPriority)
FunPlus.WorldX.Effect.EffectItem:PlayEffect()
FunPlus.WorldX.Effect.EffectGenerator:PlayEffect(String, EffectConfigInfo, Int32, Boolean)
XLua.CSObjectWrap.FunPlusWorldXEntitiesEntityWrap:_ec_FunPlusWorldXEntitiesComponentsEffectComponent_m_PlayEffect(IntPtr)
XLua.CSObjectWrap.FunPlusWorldXEntitiesEntityWrap:_em_PlayEffect(IntPtr)
XLua.LuaFunction:Action(T1, T2, T3, T4, T5, T6, T7)
FunPlus.WorldX.Manager.LuaManager:CommonUpdate()
FunPlus.WorldX.AppFacade:UpdateAllManager()

[ line -1504782312]

Setting linear velocity of a kinematic body is not supported.
FunPlus.WorldX.GameApp.Sandbox.PressPlatform:SyncMoverPose()
FunPlus.WorldX.GameApp.Sandbox.PressPlatform:RestorePrefabDefaults()
FunPlus.WorldX.GameApp.Sandbox.LevelItemModel:Destroy()
FunPlus.WorldX.GameApp.Sandbox.Sandbox:Destroy()
FunPlus.WorldX.GameApp.Sandbox.SandboxManager:DestroySandbox(Int32)
XLua.CSObjectWrap.FunPlusWorldXGameAppSandboxSandboxManagerWrap:_m_DestroySandbox(IntPtr)
XLua.LuaFunction:Action(T1, T2, T3, T4, T5, T6, T7)
FunPlus.WorldX.Manager.LuaManager:CommonUpdate()
FunPlus.WorldX.AppFacade:UpdateAllManager()

[ line -1504781096]

Setting angular velocity of a kinematic body is not supported.
FunPlus.WorldX.GameApp.Sandbox.PressPlatform:SyncMoverPose()
FunPlus.WorldX.GameApp.Sandbox.PressPlatform:RestorePrefabDefaults()
FunPlus.WorldX.GameApp.Sandbox.LevelItemModel:Destroy()
FunPlus.WorldX.GameApp.Sandbox.Sandbox:Destroy()
FunPlus.WorldX.GameApp.Sandbox.SandboxManager:DestroySandbox(Int32)
XLua.CSObjectWrap.FunPlusWorldXGameAppSandboxSandboxManagerWrap:_m_DestroySandbox(IntPtr)
XLua.LuaFunction:Action(T1, T2, T3, T4, T5, T6, T7)
FunPlus.WorldX.Manager.LuaManager:CommonUpdate()
FunPlus.WorldX.AppFacade:UpdateAllManager()

[ line -1504781304]

Setting linear velocity of a kinematic body is not supported.
FunPlus.WorldX.GameApp.Sandbox.PressPlatform:SyncMoverPose()
FunPlus.WorldX.GameApp.Sandbox.PressPlatform:RestorePrefabDefaults()
FunPlus.WorldX.GameApp.Sandbox.LevelItemModel:Destroy()
FunPlus.WorldX.GameApp.Sandbox.Sandbox:Destroy()
FunPlus.WorldX.GameApp.Sandbox.SandboxManager:DestroySandbox(Int32)
XLua.CSObjectWrap.FunPlusWorldXGameAppSandboxSandboxManagerWrap:_m_DestroySandbox(IntPtr)
XLua.LuaFunction:Action(T1, T2, T3, T4, T5, T6, T7)
FunPlus.WorldX.Manager.LuaManager:CommonUpdate()
FunPlus.WorldX.AppFacade:UpdateAllManager()

[ line -1504781096]

Setting angular velocity of a kinematic body is not supported.
FunPlus.WorldX.GameApp.Sandbox.PressPlatform:SyncMoverPose()
FunPlus.WorldX.GameApp.Sandbox.PressPlatform:RestorePrefabDefaults()
FunPlus.WorldX.GameApp.Sandbox.LevelItemModel:Destroy()
FunPlus.WorldX.GameApp.Sandbox.Sandbox:Destroy()
FunPlus.WorldX.GameApp.Sandbox.SandboxManager:DestroySandbox(Int32)
XLua.CSObjectWrap.FunPlusWorldXGameAppSandboxSandboxManagerWrap:_m_DestroySandbox(IntPtr)
XLua.LuaFunction:Action(T1, T2, T3, T4, T5, T6, T7)
FunPlus.WorldX.Manager.LuaManager:CommonUpdate()
FunPlus.WorldX.AppFacade:UpdateAllManager()

[ line -1504781304]

Setting linear velocity of a kinematic body is not supported.
FunPlus.WorldX.GameApp.Sandbox.PressPlatform:SyncMoverPose()
FunPlus.WorldX.GameApp.Sandbox.PressPlatform:RestorePrefabDefaults()
FunPlus.WorldX.GameApp.Sandbox.LevelItemModel:Destroy()
FunPlus.WorldX.GameApp.Sandbox.Sandbox:Destroy()
FunPlus.WorldX.GameApp.Sandbox.SandboxManager:DestroySandbox(Int32)
XLua.CSObjectWrap.FunPlusWorldXGameAppSandboxSandboxManagerWrap:_m_DestroySandbox(IntPtr)
XLua.LuaFunction:Action(T1, T2, T3, T4, T5, T6, T7)
FunPlus.WorldX.Manager.LuaManager:CommonUpdate()
FunPlus.WorldX.AppFacade:UpdateAllManager()

[ line -1504781096]

Setting angular velocity of a kinematic body is not supported.
FunPlus.WorldX.GameApp.Sandbox.PressPlatform:SyncMoverPose()
FunPlus.WorldX.GameApp.Sandbox.PressPlatform:RestorePrefabDefaults()
FunPlus.WorldX.GameApp.Sandbox.LevelItemModel:Destroy()
FunPlus.WorldX.GameApp.Sandbox.Sandbox:Destroy()
FunPlus.WorldX.GameApp.Sandbox.SandboxManager:DestroySandbox(Int32)
XLua.CSObjectWrap.FunPlusWorldXGameAppSandboxSandboxManagerWrap:_m_DestroySandbox(IntPtr)
XLua.LuaFunction:Action(T1, T2, T3, T4, T5, T6, T7)
FunPlus.WorldX.Manager.LuaManager:CommonUpdate()
FunPlus.WorldX.AppFacade:UpdateAllManager()

[ line -1504781304]

Setting linear velocity of a kinematic body is not supported.
FunPlus.WorldX.GameApp.Sandbox.PressPlatform:SyncMoverPose()
FunPlus.WorldX.GameApp.Sandbox.PressPlatform:RestorePrefabDefaults()
FunPlus.WorldX.GameApp.Sandbox.LevelItemModel:Destroy()
FunPlus.WorldX.GameApp.Sandbox.Sandbox:Destroy()
FunPlus.WorldX.GameApp.Sandbox.SandboxManager:DestroySandbox(Int32)
XLua.CSObjectWrap.FunPlusWorldXGameAppSandboxSandboxManagerWrap:_m_DestroySandbox(IntPtr)
XLua.LuaFunction:Action(T1, T2, T3, T4, T5, T6, T7)
FunPlus.WorldX.Manager.LuaManager:CommonUpdate()
FunPlus.WorldX.AppFacade:UpdateAllManager()

[ line -1504781096]

Setting angular velocity of a kinematic body is not supported.
FunPlus.WorldX.GameApp.Sandbox.PressPlatform:SyncMoverPose()
FunPlus.WorldX.GameApp.Sandbox.PressPlatform:RestorePrefabDefaults()
FunPlus.WorldX.GameApp.Sandbox.LevelItemModel:Destroy()
FunPlus.WorldX.GameApp.Sandbox.Sandbox:Destroy()
FunPlus.WorldX.GameApp.Sandbox.SandboxManager:DestroySandbox(Int32)
XLua.CSObjectWrap.FunPlusWorldXGameAppSandboxSandboxManagerWrap:_m_DestroySandbox(IntPtr)
XLua.LuaFunction:Action(T1, T2, T3, T4, T5, T6, T7)
FunPlus.WorldX.Manager.LuaManager:CommonUpdate()
FunPlus.WorldX.AppFacade:UpdateAllManager()

[ line -1504781304]

Setting linear velocity of a kinematic body is not supported.
FunPlus.WorldX.GameApp.Sandbox.PressPlatform:SyncMoverPose()
FunPlus.WorldX.GameApp.Sandbox.PressPlatform:RestorePrefabDefaults()
FunPlus.WorldX.GameApp.Sandbox.LevelItemModel:Destroy()
FunPlus.WorldX.GameApp.Sandbox.Sandbox:Destroy()
FunPlus.WorldX.GameApp.Sandbox.SandboxManager:DestroySandbox(Int32)
XLua.CSObjectWrap.FunPlusWorldXGameAppSandboxSandboxManagerWrap:_m_DestroySandbox(IntPtr)
XLua.LuaFunction:Action(T1, T2, T3, T4, T5, T6, T7)
FunPlus.WorldX.Manager.LuaManager:CommonUpdate()
FunPlus.WorldX.AppFacade:UpdateAllManager()

[ line -1504781096]

Setting angular velocity of a kinematic body is not supported.
FunPlus.WorldX.GameApp.Sandbox.PressPlatform:SyncMoverPose()
FunPlus.WorldX.GameApp.Sandbox.PressPlatform:RestorePrefabDefaults()
FunPlus.WorldX.GameApp.Sandbox.LevelItemModel:Destroy()
FunPlus.WorldX.GameApp.Sandbox.Sandbox:Destroy()
FunPlus.WorldX.GameApp.Sandbox.SandboxManager:DestroySandbox(Int32)
XLua.CSObjectWrap.FunPlusWorldXGameAppSandboxSandboxManagerWrap:_m_DestroySandbox(IntPtr)
XLua.LuaFunction:Action(T1, T2, T3, T4, T5, T6, T7)
FunPlus.WorldX.Manager.LuaManager:CommonUpdate()
FunPlus.WorldX.AppFacade:UpdateAllManager()

[ line -1504781304]

Setting linear velocity of a kinematic body is not supported.
FunPlus.WorldX.GameApp.Sandbox.PressPlatform:SyncMoverPose()
FunPlus.WorldX.GameApp.Sandbox.PressPlatform:RestorePrefabDefaults()
FunPlus.WorldX.GameApp.Sandbox.LevelItemModel:Destroy()
FunPlus.WorldX.GameApp.Sandbox.Sandbox:Destroy()
FunPlus.WorldX.GameApp.Sandbox.SandboxManager:DestroySandbox(Int32)
XLua.CSObjectWrap.FunPlusWorldXGameAppSandboxSandboxManagerWrap:_m_DestroySandbox(IntPtr)
XLua.LuaFunction:Action(T1, T2, T3, T4, T5, T6, T7)
FunPlus.WorldX.Manager.LuaManager:CommonUpdate()
FunPlus.WorldX.AppFacade:UpdateAllManager()

[ line -1504781096]

Setting angular velocity of a kinematic body is not supported.
FunPlus.WorldX.GameApp.Sandbox.PressPlatform:SyncMoverPose()
FunPlus.WorldX.GameApp.Sandbox.PressPlatform:RestorePrefabDefaults()
FunPlus.WorldX.GameApp.Sandbox.LevelItemModel:Destroy()
FunPlus.WorldX.GameApp.Sandbox.Sandbox:Destroy()
FunPlus.WorldX.GameApp.Sandbox.SandboxManager:DestroySandbox(Int32)
XLua.CSObjectWrap.FunPlusWorldXGameAppSandboxSandboxManagerWrap:_m_DestroySandbox(IntPtr)
XLua.LuaFunction:Action(T1, T2, T3, T4, T5, T6, T7)
FunPlus.WorldX.Manager.LuaManager:CommonUpdate()
FunPlus.WorldX.AppFacade:UpdateAllManager()

[ line -1504781304]

Unloading 1 Unused Serialized files (Serialized files now loaded: 1420)
Unloading 28711 unused Assets to reduce memory usage. Loaded Objects now: 185812.
Total: 209.635800 ms (FindLiveObjects: 12.763200 ms CreateObjectMapping: 6.774600 ms MarkObjects: 150.309000 ms  DeleteObjects: 39.788600 ms)

Couldn't create a Convex Mesh from source mesh "SM_Rock_Cliff_Beach_10_Collider_Mesh_1374907504" within the maximum polygons limit (256). The partial hull will be used. Consider simplifying your mesh.
Couldn't create a Convex Mesh from source mesh "SM_Rock_Cliff_Beach_05_CM_2024070376" within the maximum polygons limit (256). The partial hull will be used. Consider simplifying your mesh.
Couldn't create a Convex Mesh from source mesh "SM_Rock_Cliffwall_008_CM_1918480376" within the maximum polygons limit (256). The partial hull will be used. Consider simplifying your mesh.
Couldn't create a Convex Mesh from source mesh "SM_Rock_Cliff_Beach_04_CM_-1533757938" within the maximum polygons limit (256). The partial hull will be used. Consider simplifying your mesh.
Couldn't create a Convex Mesh from source mesh "SM_Rock_Cliffwall_001_Collider_Mesh_-2008044692" within the maximum polygons limit (256). The partial hull will be used. Consider simplifying your mesh.
Couldn't create a Convex Mesh from source mesh "SM_Rock_Cliffwall_002_Collider_Mesh_-866322356" within the maximum polygons limit (256). The partial hull will be used. Consider simplifying your mesh.
Setting linear velocity of a kinematic body is not supported.
FunPlus.WorldX.Entities.Components.AttachInfo:OnEnable_Physics(Entity, Entity)
FunPlus.WorldX.Entities.Components.AttachInfo:OnEnable(Entity, Entity)
FunPlus.WorldX.Entities.Components.AttachInfo:LateUpdate(Single)
FunPlus.WorldX.Manager.EntityManager:BeforeRender()
FunPlus.WorldX.AppFacade:BeforeRenderUpdateManager()

[ line -1504778664]

Couldn't create a Convex Mesh from source mesh "SM_Item_Props_Ore_21_Collider_Mesh_1427908941" within the maximum polygons limit (256). The partial hull will be used. Consider simplifying your mesh.
Unloading 1 Unused Serialized files (Serialized files now loaded: 1405)
Unloading 674 unused Assets to reduce memory usage. Loaded Objects now: 159999.
Total: 174.410300 ms (FindLiveObjects: 10.228700 ms CreateObjectMapping: 4.875700 ms MarkObjects: 157.807400 ms  DeleteObjects: 1.498300 ms)

The referenced script on this Behaviour (Game Object '<null>') is missing!
Setting linear velocity of a kinematic body is not supported.
FunPlus.WorldX.Entities.Components.AttachInfo:OnEnable_Physics(Entity, Entity)
FunPlus.WorldX.Entities.Components.AttachInfo:OnEnable(Entity, Entity)
FunPlus.WorldX.Entities.Components.AttachInfo:LateUpdate(Single)
FunPlus.WorldX.Manager.EntityManager:BeforeRender()
FunPlus.WorldX.AppFacade:BeforeRenderUpdateManager()

[ line -1504778664]

[9435.0453][Log]|[lua][info][2026-09-17 05:07:50.435639]	[info]	[PHONESTCORE_HOOK]	[0x29001f8a080 connect to http://worldx-global-assets.oss-us-east-1.aliyuncs.com:443/eu/prod/ClientInfo/202000114279_client_info_bin?x-oss-credential=LTAI5tS3b81GXuYfXYtgJZ7J%2F20260917%2Fus-east-1%2Foss%2Faliyun_v4_request&x-oss-date=20260917T030750Z&x-oss-expires=300&x-oss-signature=02d2eeeea7659cbaebdf4d4a27d0398d20af646ba8f1336eb12a51a478020d0f&x-oss-signature-version=OSS4-HMAC-SHA256]	[HttpClient.cpp:38(phonestcore::HttpClient::connect)]
FunPlus.WorldX.Utils.GameLog:SimpleLog(LogType, IntPtr, Int32)
FunPlus.WorldX.Utils.LuaUtils:LogForLua(Int32, IntPtr, Int32)
XLua.CSObjectWrap.FunPlusWorldXUtilsLuaUtilsWrap:_m_LogForLua_xlua_st_(IntPtr)
XLua.LuaFunction:Action(T1, T2, T3, T4, T5, T6, T7)
FunPlus.WorldX.Manager.LuaManager:CommonUpdate()
FunPlus.WorldX.AppFacade:UpdateAllManager()

[9458.5166][Error]|[lua][error][CommunicationSystem]	dialogueId = 0, 数据不存在! 反馈策划检查表配置 traceback:stack traceback:
	...uaScripts\GameApp\Communication\CommunicationSystem2.lua:257: in function '__resolveNpcDialog'
	...uaScripts\GameApp\Communication\CommunicationSystem2.lua:287: in function 'startNpcDialog'
	...blish\proj\p4dir\client\LuaScripts\Utils\ClientUtils.lua:425: in function <...blish\proj\p4dir\client\LuaScripts\Utils\ClientUtils.lua:424>	[[__resolveNpcDialog]     ...uaScripts\GameApp\Communication\CommunicationSystem2.lua:257]
FunPlus.WorldX.Utils.GameLog:SimpleLog(LogType, IntPtr, Int32)
FunPlus.WorldX.Utils.LuaUtils:LogForLua(Int32, IntPtr, Int32)
XLua.CSObjectWrap.FunPlusWorldXUtilsLuaUtilsWrap:_m_LogForLua_xlua_st_(IntPtr)
FunPlus.WorldX.Manager.LuaManager:CallLua(String, T1)
FlowCanvas.Nodes.WorldX.Common.<>c__DisplayClass1_0:<RegisterPorts>b__0(Flow)
FlowCanvas.<>c__DisplayClass1_0:<.ctor>b__0(Flow)
FlowCanvas.FlowOutput:Call(Flow)
FunPlus.WorldX.FlowCanvas.Nodes.WorldX.SandboxNodes.TriggerListenNode:OnEnter(Collider, DetectContext)
FunPlus.WorldX.GameApp.Sandbox.TriggerSB:OnTriggerEnter(Collider)
FunPlus.WorldX.AppFacade:FrameStart()

[9473.0095][Error]|[lua][error][CommunicationSystem]	dialogueId = 0, 数据不存在! 反馈策划检查表配置 traceback:stack traceback:
	...uaScripts\GameApp\Communication\CommunicationSystem2.lua:257: in function '__resolveNpcDialog'
	...uaScripts\GameApp\Communication\CommunicationSystem2.lua:287: in function 'startNpcDialog'
	...blish\proj\p4dir\client\LuaScripts\Utils\ClientUtils.lua:425: in function <...blish\proj\p4dir\client\LuaScripts\Utils\ClientUtils.lua:424>	[[__resolveNpcDialog]     ...uaScripts\GameApp\Communication\CommunicationSystem2.lua:257]
FunPlus.WorldX.Utils.GameLog:SimpleLog(LogType, IntPtr, Int32)
FunPlus.WorldX.Utils.LuaUtils:LogForLua(Int32, IntPtr, Int32)
XLua.CSObjectWrap.FunPlusWorldXUtilsLuaUtilsWrap:_m_LogForLua_xlua_st_(IntPtr)
FunPlus.WorldX.Manager.LuaManager:CallLua(String, T1)
FlowCanvas.Nodes.WorldX.Common.<>c__DisplayClass1_0:<RegisterPorts>b__0(Flow)
FlowCanvas.<>c__DisplayClass1_0:<.ctor>b__0(Flow)
FlowCanvas.FlowOutput:Call(Flow)
FunPlus.WorldX.FlowCanvas.Nodes.WorldX.SandboxNodes.TriggerListenNode:OnEnter(Collider, DetectContext)
FunPlus.WorldX.GameApp.Sandbox.TriggerSB:OnTriggerEnter(Collider)
FunPlus.WorldX.AppFacade:FrameStart()

[9475.9804][Error]|[lua][error][CommunicationSystem]	dialogueId = 0, 数据不存在! 反馈策划检查表配置 traceback:stack traceback:
	...uaScripts\GameApp\Communication\CommunicationSystem2.lua:257: in function '__resolveNpcDialog'
	...uaScripts\GameApp\Communication\CommunicationSystem2.lua:287: in function 'startNpcDialog'
	...blish\proj\p4dir\client\LuaScripts\Utils\ClientUtils.lua:425: in function <...blish\proj\p4dir\client\LuaScripts\Utils\ClientUtils.lua:424>	[[__resolveNpcDialog]     ...uaScripts\GameApp\Communication\CommunicationSystem2.lua:257]
FunPlus.WorldX.Utils.GameLog:SimpleLog(LogType, IntPtr, Int32)
FunPlus.WorldX.Utils.LuaUtils:LogForLua(Int32, IntPtr, Int32)
XLua.CSObjectWrap.FunPlusWorldXUtilsLuaUtilsWrap:_m_LogForLua_xlua_st_(IntPtr)
FunPlus.WorldX.Manager.LuaManager:CallLua(String, T1)
FlowCanvas.Nodes.WorldX.Common.<>c__DisplayClass1_0:<RegisterPorts>b__0(Flow)
FlowCanvas.<>c__DisplayClass1_0:<.ctor>b__0(Flow)
FlowCanvas.FlowOutput:Call(Flow)
FunPlus.WorldX.FlowCanvas.Nodes.WorldX.SandboxNodes.TriggerListenNode:OnEnter(Collider, DetectContext)
FunPlus.WorldX.GameApp.Sandbox.TriggerSB:OnTriggerEnter(Collider)
FunPlus.WorldX.AppFacade:FrameStart()

[9481.1342][Error]|[lua][error][CommunicationSystem]	dialogueId = 0, 数据不存在! 反馈策划检查表配置 traceback:stack traceback:
	...uaScripts\GameApp\Communication\CommunicationSystem2.lua:257: in function '__resolveNpcDialog'
	...uaScripts\GameApp\Communication\CommunicationSystem2.lua:287: in function 'startNpcDialog'
	...blish\proj\p4dir\client\LuaScripts\Utils\ClientUtils.lua:425: in function <...blish\proj\p4dir\client\LuaScripts\Utils\ClientUtils.lua:424>	[[__resolveNpcDialog]     ...uaScripts\GameApp\Communication\CommunicationSystem2.lua:257]
FunPlus.WorldX.Utils.GameLog:SimpleLog(LogType, IntPtr, Int32)
FunPlus.WorldX.Utils.LuaUtils:LogForLua(Int32, IntPtr, Int32)
XLua.CSObjectWrap.FunPlusWorldXUtilsLuaUtilsWrap:_m_LogForLua_xlua_st_(IntPtr)
FunPlus.WorldX.Manager.LuaManager:CallLua(String, T1)
FlowCanvas.Nodes.WorldX.Common.<>c__DisplayClass1_0:<RegisterPorts>b__0(Flow)
FlowCanvas.<>c__DisplayClass1_0:<.ctor>b__0(Flow)
FlowCanvas.FlowOutput:Call(Flow)
FunPlus.WorldX.FlowCanvas.Nodes.WorldX.SandboxNodes.TriggerListenNode:OnEnter(Collider, DetectContext)
FunPlus.WorldX.GameApp.Sandbox.TriggerSB:OnTriggerEnter(Collider)
FunPlus.WorldX.AppFacade:FrameStart()

[9482.5397][Error]|[lua][error][CommunicationSystem]	dialogueId = 0, 数据不存在! 反馈策划检查表配置 traceback:stack traceback:
	...uaScripts\GameApp\Communication\CommunicationSystem2.lua:257: in function '__resolveNpcDialog'
	...uaScripts\GameApp\Communication\CommunicationSystem2.lua:287: in function 'startNpcDialog'
	...blish\proj\p4dir\client\LuaScripts\Utils\ClientUtils.lua:425: in function <...blish\proj\p4dir\client\LuaScripts\Utils\ClientUtils.lua:424>	[[__resolveNpcDialog]     ...uaScripts\GameApp\Communication\CommunicationSystem2.lua:257]
FunPlus.WorldX.Utils.GameLog:SimpleLog(LogType, IntPtr, Int32)
FunPlus.WorldX.Utils.LuaUtils:LogForLua(Int32, IntPtr, Int32)
XLua.CSObjectWrap.FunPlusWorldXUtilsLuaUtilsWrap:_m_LogForLua_xlua_st_(IntPtr)
FunPlus.WorldX.Manager.LuaManager:CallLua(String, T1)
FlowCanvas.Nodes.WorldX.Common.<>c__DisplayClass1_0:<RegisterPorts>b__0(Flow)
FlowCanvas.<>c__DisplayClass1_0:<.ctor>b__0(Flow)
FlowCanvas.FlowOutput:Call(Flow)
FunPlus.WorldX.FlowCanvas.Nodes.WorldX.SandboxNodes.TriggerListenNode:OnEnter(Collider, DetectContext)
FunPlus.WorldX.GameApp.Sandbox.TriggerSB:OnTriggerEnter(Collider)
FunPlus.WorldX.AppFacade:FrameStart()

[9483.2530][Error]|[lua][error][CommunicationSystem]	dialogueId = 0, 数据不存在! 反馈策划检查表配置 traceback:stack traceback:
	...uaScripts\GameApp\Communication\CommunicationSystem2.lua:257: in function '__resolveNpcDialog'
	...uaScripts\GameApp\Communication\CommunicationSystem2.lua:287: in function 'startNpcDialog'
	...blish\proj\p4dir\client\LuaScripts\Utils\ClientUtils.lua:425: in function <...blish\proj\p4dir\client\LuaScripts\Utils\ClientUtils.lua:424>	[[__resolveNpcDialog]     ...uaScripts\GameApp\Communication\CommunicationSystem2.lua:257]
FunPlus.WorldX.Utils.GameLog:SimpleLog(LogType, IntPtr, Int32)
FunPlus.WorldX.Utils.LuaUtils:LogForLua(Int32, IntPtr, Int32)
XLua.CSObjectWrap.FunPlusWorldXUtilsLuaUtilsWrap:_m_LogForLua_xlua_st_(IntPtr)
FunPlus.WorldX.Manager.LuaManager:CallLua(String, T1)
FlowCanvas.Nodes.WorldX.Common.<>c__DisplayClass1_0:<RegisterPorts>b__0(Flow)
FlowCanvas.<>c__DisplayClass1_0:<.ctor>b__0(Flow)
FlowCanvas.FlowOutput:Call(Flow)
FunPlus.WorldX.FlowCanvas.Nodes.WorldX.SandboxNodes.TriggerListenNode:OnEnter(Collider, DetectContext)
FunPlus.WorldX.GameApp.Sandbox.TriggerSB:OnTriggerEnter(Collider)
FunPlus.WorldX.AppFacade:FrameStart()

[9485.3137][Log]|[lua][info][2026-09-17 05:08:40.700769]	[info]	[PHONESTCORE_HOOK]	[0x28ee4d61850 connect to http://priv-platform-yimoo-api.funplus.com:443/api/game/red-dot]	[HttpClient.cpp:38(phonestcore::HttpClient::connect)]
FunPlus.WorldX.Utils.GameLog:SimpleLog(LogType, IntPtr, Int32)
FunPlus.WorldX.Utils.LuaUtils:LogForLua(Int32, IntPtr, Int32)
XLua.CSObjectWrap.FunPlusWorldXUtilsLuaUtilsWrap:_m_LogForLua_xlua_st_(IntPtr)
XLua.LuaFunction:Action(T1, T2, T3, T4, T5, T6, T7)
FunPlus.WorldX.Manager.LuaManager:CommonUpdate()
FunPlus.WorldX.AppFacade:UpdateAllManager()

[9485.3139][Log]|[lua][info][2026-09-17 05:08:40.701171]	[info]	[PHONESTCORE_HOOK]	[0x28da0245c60 connect to http://announcement-web.funplus.com:443/api/announce/list]	[HttpClient.cpp:38(phonestcore::HttpClient::connect)]
FunPlus.WorldX.Utils.GameLog:SimpleLog(LogType, IntPtr, Int32)
FunPlus.WorldX.Utils.LuaUtils:LogForLua(Int32, IntPtr, Int32)
XLua.CSObjectWrap.FunPlusWorldXUtilsLuaUtilsWrap:_m_LogForLua_xlua_st_(IntPtr)
XLua.LuaFunction:Action(T1, T2, T3, T4, T5, T6, T7)
FunPlus.WorldX.Manager.LuaManager:CommonUpdate()
FunPlus.WorldX.AppFacade:UpdateAllManager()

[9486.5392][Exception]|NullReferenceException: Object reference not set to an instance of an object.
  at XGUI.Effect.UCurvedVertexEffect.ModifyMesh (UnityEngine.UI.VertexHelper vh) [0x00000] in <00000000000000000000000000000000>:0 
  at TMPro.TextMeshProUGUI.GenerateTextMesh () [0x00000] in <00000000000000000000000000000000>:0 
  at XGUI.SRenderer.TextPlus.GenerateTextMesh () [0x00000] in <00000000000000000000000000000000>:0 
  at TMPro.TextMeshProUGUI.OnPreRenderCanvas () [0x00000] in <00000000000000000000000000000000>:0 
  at XGUI.SRenderer.TextPlus.ForceMeshUpdate (System.Boolean ignoreActiveState, System.Boolean forceTextReparsing) [0x00000] in <00000000000000000000000000000000>:0 
  at XGUI.USDFText.SetHideByScale (System.Boolean value) [0x00000] in <00000000000000000000000000000000>:0 
  at XGUI.UWidget.RefreshHideByScaleSelf () [0x00000] in <00000000000000000000000000000000>:0 
  at XGUI.UWidget.OnEnable () [0x00000] in <00000000000000000000000000000000>:0 
  at XGUI.USDFText.OnEnable () [0x00000] in <00000000000000000000000000000000>:0 
  at XGUI.ExtensionMethod.SetUIParent (UnityEngine.Transform transform, UnityEngine.Transform parent) [0x00000] in <00000000000000000000000000000000>:0 
  at XGUI.RedDotMgr.SetRedDotTrans (UnityEngine.RectTransform rect, UnityEngine.Transform parent, XGUI.FRedDotData info) [0x00000] in <00000000000000000000000000000000>:0 
  at XGUI.RedDotMgr.TryGetFromPool (System.String key, UnityEngine.Transform parent, XGUI.UComponent& value, XGUI.FRedDotData customData) [0x00000] in <00000000000000000000000000000000>:0 
  at XGUI.UButton.SetUIRedDot (System.Boolean isShown, System.Int32 dotNum) [0x00000] in <00000000000000000000000000000000>:0 
  at XGUI.RedDotMgr+FRedDot.SetIsShown (System.Boolean value, System.Int32 dotNum) [0x00000] in <00000000000000000000000000000000>:0 
  at XGUI.RedDotMgr.CheckRefreshRedDotState (System.String treePath) [0x00000] in <00000000000000000000000000000000>:0 
  at XGUI.RedDotMgr.LuaSetPreViewRedDot (System.String treePath, XGUI.IRedDot widget, System.Func`1[TResult] refreshRedDot, System.Func`1[TResult] getDotNum) [0x00000] in <00000000000000000000000000000000>:0 
  at XLua.CSObjectWrap.XGUIRedDotMgrWrap._m_LuaSetPreViewRedDot_xlua_st_ (System.IntPtr L) [0x00000] in <00000000000000000000000000000000>:0 
  at XLua.DelegateBridge.__Gen_Delegate_Imp41 (XGUI.UButton p0, System.Int32 p1, XGUI.IListItem p2) [0x00000] in <00000000000000000000000000000000>:0 
  at XGUI.UList._OnRenderItem (XGUI.UButton button, System.Int32 index, XGUI.IListItem item) [0x00000] in <00000000000000000000000000000000>:0 
  at XGUI.UList.RefreshCommonList (System.Boolean noAnim) [0x00000] in <00000000000000000000000000000000>:0 
  at XGUI.UList.RefreshList (System.Boolean noAnim) [0x00000] in <00000000000000000000000000000000>:0 
  at XGUI.UList.SetList (System.Collections.Generic.List`1[T] itemData) [0x00000] in <00000000000000000000000000000000>:0 
  at XLua.CSObjectWrap.XGUIUListWrap._m_SetList (System.IntPtr L) [0x00000] in <00000000000000000000000000000000>:0 
  at XLua.DelegateBridge.Action[T1] (T1 p1) [0x00000] in <00000000000000000000000000000000>:0 
  at FunPlus.WorldX.Manager.UIManager.InstantiateUIViewRealCallback (UnityEngine.Object assetObj, System.Object userData, System.Single oldOpacity) [0x00000] in <00000000000000000000000000000000>:0 
  at FunPlus.WorldX.Manager.UIManager.DelayLoad (UnityEngine.Object assetObj, System.Object userData, System.Single oldOpacity) [0x00000] in <00000000000000000000000000000000>:0 
  at System.Threading.ExecutionContext.RunInternal (System.Threading.ExecutionContext executionContext, System.Threading.ContextCallback callback, System.Object state, System.Boolean preserveSyncCtx) [0x00000] in <00000000000000000000000000000000>:0 
  at System.Runtime.CompilerServices.AsyncMethodBuilderCore+MoveNextRunner.Run () [0x00000] in <00000000000000000000000000000000>:0 
  at Cysharp.Threading.Tasks.UniTask+DelayFramePromise.MoveNext () [0x00000] in <00000000000000000000000000000000>:0 
  at Cysharp.Threading.Tasks.Internal.PlayerLoopRunner.RunCore () [0x00000] in <00000000000000000000000000000000>:0 
XGUI.ExtensionMethod:SetUIParent(Transform, Transform)
XGUI.RedDotMgr:SetRedDotTrans(RectTransform, Transform, FRedDotData)
XGUI.RedDotMgr:TryGetFromPool(String, Transform, UComponent&, FRedDotData)
XGUI.UButton:SetUIRedDot(Boolean, Int32)
XGUI.FRedDot:SetIsShown(Boolean, Int32)
XGUI.RedDotMgr:CheckRefreshRedDotState(String)
XGUI.RedDotMgr:LuaSetPreViewRedDot(String, IRedDot, Func`1, Func`1)
XLua.CSObjectWrap.XGUIRedDotMgrWrap:_m_LuaSetPreViewRedDot_xlua_st_(IntPtr)
XLua.DelegateBridge:__Gen_Delegate_Imp41(UButton, Int32, IListItem)
XGUI.UList:_OnRenderItem(UButton, Int32, IListItem)
XGUI.UList:RefreshCommonList(Boolean)
XGUI.UList:RefreshList(Boolean)
XGUI.UList:SetList(List`1)
XLua.CSObjectWrap.XGUIUListWrap:_m_SetList(IntPtr)
XLua.DelegateBridge:Action(T1)
FunPlus.WorldX.Manager.UIManager:InstantiateUIViewRealCallback(Object, Object, Single)
FunPlus.WorldX.Manager.<DelayLoad>d__134:MoveNext()
System.Threading.ExecutionContext:RunInternal(ExecutionContext, ContextCallback, Object, Boolean)
System.Runtime.CompilerServices.MoveNextRunner:Run()
Cysharp.Threading.Tasks.DelayFramePromise:MoveNext()
Cysharp.Threading.Tasks.Internal.PlayerLoopRunner:RunCore()

[9486.6004][Exception]|NullReferenceException: Object reference not set to an instance of an object.
  at XGUI.Effect.UCurvedVertexEffect.ModifyMesh (UnityEngine.UI.VertexHelper vh) [0x00000] in <00000000000000000000000000000000>:0 
  at TMPro.TextMeshProUGUI.GenerateTextMesh () [0x00000] in <00000000000000000000000000000000>:0 
  at XGUI.SRenderer.TextPlus.GenerateTextMesh () [0x00000] in <00000000000000000000000000000000>:0 
  at TMPro.TextMeshProUGUI.OnPreRenderCanvas () [0x00000] in <00000000000000000000000000000000>:0 
  at TMPro.TextMeshProUGUI.Rebuild (UnityEngine.UI.CanvasUpdate update) [0x00000] in <00000000000000000000000000000000>:0 
  at UnityEngine.UI.CanvasUpdateRegistry.PerformUpdate () [0x00000] in <00000000000000000000000000000000>:0 
UnityEngine.Logger:LogException(Exception, Object)
UnityEngine.Debug:LogException(Exception, Object)
UnityEngine.UI.CanvasUpdateRegistry:PerformUpdate()

The referenced script on this Behaviour (Game Object '<null>') is missing!
Can't add 'SkinnedMeshBatch' to M_Parmon_10371_Body02 because a 'SkinnedMeshBatch' is already added to the game object!
UnityEngine.GameObject:AddComponent()
XRender.Pipeline.Modules.SkinnedMeshCombine.SkinnedMeshBufferMgr:AddSkinnedComponent(SkinnedMeshRenderer)
FunPlus.WorldX.Model.PrefabLoadTask:Destroy()
FunPlus.WorldX.Model.PhysiqueModel:DestroyModel()
FunPlus.WorldX.Model.ModelView:DestroyAllModel(Boolean)
FunPlus.WorldX.Model.ModelView:Destroy()
FunPlus.WorldX.Entities.Components.ModelComponent:Destroy()
FunPlus.WorldX.Entities.EntityBase:DelAllComponent()
FunPlus.WorldX.Entities.EntityBase:OnDestroy()
FunPlus.WorldX.Manager.EntityManager:DestroyEModel(Entity)
XLua.CSObjectWrap.FunPlusWorldXManagerEntityManagerWrap:_m_DestroyEModel(IntPtr)
XLua.LuaFunction:Func(T1, T2)
FunPlus.WorldX.Cutscene.CutsceneItem:CmdLua(String, Object[])
FunPlus.WorldX.Cutscene.CutsceneRoot:DestroyAssets()
FunPlus.WorldX.Cutscene.CutsceneInitializer:Dispose()
XLua.CSObjectWrap.FunPlusWorldXManagerCutsceneManagerWrap:_m_DestroyCutscene(IntPtr)
XLua.LuaFunction:Action(T1, T2, T3, T4, T5, T6, T7)
FunPlus.WorldX.Manager.LuaManager:CommonUpdate()
FunPlus.WorldX.AppFacade:UpdateAllManager()

[ line -1504784648]

[9500.9913][Error]|[lua][error][CommunicationSystem]	dialogueId = 0, 数据不存在! 反馈策划检查表配置 traceback:stack traceback:
	...uaScripts\GameApp\Communication\CommunicationSystem2.lua:257: in function '__resolveNpcDialog'
	...uaScripts\GameApp\Communication\CommunicationSystem2.lua:287: in function 'startNpcDialog'
	...blish\proj\p4dir\client\LuaScripts\Utils\ClientUtils.lua:425: in function <...blish\proj\p4dir\client\LuaScripts\Utils\ClientUtils.lua:424>	[[__resolveNpcDialog]     ...uaScripts\GameApp\Communication\CommunicationSystem2.lua:257]
FunPlus.WorldX.Utils.GameLog:SimpleLog(LogType, IntPtr, Int32)
FunPlus.WorldX.Utils.LuaUtils:LogForLua(Int32, IntPtr, Int32)
XLua.CSObjectWrap.FunPlusWorldXUtilsLuaUtilsWrap:_m_LogForLua_xlua_st_(IntPtr)
FunPlus.WorldX.Manager.LuaManager:CallLua(String, T1)
FlowCanvas.Nodes.WorldX.Common.<>c__DisplayClass1_0:<RegisterPorts>b__0(Flow)
FlowCanvas.<>c__DisplayClass1_0:<.ctor>b__0(Flow)
FlowCanvas.FlowOutput:Call(Flow)
FunPlus.WorldX.FlowCanvas.Nodes.WorldX.SandboxNodes.TriggerListenNode:OnEnter(Collider, DetectContext)
FunPlus.WorldX.GameApp.Sandbox.TriggerSB:OnTriggerEnter(Collider)
FunPlus.WorldX.AppFacade:FrameStart()

[9506.1099][Error]|[lua][error][CommunicationSystem]	dialogueId = 0, 数据不存在! 反馈策划检查表配置 traceback:stack traceback:
	...uaScripts\GameApp\Communication\CommunicationSystem2.lua:257: in function '__resolveNpcDialog'
	...uaScripts\GameApp\Communication\CommunicationSystem2.lua:287: in function 'startNpcDialog'
	...blish\proj\p4dir\client\LuaScripts\Utils\ClientUtils.lua:425: in function <...blish\proj\p4dir\client\LuaScripts\Utils\ClientUtils.lua:424>	[[__resolveNpcDialog]     ...uaScripts\GameApp\Communication\CommunicationSystem2.lua:257]
FunPlus.WorldX.Utils.GameLog:SimpleLog(LogType, IntPtr, Int32)
FunPlus.WorldX.Utils.LuaUtils:LogForLua(Int32, IntPtr, Int32)
XLua.CSObjectWrap.FunPlusWorldXUtilsLuaUtilsWrap:_m_LogForLua_xlua_st_(IntPtr)
FunPlus.WorldX.Manager.LuaManager:CallLua(String, T1)
FlowCanvas.Nodes.WorldX.Common.<>c__DisplayClass1_0:<RegisterPorts>b__0(Flow)
FlowCanvas.<>c__DisplayClass1_0:<.ctor>b__0(Flow)
FlowCanvas.FlowOutput:Call(Flow)
FunPlus.WorldX.FlowCanvas.Nodes.WorldX.SandboxNodes.TriggerListenNode:OnEnter(Collider, DetectContext)
FunPlus.WorldX.GameApp.Sandbox.TriggerSB:OnTriggerEnter(Collider)
FunPlus.WorldX.AppFacade:FrameStart()

[9569.2373][Error]|[lua][error][SafeCallback]	SafeCallback traceback occurred 
	...proj\p4dir\client\LuaScripts\Guis\Utils\UIStringPool.lua:10: bad argument #2 to 'format' (number expected, got nil)
stack traceback:
	[C]: in function 'format'
	...proj\p4dir\client\LuaScripts\Guis\Utils\UIStringPool.lua:10: in function 'getTwoDigitText'
	...s\Guis\Panels\HudV2\BaseComponent\PetListUIComponent.lua:561: in function 'refreshPetSupportSkillEpCost'
	...s\Guis\Panels\HudV2\BaseComponent\PetListUIComponent.lua:676: in function <...s\Guis\Panels\HudV2\BaseComponent\PetListUIComponent.lua:670>
	[C]: in function 'xpcall'
	...\p4dir\client\LuaScripts\Core\Framework\SafeCallback.lua:10: in function 'SafeCallback'
	...nPublish\proj\p4dir\client\LuaScripts\Guis\UIAdapter.lua:459: in function 'onMessage'
	...\proj\p4dir\client\LuaScripts\GameApp\Core\LuaFacade.lua:59: in function 'sendMsgToUI'
	...\proj\p4dir\client\LuaScripts\GameApp\Core\LuaFacade.lua:51: in function 'SendMessageCommand'
	...t\LuaScripts\Entities\SpaceEntities\ClientMainPlayer.lua:1319: in function <...t\LuaScripts\Entities\SpaceEntities\ClientMainPlayer.lua:1318>
	[C]: in function 'xpcall'
	...
	...cripts\Core\PropertySync\ClientRealPropertyComponent.lua:776: in function '__syncProperty__'
	...r\client\LuaScripts\Core\Client\GateClientRpcHandler.lua:414: in function <...r\client\LuaScripts\Core\Client\GateClientRpcHandler.lua:397>
	...proj\p4dir\client\LuaScripts\Core\Net\HandlerManager.lua:39: in function <...proj\p4dir\client\LuaScripts\Core\Net\HandlerManager.lua:27>
	[C]: in function 'pullIO'
	...lish\proj\p4dir\client\LuaScripts\Core\Net\Scheduler.lua:13: in function 'poll'
	...nPublish\proj\p4dir\client\LuaScripts\Network\Client.lua:399: in function <...nPublish\proj\p4dir\client\LuaScripts\Network\Client.lua:398>
	[C]: in function 'xpcall'
	...roj\p4dir\client\LuaScripts\Core\Framework\Exception.lua:39: in function 'try'
	...nPublish\proj\p4dir\client\LuaScripts\Network\Client.lua:369: in function 'update'
	...ce\XWinPublish\proj\p4dir\client\LuaScripts\Lib\Main.lua:84: in function <...ce\XWinPublish\proj\p4dir\client\LuaScripts\Lib\Main.lua:79>	[[SafeCallback]     ...\p4dir\client\LuaScripts\Core\Framework\SafeCallback.lua:13]
FunPlus.WorldX.Utils.GameLog:SimpleLog(LogType, IntPtr, Int32)
FunPlus.WorldX.Utils.LuaUtils:LogForLua(Int32, IntPtr, Int32)
XLua.CSObjectWrap.FunPlusWorldXUtilsLuaUtilsWrap:_m_LogForLua_xlua_st_(IntPtr)
XLua.LuaFunction:Action(T1, T2, T3, T4, T5, T6, T7)
FunPlus.WorldX.Manager.LuaManager:CommonUpdate()
FunPlus.WorldX.AppFacade:UpdateAllManager()

[9615.0708][Log]|[lua][info][2026-09-17 05:10:50.461224]	[info]	[PHONESTCORE_HOOK]	[0x28ed08260f0 connect to http://worldx-global-assets.oss-us-east-1.aliyuncs.com:443/eu/prod/ClientInfo/202000114279_client_info_bin?x-oss-credential=LTAI5tS3b81GXuYfXYtgJZ7J%2F20260917%2Fus-east-1%2Foss%2Faliyun_v4_request&x-oss-date=20260917T031050Z&x-oss-expires=300&x-oss-signature=f26b9dbbf47f1458d59a34719d9dee6b429ee35e43db36e425fe7a7569b37485&x-oss-signature-version=OSS4-HMAC-SHA256]	[HttpClient.cpp:38(phonestcore::HttpClient::connect)]
FunPlus.WorldX.Utils.GameLog:SimpleLog(LogType, IntPtr, Int32)
FunPlus.WorldX.Utils.LuaUtils:LogForLua(Int32, IntPtr, Int32)
XLua.CSObjectWrap.FunPlusWorldXUtilsLuaUtilsWrap:_m_LogForLua_xlua_st_(IntPtr)
XLua.LuaFunction:Action(T1, T2, T3, T4, T5, T6, T7)
FunPlus.WorldX.Manager.LuaManager:CommonUpdate()
FunPlus.WorldX.AppFacade:UpdateAllManager()

[9616.5250][Log]|[lua][info][2026-09-17 05:10:51.911916]	[info]	[PHONESTCORE_HOOK]	[0x28ed0826750 connect to http://priv-platform-yimoo-api.funplus.com:443/api/game/red-dot]	[HttpClient.cpp:38(phonestcore::HttpClient::connect)]
FunPlus.WorldX.Utils.GameLog:SimpleLog(LogType, IntPtr, Int32)
FunPlus.WorldX.Utils.LuaUtils:LogForLua(Int32, IntPtr, Int32)
XLua.CSObjectWrap.FunPlusWorldXUtilsLuaUtilsWrap:_m_LogForLua_xlua_st_(IntPtr)
XLua.LuaFunction:Action(T1, T2, T3, T4, T5, T6, T7)
FunPlus.WorldX.Manager.LuaManager:CommonUpdate()
FunPlus.WorldX.AppFacade:UpdateAllManager()

[9616.5251][Log]|[lua][info][2026-09-17 05:10:51.912329]	[info]	[PHONESTCORE_HOOK]	[0x28ed0825dc0 connect to http://announcement-web.funplus.com:443/api/announce/list]	[HttpClient.cpp:38(phonestcore::HttpClient::connect)]
FunPlus.WorldX.Utils.GameLog:SimpleLog(LogType, IntPtr, Int32)
FunPlus.WorldX.Utils.LuaUtils:LogForLua(Int32, IntPtr, Int32)
XLua.CSObjectWrap.FunPlusWorldXUtilsLuaUtilsWrap:_m_LogForLua_xlua_st_(IntPtr)
XLua.LuaFunction:Action(T1, T2, T3, T4, T5, T6, T7)
FunPlus.WorldX.Manager.LuaManager:CommonUpdate()
FunPlus.WorldX.AppFacade:UpdateAllManager()

[9618.4185][Exception]|NullReferenceException: Object reference not set to an instance of an object.
  at XGUI.Effect.UCurvedVertexEffect.ModifyMesh (UnityEngine.UI.VertexHelper vh) [0x00000] in <00000000000000000000000000000000>:0 
  at TMPro.TextMeshProUGUI.GenerateTextMesh () [0x00000] in <00000000000000000000000000000000>:0 
  at XGUI.SRenderer.TextPlus.GenerateTextMesh () [0x00000] in <00000000000000000000000000000000>:0 
  at TMPro.TextMeshProUGUI.OnPreRenderCanvas () [0x00000] in <00000000000000000000000000000000>:0 
  at XGUI.SRenderer.TextPlus.ForceMeshUpdate (System.Boolean ignoreActiveState, System.Boolean forceTextReparsing) [0x00000] in <00000000000000000000000000000000>:0 
  at XGUI.USDFText.SetHideByScale (System.Boolean value) [0x00000] in <00000000000000000000000000000000>:0 
  at XGUI.UWidget.RefreshHideByScaleSelf () [0x00000] in <00000000000000000000000000000000>:0 
  at XGUI.UWidget.OnEnable () [0x00000] in <00000000000000000000000000000000>:0 
  at XGUI.USDFText.OnEnable () [0x00000] in <00000000000000000000000000000000>:0 
  at XGUI.ExtensionMethod.SetUIParent (UnityEngine.Transform transform, UnityEngine.Transform parent) [0x00000] in <00000000000000000000000000000000>:0 
  at XGUI.RedDotMgr.SetRedDotTrans (UnityEngine.RectTransform rect, UnityEngine.Transform parent, XGUI.FRedDotData info) [0x00000] in <00000000000000000000000000000000>:0 
  at XGUI.RedDotMgr.TryGetFromPool (System.String key, UnityEngine.Transform parent, XGUI.UComponent& value, XGUI.FRedDotData customData) [0x00000] in <00000000000000000000000000000000>:0 
  at XGUI.UButton.SetUIRedDot (System.Boolean isShown, System.Int32 dotNum) [0x00000] in <00000000000000000000000000000000>:0 
  at XGUI.RedDotMgr+FRedDot.SetIsShown (System.Boolean value, System.Int32 dotNum) [0x00000] in <00000000000000000000000000000000>:0 
  at XGUI.RedDotMgr.CheckRefreshRedDotState (System.String treePath) [0x00000] in <00000000000000000000000000000000>:0 
  at XGUI.RedDotMgr.LuaSetPreViewRedDot (System.String treePath, XGUI.IRedDot widget, System.Func`1[TResult] refreshRedDot, System.Func`1[TResult] getDotNum) [0x00000] in <00000000000000000000000000000000>:0 
  at XLua.CSObjectWrap.XGUIRedDotMgrWrap._m_LuaSetPreViewRedDot_xlua_st_ (System.IntPtr L) [0x00000] in <00000000000000000000000000000000>:0 
  at XLua.DelegateBridge.__Gen_Delegate_Imp41 (XGUI.UButton p0, System.Int32 p1, XGUI.IListItem p2) [0x00000] in <00000000000000000000000000000000>:0 
  at XGUI.UList._OnRenderItem (XGUI.UButton button, System.Int32 index, XGUI.IListItem item) [0x00000] in <00000000000000000000000000000000>:0 
  at XGUI.UList.RefreshCommonList (System.Boolean noAnim) [0x00000] in <00000000000000000000000000000000>:0 
  at XGUI.UList.RefreshList (System.Boolean noAnim) [0x00000] in <00000000000000000000000000000000>:0 
  at XGUI.UList.SetList (System.Collections.Generic.List`1[T] itemData) [0x00000] in <00000000000000000000000000000000>:0 
  at XLua.CSObjectWrap.XGUIUListWrap._m_SetList (System.IntPtr L) [0x00000] in <00000000000000000000000000000000>:0 
  at XLua.DelegateBridge.Action[T1] (T1 p1) [0x00000] in <00000000000000000000000000000000>:0 
  at FunPlus.WorldX.Manager.UIManager.InstantiateUIViewRealCallback (UnityEngine.Object assetObj, System.Object userData, System.Single oldOpacity) [0x00000] in <00000000000000000000000000000000>:0 
  at FunPlus.WorldX.Manager.UIManager.DelayLoad (UnityEngine.Object assetObj, System.Object userData, System.Single oldOpacity) [0x00000] in <00000000000000000000000000000000>:0 
  at System.Threading.ExecutionContext.RunInternal (System.Threading.ExecutionContext executionContext, System.Threading.ContextCallback callback, System.Object state, System.Boolean preserveSyncCtx) [0x00000] in <00000000000000000000000000000000>:0 
  at System.Runtime.CompilerServices.AsyncMethodBuilderCore+MoveNextRunner.Run () [0x00000] in <00000000000000000000000000000000>:0 
  at Cysharp.Threading.Tasks.UniTask+DelayFramePromise.MoveNext () [0x00000] in <00000000000000000000000000000000>:0 
  at Cysharp.Threading.Tasks.Internal.PlayerLoopRunner.RunCore () [0x00000] in <00000000000000000000000000000000>:0 
XGUI.ExtensionMethod:SetUIParent(Transform, Transform)
XGUI.RedDotMgr:SetRedDotTrans(RectTransform, Transform, FRedDotData)
XGUI.RedDotMgr:TryGetFromPool(String, Transform, UComponent&, FRedDotData)
XGUI.UButton:SetUIRedDot(Boolean, Int32)
XGUI.FRedDot:SetIsShown(Boolean, Int32)
XGUI.RedDotMgr:CheckRefreshRedDotState(String)
XGUI.RedDotMgr:LuaSetPreViewRedDot(String, IRedDot, Func`1, Func`1)
XLua.CSObjectWrap.XGUIRedDotMgrWrap:_m_LuaSetPreViewRedDot_xlua_st_(IntPtr)
XLua.DelegateBridge:__Gen_Delegate_Imp41(UButton, Int32, IListItem)
XGUI.UList:_OnRenderItem(UButton, Int32, IListItem)
XGUI.UList:RefreshCommonList(Boolean)
XGUI.UList:RefreshList(Boolean)
XGUI.UList:SetList(List`1)
XLua.CSObjectWrap.XGUIUListWrap:_m_SetList(IntPtr)
XLua.DelegateBridge:Action(T1)
FunPlus.WorldX.Manager.UIManager:InstantiateUIViewRealCallback(Object, Object, Single)
FunPlus.WorldX.Manager.<DelayLoad>d__134:MoveNext()
System.Threading.ExecutionContext:RunInternal(ExecutionContext, ContextCallback, Object, Boolean)
System.Runtime.CompilerServices.MoveNextRunner:Run()
Cysharp.Threading.Tasks.DelayFramePromise:MoveNext()
Cysharp.Threading.Tasks.Internal.PlayerLoopRunner:RunCore()

[9618.5012][Exception]|NullReferenceException: Object reference not set to an instance of an object.
  at XGUI.Effect.UCurvedVertexEffect.ModifyMesh (UnityEngine.UI.VertexHelper vh) [0x00000] in <00000000000000000000000000000000>:0 
  at TMPro.TextMeshProUGUI.GenerateTextMesh () [0x00000] in <00000000000000000000000000000000>:0 
  at XGUI.SRenderer.TextPlus.GenerateTextMesh () [0x00000] in <00000000000000000000000000000000>:0 
  at TMPro.TextMeshProUGUI.OnPreRenderCanvas () [0x00000] in <00000000000000000000000000000000>:0 
  at TMPro.TextMeshProUGUI.Rebuild (UnityEngine.UI.CanvasUpdate update) [0x00000] in <00000000000000000000000000000000>:0 
  at UnityEngine.UI.CanvasUpdateRegistry.PerformUpdate () [0x00000] in <00000000000000000000000000000000>:0 
UnityEngine.Logger:LogException(Exception, Object)
UnityEngine.Debug:LogException(Exception, Object)
UnityEngine.UI.CanvasUpdateRegistry:PerformUpdate()

The referenced script on this Behaviour (Game Object '<null>') is missing!
Unloading 1 Unused Serialized files (Serialized files now loaded: 1417)
Unloading 28310 unused Assets to reduce memory usage. Loaded Objects now: 206504.
Total: 197.369400 ms (FindLiveObjects: 14.479800 ms CreateObjectMapping: 7.396800 ms MarkObjects: 140.848900 ms  DeleteObjects: 34.643600 ms)

Couldn't create a Convex Mesh from source mesh "SM_Rock_Mountain_04_CM_1160429538" within the maximum polygons limit (256). The partial hull will be used. Consider simplifying your mesh.
Couldn't create a Convex Mesh from source mesh "SM_LVIOT_Rock_Cliff_14_CM_-1344668994" within the maximum polygons limit (256). The partial hull will be used. Consider simplifying your mesh.
Couldn't create a Convex Mesh from source mesh "SM_Item_Tree_IrisJaponica_006_A_Collider_Capsule_2089390748" within the maximum polygons limit (256). The partial hull will be used. Consider simplifying your mesh.
Couldn't create a Convex Mesh from source mesh "SM_LVIOT_Rock_Cliff_16_CM_1806466034" within the maximum polygons limit (256). The partial hull will be used. Consider simplifying your mesh.
Couldn't create a Convex Mesh from source mesh "SM_Item_Tree_IrisJaponica_006_B_Collider_Capsule_1929271452" within the maximum polygons limit (256). The partial hull will be used. Consider simplifying your mesh.
Couldn't create a Convex Mesh from source mesh "SM_Item_Tree_IrisJaponica_006_D_Collider_Capsule_1953668124" within the maximum polygons limit (256). The partial hull will be used. Consider simplifying your mesh.
Couldn't create a Convex Mesh from source mesh "SM_Item_Tree_IrisJaponica_006_C_Collider_Capsule_-1191953380" within the maximum polygons limit (256). The partial hull will be used. Consider simplifying your mesh.
Couldn't create a Convex Mesh from source mesh "SM_Item_Tree_IrisJaponica_006_F_Collider_Capsule_-1123596388" within the maximum polygons limit (256). The partial hull will be used. Consider simplifying your mesh.
Couldn't create a Convex Mesh from source mesh "SM_Item_Tree_IrisJaponica_006_E_Collider_Capsule_-963477092" within the maximum polygons limit (256). The partial hull will be used. Consider simplifying your mesh.
Couldn't create a Convex Mesh from source mesh "SM_LVIOT_Rock_Cliff_15_CM_-1066913000" within the maximum polygons limit (256). The partial hull will be used. Consider simplifying your mesh.
Couldn't create a Convex Mesh from source mesh "SM_LVIOT_Rock_Cliff_22_CM_73182600" within the maximum polygons limit (256). The partial hull will be used. Consider simplifying your mesh.
Couldn't create a Convex Mesh from source mesh "SM_Rock_Mountain_05_CM_761466786" within the maximum polygons limit (256). The partial hull will be used. Consider simplifying your mesh.
Couldn't create a Convex Mesh from source mesh "SM_LVIOT_Build_FlowerVillage_Wndmill_001_A_Collider_Convex_Wood_-175679427" within the maximum polygons limit (256). The partial hull will be used. Consider simplifying your mesh.
Unloading 1 Unused Serialized files (Serialized files now loaded: 1404)
Unloading 835 unused Assets to reduce memory usage. Loaded Objects now: 181863.
Total: 177.677000 ms (FindLiveObjects: 10.726900 ms CreateObjectMapping: 5.639300 ms MarkObjects: 159.431800 ms  DeleteObjects: 1.878700 ms)

[9720.2139][Error]|[lua][error][SingleGuide]	限制时间内面板未显示结束清空引导	220000	220001	3	BIN DESIGN DATA TABLE:22559434	[[checkTick]     ...oj\p4dir\client\LuaScripts\GameApp\Guide\SingleGuide.lua:181]
FunPlus.WorldX.Utils.GameLog:SimpleLog(LogType, IntPtr, Int32)
FunPlus.WorldX.Utils.LuaUtils:LogForLua(Int32, IntPtr, Int32)
XLua.CSObjectWrap.FunPlusWorldXUtilsLuaUtilsWrap:_m_LogForLua_xlua_st_(IntPtr)
XLua.LuaFunction:Action(T1, T2, T3, T4, T5, T6, T7)
FunPlus.WorldX.Manager.LuaManager:CommonUpdate()
FunPlus.WorldX.AppFacade:UpdateAllManager()

[Physics.PhysX] QuickHullConvexHullLib::findSimplex: Simplex input points appers to be coplanar.
Failed to create Convex Mesh from source mesh "SM_LVIOT_Rock_Cliff_24_CM_-639351380". An internal unspecified error has occured that could mean the Quickhull algorithm found the input mesh topologically challenging. 
[9757.3992][Log]|[lua][info][2026-09-17 05:13:12.786386]	[info]	[PHONESTCORE_HOOK]	[0x28b68062f10 connect to http://priv-platform-yimoo-api.funplus.com:443/api/game/red-dot]	[HttpClient.cpp:38(phonestcore::HttpClient::connect)]
FunPlus.WorldX.Utils.GameLog:SimpleLog(LogType, IntPtr, Int32)
FunPlus.WorldX.Utils.LuaUtils:LogForLua(Int32, IntPtr, Int32)
XLua.CSObjectWrap.FunPlusWorldXUtilsLuaUtilsWrap:_m_LogForLua_xlua_st_(IntPtr)
XLua.LuaFunction:Action(T1, T2, T3, T4, T5, T6, T7)
FunPlus.WorldX.Manager.LuaManager:CommonUpdate()
FunPlus.WorldX.AppFacade:UpdateAllManager()

[9757.3993][Log]|[lua][info][2026-09-17 05:13:12.786817]	[info]	[PHONESTCORE_HOOK]	[0x28b68063bd0 connect to http://announcement-web.funplus.com:443/api/announce/list]	[HttpClient.cpp:38(phonestcore::HttpClient::connect)]
FunPlus.WorldX.Utils.GameLog:SimpleLog(LogType, IntPtr, Int32)
FunPlus.WorldX.Utils.LuaUtils:LogForLua(Int32, IntPtr, Int32)
XLua.CSObjectWrap.FunPlusWorldXUtilsLuaUtilsWrap:_m_LogForLua_xlua_st_(IntPtr)
XLua.LuaFunction:Action(T1, T2, T3, T4, T5, T6, T7)
FunPlus.WorldX.Manager.LuaManager:CommonUpdate()
FunPlus.WorldX.AppFacade:UpdateAllManager()

[9795.1593][Log]|[lua][info][2026-09-17 05:13:50.549676]	[info]	[PHONESTCORE_HOOK]	[0x2901b5f4ea0 connect to http://worldx-global-assets.oss-us-east-1.aliyuncs.com:443/eu/prod/ClientInfo/202000114279_client_info_bin?x-oss-credential=LTAI5tS3b81GXuYfXYtgJZ7J%2F20260917%2Fus-east-1%2Foss%2Faliyun_v4_request&x-oss-date=20260917T031350Z&x-oss-expires=300&x-oss-signature=edd94501cee2e07d13c976b91860088b788599b6f46f1b64d54db15df42984ca&x-oss-signature-version=OSS4-HMAC-SHA256]	[HttpClient.cpp:38(phonestcore::HttpClient::connect)]
FunPlus.WorldX.Utils.GameLog:SimpleLog(LogType, IntPtr, Int32)
FunPlus.WorldX.Utils.LuaUtils:LogForLua(Int32, IntPtr, Int32)
XLua.CSObjectWrap.FunPlusWorldXUtilsLuaUtilsWrap:_m_LogForLua_xlua_st_(IntPtr)
XLua.LuaFunction:Action(T1, T2, T3, T4, T5, T6, T7)
FunPlus.WorldX.Manager.LuaManager:CommonUpdate()
FunPlus.WorldX.AppFacade:UpdateAllManager()

The referenced script on this Behaviour (Game Object '<null>') is missing!
Couldn't create a Convex Mesh from source mesh "SM_Item_Props_ProceduralMeshCloud_15_CM_-682330211" within the maximum polygons limit (256). The partial hull will be used. Consider simplifying your mesh.
Couldn't create a Convex Mesh from source mesh "SM_Item_Props_ProceduralMeshCloud_16_CM_-631677419" within the maximum polygons limit (256). The partial hull will be used. Consider simplifying your mesh.
Couldn't create a Convex Mesh from source mesh "SM_Rock_Cliff_Beach_03_CM_-934479732" within the maximum polygons limit (256). The partial hull will be used. Consider simplifying your mesh.
Couldn't create a Convex Mesh from source mesh "SM_Rock_Cliff_Beach_01_CM_811127384" within the maximum polygons limit (256). The partial hull will be used. Consider simplifying your mesh.
Couldn't create a Convex Mesh from source mesh "SM_LVIOT_Tree_Iris_Eff_CM_619886536" within the maximum polygons limit (256). The partial hull will be used. Consider simplifying your mesh.
Unloading 1 Unused Serialized files (Serialized files now loaded: 1404)
Unloading 32506 unused Assets to reduce memory usage. Loaded Objects now: 156085.
Total: 186.228400 ms (FindLiveObjects: 11.297200 ms CreateObjectMapping: 5.640900 ms MarkObjects: 152.970100 ms  DeleteObjects: 16.320100 ms)

[9975.1766][Log]|[lua][info][2026-09-17 05:16:50.566935]	[info]	[PHONESTCORE_HOOK]	[0x28b68064bc0 connect to http://worldx-global-assets.oss-us-east-1.aliyuncs.com:443/eu/prod/ClientInfo/202000114279_client_info_bin?x-oss-credential=LTAI5tS3b81GXuYfXYtgJZ7J%2F20260917%2Fus-east-1%2Foss%2Faliyun_v4_request&x-oss-date=20260917T031650Z&x-oss-expires=300&x-oss-signature=bb86651f36882066510e623671b4ea6b81eaa46a13c2b63c15185ae58cead3ef&x-oss-signature-version=OSS4-HMAC-SHA256]	[HttpClient.cpp:38(phonestcore::HttpClient::connect)]
FunPlus.WorldX.Utils.GameLog:SimpleLog(LogType, IntPtr, Int32)
FunPlus.WorldX.Utils.LuaUtils:LogForLua(Int32, IntPtr, Int32)
XLua.CSObjectWrap.FunPlusWorldXUtilsLuaUtilsWrap:_m_LogForLua_xlua_st_(IntPtr)
XLua.LuaFunction:Action(T1, T2, T3, T4, T5, T6, T7)
FunPlus.WorldX.Manager.LuaManager:CommonUpdate()
FunPlus.WorldX.AppFacade:UpdateAllManager()

[10013.3465][Error]|[lua][error][SingleGuide]	限制时间内面板未显示结束清空引导	220000	220001	3	BIN DESIGN DATA TABLE:22559434	[[checkTick]     ...oj\p4dir\client\LuaScripts\GameApp\Guide\SingleGuide.lua:181]
FunPlus.WorldX.Utils.GameLog:SimpleLog(LogType, IntPtr, Int32)
FunPlus.WorldX.Utils.LuaUtils:LogForLua(Int32, IntPtr, Int32)
XLua.CSObjectWrap.FunPlusWorldXUtilsLuaUtilsWrap:_m_LogForLua_xlua_st_(IntPtr)
XLua.LuaFunction:Action(T1, T2, T3, T4, T5, T6, T7)
FunPlus.WorldX.Manager.LuaManager:CommonUpdate()
FunPlus.WorldX.AppFacade:UpdateAllManager()

[10133.0687][Error]|[lua][error][SingleGuide]	限制时间内面板未显示结束清空引导	220000	220001	3	BIN DESIGN DATA TABLE:22559434	[[checkTick]     ...oj\p4dir\client\LuaScripts\GameApp\Guide\SingleGuide.lua:181]
FunPlus.WorldX.Utils.GameLog:SimpleLog(LogType, IntPtr, Int32)
FunPlus.WorldX.Utils.LuaUtils:LogForLua(Int32, IntPtr, Int32)
XLua.CSObjectWrap.FunPlusWorldXUtilsLuaUtilsWrap:_m_LogForLua_xlua_st_(IntPtr)
XLua.LuaFunction:Action(T1, T2, T3, T4, T5, T6, T7)
FunPlus.WorldX.Manager.LuaManager:CommonUpdate()
FunPlus.WorldX.AppFacade:UpdateAllManager()

[10145.8699][Error]|[lua][error][SingleGuide]	限制时间内面板未显示结束清空引导	220000	220001	3	BIN DESIGN DATA TABLE:22559434	[[checkTick]     ...oj\p4dir\client\LuaScripts\GameApp\Guide\SingleGuide.lua:181]
FunPlus.WorldX.Utils.GameLog:SimpleLog(LogType, IntPtr, Int32)
FunPlus.WorldX.Utils.LuaUtils:LogForLua(Int32, IntPtr, Int32)
XLua.CSObjectWrap.FunPlusWorldXUtilsLuaUtilsWrap:_m_LogForLua_xlua_st_(IntPtr)
XLua.LuaFunction:Action(T1, T2, T3, T4, T5, T6, T7)
FunPlus.WorldX.Manager.LuaManager:CommonUpdate()
FunPlus.WorldX.AppFacade:UpdateAllManager()

[10155.2785][Log]|[lua][info][2026-09-17 05:19:50.668865]	[info]	[PHONESTCORE_HOOK]	[0x28fd3b956e0 connect to http://worldx-global-assets.oss-us-east-1.aliyuncs.com:443/eu/prod/ClientInfo/202000114279_client_info_bin?x-oss-credential=LTAI5tS3b81GXuYfXYtgJZ7J%2F20260917%2Fus-east-1%2Foss%2Faliyun_v4_request&x-oss-date=20260917T031950Z&x-oss-expires=300&x-oss-signature=d703a8b86352746a7c43f00420ce7b7b5ce707fbfbbb1631444d26941dcafe75&x-oss-signature-version=OSS4-HMAC-SHA256]	[HttpClient.cpp:38(phonestcore::HttpClient::connect)]
FunPlus.WorldX.Utils.GameLog:SimpleLog(LogType, IntPtr, Int32)
FunPlus.WorldX.Utils.LuaUtils:LogForLua(Int32, IntPtr, Int32)
XLua.CSObjectWrap.FunPlusWorldXUtilsLuaUtilsWrap:_m_LogForLua_xlua_st_(IntPtr)
XLua.LuaFunction:Action(T1, T2, T3, T4, T5, T6, T7)
FunPlus.WorldX.Manager.LuaManager:CommonUpdate()
FunPlus.WorldX.AppFacade:UpdateAllManager()

[10156.2682][Error]|[lua][error][GuideUtils]	找不到对应的聚焦组件 	BIN DESIGN DATA TABLE:22567607	[[]     ...ublish\proj\p4dir\client\LuaScripts\Utils\GuideUtils.lua:57]
FunPlus.WorldX.Utils.GameLog:SimpleLog(LogType, IntPtr, Int32)
FunPlus.WorldX.Utils.LuaUtils:LogForLua(Int32, IntPtr, Int32)
XLua.CSObjectWrap.FunPlusWorldXUtilsLuaUtilsWrap:_m_LogForLua_xlua_st_(IntPtr)
XLua.LuaFunction:Action(T1, T2, T3, T4, T5, T6, T7)
FunPlus.WorldX.Manager.LuaManager:CommonUpdate()
FunPlus.WorldX.AppFacade:UpdateAllManager()

[10156.3770][Error]|[lua][error][GuideUtils]	找不到对应的聚焦组件 	BIN DESIGN DATA TABLE:22567607	[[]     ...ublish\proj\p4dir\client\LuaScripts\Utils\GuideUtils.lua:57]
FunPlus.WorldX.Utils.GameLog:SimpleLog(LogType, IntPtr, Int32)
FunPlus.WorldX.Utils.LuaUtils:LogForLua(Int32, IntPtr, Int32)
XLua.CSObjectWrap.FunPlusWorldXUtilsLuaUtilsWrap:_m_LogForLua_xlua_st_(IntPtr)
XLua.LuaFunction:Action(T1, T2, T3, T4, T5, T6, T7)
FunPlus.WorldX.Manager.LuaManager:CommonUpdate()
FunPlus.WorldX.AppFacade:UpdateAllManager()

[10156.4693][Error]|[lua][error][GuideUtils]	找不到对应的聚焦组件 	BIN DESIGN DATA TABLE:22567607	[[]     ...ublish\proj\p4dir\client\LuaScripts\Utils\GuideUtils.lua:57]
FunPlus.WorldX.Utils.GameLog:SimpleLog(LogType, IntPtr, Int32)
FunPlus.WorldX.Utils.LuaUtils:LogForLua(Int32, IntPtr, Int32)
XLua.CSObjectWrap.FunPlusWorldXUtilsLuaUtilsWrap:_m_LogForLua_xlua_st_(IntPtr)
XLua.LuaFunction:Action(T1, T2, T3, T4, T5, T6, T7)
FunPlus.WorldX.Manager.LuaManager:CommonUpdate()
FunPlus.WorldX.AppFacade:UpdateAllManager()

[10156.5766][Error]|[lua][error][GuideUtils]	找不到对应的聚焦组件 	BIN DESIGN DATA TABLE:22567607	[[]     ...ublish\proj\p4dir\client\LuaScripts\Utils\GuideUtils.lua:57]
FunPlus.WorldX.Utils.GameLog:SimpleLog(LogType, IntPtr, Int32)
FunPlus.WorldX.Utils.LuaUtils:LogForLua(Int32, IntPtr, Int32)
XLua.CSObjectWrap.FunPlusWorldXUtilsLuaUtilsWrap:_m_LogForLua_xlua_st_(IntPtr)
XLua.LuaFunction:Action(T1, T2, T3, T4, T5, T6, T7)
FunPlus.WorldX.Manager.LuaManager:CommonUpdate()
FunPlus.WorldX.AppFacade:UpdateAllManager()

[10156.6745][Error]|[lua][error][GuideUtils]	找不到对应的聚焦组件 	BIN DESIGN DATA TABLE:22567607	[[]     ...ublish\proj\p4dir\client\LuaScripts\Utils\GuideUtils.lua:57]
FunPlus.WorldX.Utils.GameLog:SimpleLog(LogType, IntPtr, Int32)
FunPlus.WorldX.Utils.LuaUtils:LogForLua(Int32, IntPtr, Int32)
XLua.CSObjectWrap.FunPlusWorldXUtilsLuaUtilsWrap:_m_LogForLua_xlua_st_(IntPtr)
XLua.LuaFunction:Action(T1, T2, T3, T4, T5, T6, T7)
FunPlus.WorldX.Manager.LuaManager:CommonUpdate()
FunPlus.WorldX.AppFacade:UpdateAllManager()

[10156.7745][Error]|[lua][error][GuideUtils]	找不到对应的聚焦组件 	BIN DESIGN DATA TABLE:22567607	[[]     ...ublish\proj\p4dir\client\LuaScripts\Utils\GuideUtils.lua:57]
FunPlus.WorldX.Utils.GameLog:SimpleLog(LogType, IntPtr, Int32)
FunPlus.WorldX.Utils.LuaUtils:LogForLua(Int32, IntPtr, Int32)
XLua.CSObjectWrap.FunPlusWorldXUtilsLuaUtilsWrap:_m_LogForLua_xlua_st_(IntPtr)
XLua.LuaFunction:Action(T1, T2, T3, T4, T5, T6, T7)
FunPlus.WorldX.Manager.LuaManager:CommonUpdate()
FunPlus.WorldX.AppFacade:UpdateAllManager()

[10156.8732][Error]|[lua][error][GuideUtils]	找不到对应的聚焦组件 	BIN DESIGN DATA TABLE:22567607	[[]     ...ublish\proj\p4dir\client\LuaScripts\Utils\GuideUtils.lua:57]
FunPlus.WorldX.Utils.GameLog:SimpleLog(LogType, IntPtr, Int32)
FunPlus.WorldX.Utils.LuaUtils:LogForLua(Int32, IntPtr, Int32)
XLua.CSObjectWrap.FunPlusWorldXUtilsLuaUtilsWrap:_m_LogForLua_xlua_st_(IntPtr)
XLua.LuaFunction:Action(T1, T2, T3, T4, T5, T6, T7)
FunPlus.WorldX.Manager.LuaManager:CommonUpdate()
FunPlus.WorldX.AppFacade:UpdateAllManager()

[10156.9752][Error]|[lua][error][GuideUtils]	找不到对应的聚焦组件 	BIN DESIGN DATA TABLE:22567607	[[]     ...ublish\proj\p4dir\client\LuaScripts\Utils\GuideUtils.lua:57]
FunPlus.WorldX.Utils.GameLog:SimpleLog(LogType, IntPtr, Int32)
FunPlus.WorldX.Utils.LuaUtils:LogForLua(Int32, IntPtr, Int32)
XLua.CSObjectWrap.FunPlusWorldXUtilsLuaUtilsWrap:_m_LogForLua_xlua_st_(IntPtr)
XLua.LuaFunction:Action(T1, T2, T3, T4, T5, T6, T7)
FunPlus.WorldX.Manager.LuaManager:CommonUpdate()
FunPlus.WorldX.AppFacade:UpdateAllManager()

[10157.0748][Error]|[lua][error][GuideUtils]	找不到对应的聚焦组件 	BIN DESIGN DATA TABLE:22567607	[[]     ...ublish\proj\p4dir\client\LuaScripts\Utils\GuideUtils.lua:57]
FunPlus.WorldX.Utils.GameLog:SimpleLog(LogType, IntPtr, Int32)
FunPlus.WorldX.Utils.LuaUtils:LogForLua(Int32, IntPtr, Int32)
XLua.CSObjectWrap.FunPlusWorldXUtilsLuaUtilsWrap:_m_LogForLua_xlua_st_(IntPtr)
XLua.LuaFunction:Action(T1, T2, T3, T4, T5, T6, T7)
FunPlus.WorldX.Manager.LuaManager:CommonUpdate()
FunPlus.WorldX.AppFacade:UpdateAllManager()

[10157.1687][Error]|[lua][error][GuideUtils]	找不到对应的聚焦组件 	BIN DESIGN DATA TABLE:22567607	[[]     ...ublish\proj\p4dir\client\LuaScripts\Utils\GuideUtils.lua:57]
FunPlus.WorldX.Utils.GameLog:SimpleLog(LogType, IntPtr, Int32)
FunPlus.WorldX.Utils.LuaUtils:LogForLua(Int32, IntPtr, Int32)
XLua.CSObjectWrap.FunPlusWorldXUtilsLuaUtilsWrap:_m_LogForLua_xlua_st_(IntPtr)
XLua.LuaFunction:Action(T1, T2, T3, T4, T5, T6, T7)
FunPlus.WorldX.Manager.LuaManager:CommonUpdate()
FunPlus.WorldX.AppFacade:UpdateAllManager()

[10157.2750][Error]|[lua][error][GuideUtils]	找不到对应的聚焦组件 	BIN DESIGN DATA TABLE:22567607	[[]     ...ublish\proj\p4dir\client\LuaScripts\Utils\GuideUtils.lua:57]
FunPlus.WorldX.Utils.GameLog:SimpleLog(LogType, IntPtr, Int32)
FunPlus.WorldX.Utils.LuaUtils:LogForLua(Int32, IntPtr, Int32)
XLua.CSObjectWrap.FunPlusWorldXUtilsLuaUtilsWrap:_m_LogForLua_xlua_st_(IntPtr)
XLua.LuaFunction:Action(T1, T2, T3, T4, T5, T6, T7)
FunPlus.WorldX.Manager.LuaManager:CommonUpdate()
FunPlus.WorldX.AppFacade:UpdateAllManager()

[10157.3747][Error]|[lua][error][GuideUtils]	找不到对应的聚焦组件 	BIN DESIGN DATA TABLE:22567607	[[]     ...ublish\proj\p4dir\client\LuaScripts\Utils\GuideUtils.lua:57]
FunPlus.WorldX.Utils.GameLog:SimpleLog(LogType, IntPtr, Int32)
FunPlus.WorldX.Utils.LuaUtils:LogForLua(Int32, IntPtr, Int32)
XLua.CSObjectWrap.FunPlusWorldXUtilsLuaUtilsWrap:_m_LogForLua_xlua_st_(IntPtr)
XLua.LuaFunction:Action(T1, T2, T3, T4, T5, T6, T7)
FunPlus.WorldX.Manager.LuaManager:CommonUpdate()
FunPlus.WorldX.AppFacade:UpdateAllManager()

[10157.4686][Error]|[lua][error][GuideUtils]	找不到对应的聚焦组件 	BIN DESIGN DATA TABLE:22567607	[[]     ...ublish\proj\p4dir\client\LuaScripts\Utils\GuideUtils.lua:57]
FunPlus.WorldX.Utils.GameLog:SimpleLog(LogType, IntPtr, Int32)
FunPlus.WorldX.Utils.LuaUtils:LogForLua(Int32, IntPtr, Int32)
XLua.CSObjectWrap.FunPlusWorldXUtilsLuaUtilsWrap:_m_LogForLua_xlua_st_(IntPtr)
XLua.LuaFunction:Action(T1, T2, T3, T4, T5, T6, T7)
FunPlus.WorldX.Manager.LuaManager:CommonUpdate()
FunPlus.WorldX.AppFacade:UpdateAllManager()

[10157.5693][Error]|[lua][error][GuideUtils]	找不到对应的聚焦组件 	BIN DESIGN DATA TABLE:22567607	[[]     ...ublish\proj\p4dir\client\LuaScripts\Utils\GuideUtils.lua:57]
FunPlus.WorldX.Utils.GameLog:SimpleLog(LogType, IntPtr, Int32)
FunPlus.WorldX.Utils.LuaUtils:LogForLua(Int32, IntPtr, Int32)
XLua.CSObjectWrap.FunPlusWorldXUtilsLuaUtilsWrap:_m_LogForLua_xlua_st_(IntPtr)
XLua.LuaFunction:Action(T1, T2, T3, T4, T5, T6, T7)
FunPlus.WorldX.Manager.LuaManager:CommonUpdate()
FunPlus.WorldX.AppFacade:UpdateAllManager()

[10157.6715][Error]|[lua][error][GuideUtils]	找不到对应的聚焦组件 	BIN DESIGN DATA TABLE:22567607	[[]     ...ublish\proj\p4dir\client\LuaScripts\Utils\GuideUtils.lua:57]
FunPlus.WorldX.Utils.GameLog:SimpleLog(LogType, IntPtr, Int32)
FunPlus.WorldX.Utils.LuaUtils:LogForLua(Int32, IntPtr, Int32)
XLua.CSObjectWrap.FunPlusWorldXUtilsLuaUtilsWrap:_m_LogForLua_xlua_st_(IntPtr)
XLua.LuaFunction:Action(T1, T2, T3, T4, T5, T6, T7)
FunPlus.WorldX.Manager.LuaManager:CommonUpdate()
FunPlus.WorldX.AppFacade:UpdateAllManager()

[10157.7733][Error]|[lua][error][GuideUtils]	找不到对应的聚焦组件 	BIN DESIGN DATA TABLE:22567607	[[]     ...ublish\proj\p4dir\client\LuaScripts\Utils\GuideUtils.lua:57]
FunPlus.WorldX.Utils.GameLog:SimpleLog(LogType, IntPtr, Int32)
FunPlus.WorldX.Utils.LuaUtils:LogForLua(Int32, IntPtr, Int32)
XLua.CSObjectWrap.FunPlusWorldXUtilsLuaUtilsWrap:_m_LogForLua_xlua_st_(IntPtr)
XLua.LuaFunction:Action(T1, T2, T3, T4, T5, T6, T7)
FunPlus.WorldX.Manager.LuaManager:CommonUpdate()
FunPlus.WorldX.AppFacade:UpdateAllManager()

[10157.8714][Error]|[lua][error][GuideUtils]	找不到对应的聚焦组件 	BIN DESIGN DATA TABLE:22567607	[[]     ...ublish\proj\p4dir\client\LuaScripts\Utils\GuideUtils.lua:57]
FunPlus.WorldX.Utils.GameLog:SimpleLog(LogType, IntPtr, Int32)
FunPlus.WorldX.Utils.LuaUtils:LogForLua(Int32, IntPtr, Int32)
XLua.CSObjectWrap.FunPlusWorldXUtilsLuaUtilsWrap:_m_LogForLua_xlua_st_(IntPtr)
XLua.LuaFunction:Action(T1, T2, T3, T4, T5, T6, T7)
FunPlus.WorldX.Manager.LuaManager:CommonUpdate()
FunPlus.WorldX.AppFacade:UpdateAllManager()

[10157.9722][Error]|[lua][error][GuideUtils]	找不到对应的聚焦组件 	BIN DESIGN DATA TABLE:22567607	[[]     ...ublish\proj\p4dir\client\LuaScripts\Utils\GuideUtils.lua:57]
FunPlus.WorldX.Utils.GameLog:SimpleLog(LogType, IntPtr, Int32)
FunPlus.WorldX.Utils.LuaUtils:LogForLua(Int32, IntPtr, Int32)
XLua.CSObjectWrap.FunPlusWorldXUtilsLuaUtilsWrap:_m_LogForLua_xlua_st_(IntPtr)
XLua.LuaFunction:Action(T1, T2, T3, T4, T5, T6, T7)
FunPlus.WorldX.Manager.LuaManager:CommonUpdate()
FunPlus.WorldX.AppFacade:UpdateAllManager()

[10158.0675][Error]|[lua][error][GuideUtils]	找不到对应的聚焦组件 	BIN DESIGN DATA TABLE:22567607	[[]     ...ublish\proj\p4dir\client\LuaScripts\Utils\GuideUtils.lua:57]
FunPlus.WorldX.Utils.GameLog:SimpleLog(LogType, IntPtr, Int32)
FunPlus.WorldX.Utils.LuaUtils:LogForLua(Int32, IntPtr, Int32)
XLua.CSObjectWrap.FunPlusWorldXUtilsLuaUtilsWrap:_m_LogForLua_xlua_st_(IntPtr)
XLua.LuaFunction:Action(T1, T2, T3, T4, T5, T6, T7)
FunPlus.WorldX.Manager.LuaManager:CommonUpdate()
FunPlus.WorldX.AppFacade:UpdateAllManager()

[10158.1728][Error]|[lua][error][GuideUtils]	找不到对应的聚焦组件 	BIN DESIGN DATA TABLE:22567607	[[]     ...ublish\proj\p4dir\client\LuaScripts\Utils\GuideUtils.lua:57]
FunPlus.WorldX.Utils.GameLog:SimpleLog(LogType, IntPtr, Int32)
FunPlus.WorldX.Utils.LuaUtils:LogForLua(Int32, IntPtr, Int32)
XLua.CSObjectWrap.FunPlusWorldXUtilsLuaUtilsWrap:_m_LogForLua_xlua_st_(IntPtr)
XLua.LuaFunction:Action(T1, T2, T3, T4, T5, T6, T7)
FunPlus.WorldX.Manager.LuaManager:CommonUpdate()
FunPlus.WorldX.AppFacade:UpdateAllManager()

[10158.2714][Error]|[lua][error][GuideUtils]	找不到对应的聚焦组件 	BIN DESIGN DATA TABLE:22567607	[[]     ...ublish\proj\p4dir\client\LuaScripts\Utils\GuideUtils.lua:57]
FunPlus.WorldX.Utils.GameLog:SimpleLog(LogType, IntPtr, Int32)
FunPlus.WorldX.Utils.LuaUtils:LogForLua(Int32, IntPtr, Int32)
XLua.CSObjectWrap.FunPlusWorldXUtilsLuaUtilsWrap:_m_LogForLua_xlua_st_(IntPtr)
XLua.LuaFunction:Action(T1, T2, T3, T4, T5, T6, T7)
FunPlus.WorldX.Manager.LuaManager:CommonUpdate()
FunPlus.WorldX.AppFacade:UpdateAllManager()

[10158.3717][Error]|[lua][error][GuideUtils]	找不到对应的聚焦组件 	BIN DESIGN DATA TABLE:22567607	[[]     ...ublish\proj\p4dir\client\LuaScripts\Utils\GuideUtils.lua:57]
FunPlus.WorldX.Utils.GameLog:SimpleLog(LogType, IntPtr, Int32)
FunPlus.WorldX.Utils.LuaUtils:LogForLua(Int32, IntPtr, Int32)
XLua.CSObjectWrap.FunPlusWorldXUtilsLuaUtilsWrap:_m_LogForLua_xlua_st_(IntPtr)
XLua.LuaFunction:Action(T1, T2, T3, T4, T5, T6, T7)
FunPlus.WorldX.Manager.LuaManager:CommonUpdate()
FunPlus.WorldX.AppFacade:UpdateAllManager()

[10158.4695][Error]|[lua][error][GuideUtils]	找不到对应的聚焦组件 	BIN DESIGN DATA TABLE:22567607	[[]     ...ublish\proj\p4dir\client\LuaScripts\Utils\GuideUtils.lua:57]
FunPlus.WorldX.Utils.GameLog:SimpleLog(LogType, IntPtr, Int32)
FunPlus.WorldX.Utils.LuaUtils:LogForLua(Int32, IntPtr, Int32)
XLua.CSObjectWrap.FunPlusWorldXUtilsLuaUtilsWrap:_m_LogForLua_xlua_st_(IntPtr)
XLua.LuaFunction:Action(T1, T2, T3, T4, T5, T6, T7)
FunPlus.WorldX.Manager.LuaManager:CommonUpdate()
FunPlus.WorldX.AppFacade:UpdateAllManager()

[10158.5729][Error]|[lua][error][GuideUtils]	找不到对应的聚焦组件 	BIN DESIGN DATA TABLE:22567607	[[]     ...ublish\proj\p4dir\client\LuaScripts\Utils\GuideUtils.lua:57]
FunPlus.WorldX.Utils.GameLog:SimpleLog(LogType, IntPtr, Int32)
FunPlus.WorldX.Utils.LuaUtils:LogForLua(Int32, IntPtr, Int32)
XLua.CSObjectWrap.FunPlusWorldXUtilsLuaUtilsWrap:_m_LogForLua_xlua_st_(IntPtr)
XLua.LuaFunction:Action(T1, T2, T3, T4, T5, T6, T7)
FunPlus.WorldX.Manager.LuaManager:CommonUpdate()
FunPlus.WorldX.AppFacade:UpdateAllManager()

[10158.6670][Error]|[lua][error][GuideUtils]	找不到对应的聚焦组件 	BIN DESIGN DATA TABLE:22567607	[[]     ...ublish\proj\p4dir\client\LuaScripts\Utils\GuideUtils.lua:57]
FunPlus.WorldX.Utils.GameLog:SimpleLog(LogType, IntPtr, Int32)
FunPlus.WorldX.Utils.LuaUtils:LogForLua(Int32, IntPtr, Int32)
XLua.CSObjectWrap.FunPlusWorldXUtilsLuaUtilsWrap:_m_LogForLua_xlua_st_(IntPtr)
XLua.LuaFunction:Action(T1, T2, T3, T4, T5, T6, T7)
FunPlus.WorldX.Manager.LuaManager:CommonUpdate()
FunPlus.WorldX.AppFacade:UpdateAllManager()

[10158.7714][Error]|[lua][error][GuideUtils]	找不到对应的聚焦组件 	BIN DESIGN DATA TABLE:22567607	[[]     ...ublish\proj\p4dir\client\LuaScripts\Utils\GuideUtils.lua:57]
FunPlus.WorldX.Utils.GameLog:SimpleLog(LogType, IntPtr, Int32)
FunPlus.WorldX.Utils.LuaUtils:LogForLua(Int32, IntPtr, Int32)
XLua.CSObjectWrap.FunPlusWorldXUtilsLuaUtilsWrap:_m_LogForLua_xlua_st_(IntPtr)
XLua.LuaFunction:Action(T1, T2, T3, T4, T5, T6, T7)
FunPlus.WorldX.Manager.LuaManager:CommonUpdate()
FunPlus.WorldX.AppFacade:UpdateAllManager()

[10158.8692][Error]|[lua][error][GuideUtils]	找不到对应的聚焦组件 	BIN DESIGN DATA TABLE:22567607	[[]     ...ublish\proj\p4dir\client\LuaScripts\Utils\GuideUtils.lua:57]
FunPlus.WorldX.Utils.GameLog:SimpleLog(LogType, IntPtr, Int32)
FunPlus.WorldX.Utils.LuaUtils:LogForLua(Int32, IntPtr, Int32)
XLua.CSObjectWrap.FunPlusWorldXUtilsLuaUtilsWrap:_m_LogForLua_xlua_st_(IntPtr)
XLua.LuaFunction:Action(T1, T2, T3, T4, T5, T6, T7)
FunPlus.WorldX.Manager.LuaManager:CommonUpdate()
FunPlus.WorldX.AppFacade:UpdateAllManager()

[10158.9763][Error]|[lua][error][GuideUtils]	找不到对应的聚焦组件 	BIN DESIGN DATA TABLE:22567607	[[]     ...ublish\proj\p4dir\client\LuaScripts\Utils\GuideUtils.lua:57]
FunPlus.WorldX.Utils.GameLog:SimpleLog(LogType, IntPtr, Int32)
FunPlus.WorldX.Utils.LuaUtils:LogForLua(Int32, IntPtr, Int32)
XLua.CSObjectWrap.FunPlusWorldXUtilsLuaUtilsWrap:_m_LogForLua_xlua_st_(IntPtr)
XLua.LuaFunction:Action(T1, T2, T3, T4, T5, T6, T7)
FunPlus.WorldX.Manager.LuaManager:CommonUpdate()
FunPlus.WorldX.AppFacade:UpdateAllManager()

[10159.0683][Error]|[lua][error][GuideUtils]	找不到对应的聚焦组件 	BIN DESIGN DATA TABLE:22567607	[[]     ...ublish\proj\p4dir\client\LuaScripts\Utils\GuideUtils.lua:57]
FunPlus.WorldX.Utils.GameLog:SimpleLog(LogType, IntPtr, Int32)
FunPlus.WorldX.Utils.LuaUtils:LogForLua(Int32, IntPtr, Int32)
XLua.CSObjectWrap.FunPlusWorldXUtilsLuaUtilsWrap:_m_LogForLua_xlua_st_(IntPtr)
XLua.LuaFunction:Action(T1, T2, T3, T4, T5, T6, T7)
FunPlus.WorldX.Manager.LuaManager:CommonUpdate()
FunPlus.WorldX.AppFacade:UpdateAllManager()

[10159.1710][Error]|[lua][error][GuideUtils]	找不到对应的聚焦组件 	BIN DESIGN DATA TABLE:22567607	[[]     ...ublish\proj\p4dir\client\LuaScripts\Utils\GuideUtils.lua:57]
FunPlus.WorldX.Utils.GameLog:SimpleLog(LogType, IntPtr, Int32)
FunPlus.WorldX.Utils.LuaUtils:LogForLua(Int32, IntPtr, Int32)
XLua.CSObjectWrap.FunPlusWorldXUtilsLuaUtilsWrap:_m_LogForLua_xlua_st_(IntPtr)
XLua.LuaFunction:Action(T1, T2, T3, T4, T5, T6, T7)
FunPlus.WorldX.Manager.LuaManager:CommonUpdate()
FunPlus.WorldX.AppFacade:UpdateAllManager()

[10159.2720][Error]|[lua][error][GuideUtils]	找不到对应的聚焦组件 	BIN DESIGN DATA TABLE:22567607	[[]     ...ublish\proj\p4dir\client\LuaScripts\Utils\GuideUtils.lua:57]
FunPlus.WorldX.Utils.GameLog:SimpleLog(LogType, IntPtr, Int32)
FunPlus.WorldX.Utils.LuaUtils:LogForLua(Int32, IntPtr, Int32)
XLua.CSObjectWrap.FunPlusWorldXUtilsLuaUtilsWrap:_m_LogForLua_xlua_st_(IntPtr)
XLua.LuaFunction:Action(T1, T2, T3, T4, T5, T6, T7)
FunPlus.WorldX.Manager.LuaManager:CommonUpdate()
FunPlus.WorldX.AppFacade:UpdateAllManager()

[10159.2723][Error]|[lua][error][SingleGuide]	限制时间内面板未显示结束清空引导	220000	220002	3	BIN DESIGN DATA TABLE:22587379	[[checkTick]     ...oj\p4dir\client\LuaScripts\GameApp\Guide\SingleGuide.lua:181]
FunPlus.WorldX.Utils.GameLog:SimpleLog(LogType, IntPtr, Int32)
FunPlus.WorldX.Utils.LuaUtils:LogForLua(Int32, IntPtr, Int32)
XLua.CSObjectWrap.FunPlusWorldXUtilsLuaUtilsWrap:_m_LogForLua_xlua_st_(IntPtr)
XLua.LuaFunction:Action(T1, T2, T3, T4, T5, T6, T7)
FunPlus.WorldX.Manager.LuaManager:CommonUpdate()
FunPlus.WorldX.AppFacade:UpdateAllManager()

[10196.1146][Error]|[ClimbOnState]无法找到合适的攀爬起点，请记录该坐标'(-274.56, 82.29, 1131.09)'发送给程序
UnityEngine.Logger:Log(LogType, Object, Object)
UnityEngine.Debug:LogError(Object, Object)
FunPlus.WorldX.Utils.GameLog:LogError(Object, Object)
FunPlus.WorldX.Entities.Components.MotionComponent:JumpOnWall(Boolean, PlayableState)
FunPlus.WorldX.FSM.Parmon.ClimbOnState:OnEnter(ParmonStateMachineContext)
FunPlus.WorldX.FSM.CharacterState`2:Enter(TContext)
FunPlus.WorldX.FSM.CharacterMachine`2:ChangeToState(EStateId, TContext)
FunPlus.WorldX.FSM.CharacterMachine`2:Enter(TContext)
FunPlus.WorldX.FSM.CharacterMachine`2:ChangeToState(EStateId, TContext)
FunPlus.WorldX.FSM.CharacterMachine`2:SetToAnyStateInternal(TContext, EStateId, Boolean, Boolean, Boolean&)
FunPlus.WorldX.FSM.CharacterMachine`2:SetToAnyState(TContext, EStateId, Boolean)
FunPlus.WorldX.FSM.RootCharacterMachine`2:StartInternal(TContext, EStateId, Boolean, Boolean)
FunPlus.WorldX.Entities.Components.CharacterControllerComponent:SetControllerMachine(String, Int32)
XLua.CSObjectWrap.FunPlusWorldXEntitiesEntityWrap:_ec_FunPlusWorldXEntitiesComponentsCharacterControllerComponent_m_SetControllerMachine(IntPtr)
XLua.CSObjectWrap.FunPlusWorldXEntitiesEntityWrap:_em_SetControllerMachine(IntPtr)
XLua.LuaFunction:Func(T1, T2, T3, T4)
FunPlus.WorldX.Entities.Components.CharacterControllerComponent:TryAutoSwitch(Int32, String, Boolean)
FunPlus.WorldX.Entities.Components.CharacterControllerComponent:CommonUpdate()
FunPlus.WorldX.Entities.EntityBase:CommonUpdate()
FunPlus.WorldX.Entities.Entity:CommonUpdate()
FunPlus.WorldX.Manager.EntityManager:CommonUpdate()
FunPlus.WorldX.AppFacade:UpdateAllManager()

[10196.6435][Error]|[ClimbOnState]无法找到合适的攀爬起点，请记录该坐标'(-274.56, 82.27, 1131.07)'发送给程序
UnityEngine.Logger:Log(LogType, Object, Object)
UnityEngine.Debug:LogError(Object, Object)
FunPlus.WorldX.Utils.GameLog:LogError(Object, Object)
FunPlus.WorldX.Entities.Components.MotionComponent:JumpOnWall(Boolean, PlayableState)
FunPlus.WorldX.FSM.Parmon.ClimbOnState:OnEnter(ParmonStateMachineContext)
FunPlus.WorldX.FSM.CharacterState`2:Enter(TContext)
FunPlus.WorldX.FSM.CharacterMachine`2:ChangeToState(EStateId, TContext)
FunPlus.WorldX.FSM.CharacterMachine`2:Enter(TContext)
FunPlus.WorldX.FSM.CharacterMachine`2:ChangeToState(EStateId, TContext)
FunPlus.WorldX.FSM.CharacterMachine`2:SetToAnyStateInternal(TContext, EStateId, Boolean, Boolean, Boolean&)
FunPlus.WorldX.FSM.CharacterMachine`2:SetToAnyState(TContext, EStateId, Boolean)
FunPlus.WorldX.Entities.Components.CharacterControllerComponent:TryAutoSwitch(Int32, String, Boolean)
FunPlus.WorldX.Entities.Components.CharacterControllerComponent:CommonUpdate()
FunPlus.WorldX.Entities.EntityBase:CommonUpdate()
FunPlus.WorldX.Entities.Entity:CommonUpdate()
FunPlus.WorldX.Manager.EntityManager:CommonUpdate()
FunPlus.WorldX.AppFacade:UpdateAllManager()

[10335.0444][Log]|[lua][info][2026-09-17 05:22:50.434766]	[info]	[PHONESTCORE_HOOK]	[0x28da0245c60 connect to http://worldx-global-assets.oss-us-east-1.aliyuncs.com:443/eu/prod/ClientInfo/202000114279_client_info_bin?x-oss-credential=LTAI5tS3b81GXuYfXYtgJZ7J%2F20260917%2Fus-east-1%2Foss%2Faliyun_v4_request&x-oss-date=20260917T032250Z&x-oss-expires=300&x-oss-signature=02e06b03d4295a06647dbf920ed99ac59ba6e84c204c8ea4cb699fbb4de99fb5&x-oss-signature-version=OSS4-HMAC-SHA256]	[HttpClient.cpp:38(phonestcore::HttpClient::connect)]
FunPlus.WorldX.Utils.GameLog:SimpleLog(LogType, IntPtr, Int32)
FunPlus.WorldX.Utils.LuaUtils:LogForLua(Int32, IntPtr, Int32)
XLua.CSObjectWrap.FunPlusWorldXUtilsLuaUtilsWrap:_m_LogForLua_xlua_st_(IntPtr)
XLua.LuaFunction:Action(T1, T2, T3, T4, T5, T6, T7)
FunPlus.WorldX.Manager.LuaManager:CommonUpdate()
FunPlus.WorldX.AppFacade:UpdateAllManager()

[10335.3601][Log]|[lua][info][2026-09-17 05:22:50.750460]	[info]	[PHONESTCORE_HOOK]	[0x28f2016df10 connect to http://worldx-global-assets.oss-us-east-1.aliyuncs.com:443/eu/prod/ClientInfo/202000114279_client_info_bin?x-oss-credential=LTAI5tS3b81GXuYfXYtgJZ7J%2F20260917%2Fus-east-1%2Foss%2Faliyun_v4_request&x-oss-date=20260917T032250Z&x-oss-expires=300&x-oss-signature=02e06b03d4295a06647dbf920ed99ac59ba6e84c204c8ea4cb699fbb4de99fb5&x-oss-signature-version=OSS4-HMAC-SHA256]	[HttpClient.cpp:38(phonestcore::HttpClient::connect)]
FunPlus.WorldX.Utils.GameLog:SimpleLog(LogType, IntPtr, Int32)
FunPlus.WorldX.Utils.LuaUtils:LogForLua(Int32, IntPtr, Int32)
XLua.CSObjectWrap.FunPlusWorldXUtilsLuaUtilsWrap:_m_LogForLua_xlua_st_(IntPtr)
XLua.LuaFunction:Action(T1, T2, T3, T4, T5, T6, T7)
FunPlus.WorldX.Manager.LuaManager:CommonUpdate()
FunPlus.WorldX.AppFacade:UpdateAllManager()

[10459.6607][Error]|Reset switch state failed, switchGroupId:1230601154, switchStateId:3008040947
UnityEngine.Logger:Log(LogType, Object, Object)
UnityEngine.Debug:LogError(Object, Object)
FunPlus.WorldX.Utils.GameLog:LogError(Object, Object)
FunPlus.WorldX.Audio.RefSoundPlayer:OnRecycle(IReadOnlyDictionary`2)
FunPlus.WorldX.Manager.AudioManager:ReleaseAudioEmitter(GameObject)
FunPlus.WorldX.Entities.EntityBase:ReleaseAudioEmitter(GameObject)
FunPlus.WorldX.Entities.EntityBase:OnDestroy()
FunPlus.WorldX.Manager.EntityManager:DestroyEModel(Entity)
XLua.CSObjectWrap.FunPlusWorldXManagerEntityManagerWrap:_m_DestroyEModel(IntPtr)
XLua.LuaFunction:Func(T1, T2)
FunPlus.WorldX.Cutscene.CutsceneItem:CmdLua(String, Object[])
FunPlus.WorldX.Cutscene.CutsceneRoot:DestroyAssets()
FunPlus.WorldX.Cutscene.CutsceneInitializer:Dispose()
XLua.CSObjectWrap.FunPlusWorldXManagerCutsceneManagerWrap:_m_DestroyCutscene(IntPtr)
XLua.LuaFunction:Action()
FunPlus.WorldX.Manager.LuaManager:CallLua(String)
FunPlus.WorldX.GlobalUpdater:OnQuit()
UnityEngine.Application:Internal_ApplicationQuit()

[10459.6644][Error]|Reset switch state failed, switchGroupId:1230601154, switchStateId:3008040947
UnityEngine.Logger:Log(LogType, Object, Object)
UnityEngine.Debug:LogError(Object, Object)
FunPlus.WorldX.Utils.GameLog:LogError(Object, Object)
FunPlus.WorldX.Audio.RefSoundPlayer:OnRecycle(IReadOnlyDictionary`2)
FunPlus.WorldX.Manager.AudioManager:ReleaseAudioEmitter(GameObject)
FunPlus.WorldX.Entities.EntityBase:ReleaseAudioEmitter(GameObject)
FunPlus.WorldX.Entities.EntityBase:OnDestroy()
FunPlus.WorldX.Manager.EntityManager:DestroyEModel(Entity)
XLua.CSObjectWrap.FunPlusWorldXManagerEntityManagerWrap:_m_DestroyEModel(IntPtr)
XLua.LuaFunction:Action()
FunPlus.WorldX.Manager.LuaManager:CallLua(String)
FunPlus.WorldX.GlobalUpdater:OnQuit()
UnityEngine.Application:Internal_ApplicationQuit()

[10459.6652][Error]|Reset switch state failed, switchGroupId:1230601154, switchStateId:3008040947
UnityEngine.Logger:Log(LogType, Object, Object)
UnityEngine.Debug:LogError(Object, Object)
FunPlus.WorldX.Utils.GameLog:LogError(Object, Object)
FunPlus.WorldX.Audio.RefSoundPlayer:OnRecycle(IReadOnlyDictionary`2)
FunPlus.WorldX.Manager.AudioManager:ReleaseAudioEmitter(GameObject)
FunPlus.WorldX.Entities.EntityBase:ReleaseAudioEmitter(GameObject)
FunPlus.WorldX.Entities.EntityBase:OnDestroy()
FunPlus.WorldX.Manager.EntityManager:DestroyEModel(Entity)
XLua.CSObjectWrap.FunPlusWorldXManagerEntityManagerWrap:_m_DestroyEModel(IntPtr)
XLua.LuaFunction:Action()
FunPlus.WorldX.Manager.LuaManager:CallLua(String)
FunPlus.WorldX.GlobalUpdater:OnQuit()
UnityEngine.Application:Internal_ApplicationQuit()

[10459.6657][Error]|Reset switch state failed, switchGroupId:1230601154, switchStateId:3008040947
UnityEngine.Logger:Log(LogType, Object, Object)
UnityEngine.Debug:LogError(Object, Object)
FunPlus.WorldX.Utils.GameLog:LogError(Object, Object)
FunPlus.WorldX.Audio.RefSoundPlayer:OnRecycle(IReadOnlyDictionary`2)
FunPlus.WorldX.Manager.AudioManager:ReleaseAudioEmitter(GameObject)
FunPlus.WorldX.Entities.EntityBase:ReleaseAudioEmitter(GameObject)
FunPlus.WorldX.Entities.EntityBase:OnDestroy()
FunPlus.WorldX.Manager.EntityManager:DestroyEModel(Entity)
XLua.CSObjectWrap.FunPlusWorldXManagerEntityManagerWrap:_m_DestroyEModel(IntPtr)
XLua.LuaFunction:Action()
FunPlus.WorldX.Manager.LuaManager:CallLua(String)
FunPlus.WorldX.GlobalUpdater:OnQuit()
UnityEngine.Application:Internal_ApplicationQuit()

[10459.6665][Error]|Reset switch state failed, switchGroupId:1230601154, switchStateId:3008040947
UnityEngine.Logger:Log(LogType, Object, Object)
UnityEngine.Debug:LogError(Object, Object)
FunPlus.WorldX.Utils.GameLog:LogError(Object, Object)
FunPlus.WorldX.Audio.RefSoundPlayer:OnRecycle(IReadOnlyDictionary`2)
FunPlus.WorldX.Manager.AudioManager:ReleaseAudioEmitter(GameObject)
FunPlus.WorldX.Entities.EntityBase:ReleaseAudioEmitter(GameObject)
FunPlus.WorldX.Entities.EntityBase:OnDestroy()
FunPlus.WorldX.Manager.EntityManager:DestroyEModel(Entity)
XLua.CSObjectWrap.FunPlusWorldXManagerEntityManagerWrap:_m_DestroyEModel(IntPtr)
XLua.LuaFunction:Action()
FunPlus.WorldX.Manager.LuaManager:CallLua(String)
FunPlus.WorldX.GlobalUpdater:OnQuit()
UnityEngine.Application:Internal_ApplicationQuit()

[10459.6672][Error]|Reset switch state failed, switchGroupId:1230601154, switchStateId:3008040947
UnityEngine.Logger:Log(LogType, Object, Object)
UnityEngine.Debug:LogError(Object, Object)
FunPlus.WorldX.Utils.GameLog:LogError(Object, Object)
FunPlus.WorldX.Audio.RefSoundPlayer:OnRecycle(IReadOnlyDictionary`2)
FunPlus.WorldX.Manager.AudioManager:ReleaseAudioEmitter(GameObject)
FunPlus.WorldX.Entities.EntityBase:ReleaseAudioEmitter(GameObject)
FunPlus.WorldX.Entities.EntityBase:OnDestroy()
FunPlus.WorldX.Manager.EntityManager:DestroyEModel(Entity)
XLua.CSObjectWrap.FunPlusWorldXManagerEntityManagerWrap:_m_DestroyEModel(IntPtr)
XLua.LuaFunction:Action()
FunPlus.WorldX.Manager.LuaManager:CallLua(String)
FunPlus.WorldX.GlobalUpdater:OnQuit()
UnityEngine.Application:Internal_ApplicationQuit()

[10459.6679][Error]|Reset switch state failed, switchGroupId:1230601154, switchStateId:3008040947
UnityEngine.Logger:Log(LogType, Object, Object)
UnityEngine.Debug:LogError(Object, Object)
FunPlus.WorldX.Utils.GameLog:LogError(Object, Object)
FunPlus.WorldX.Audio.RefSoundPlayer:OnRecycle(IReadOnlyDictionary`2)
FunPlus.WorldX.Manager.AudioManager:ReleaseAudioEmitter(GameObject)
FunPlus.WorldX.Entities.EntityBase:ReleaseAudioEmitter(GameObject)
FunPlus.WorldX.Entities.EntityBase:OnDestroy()
FunPlus.WorldX.Manager.EntityManager:DestroyEModel(Entity)
XLua.CSObjectWrap.FunPlusWorldXManagerEntityManagerWrap:_m_DestroyEModel(IntPtr)
XLua.LuaFunction:Action()
FunPlus.WorldX.Manager.LuaManager:CallLua(String)
FunPlus.WorldX.GlobalUpdater:OnQuit()
UnityEngine.Application:Internal_ApplicationQuit()

[10459.6688][Error]|Reset switch state failed, switchGroupId:1230601154, switchStateId:3008040947
UnityEngine.Logger:Log(LogType, Object, Object)
UnityEngine.Debug:LogError(Object, Object)
FunPlus.WorldX.Utils.GameLog:LogError(Object, Object)
FunPlus.WorldX.Audio.RefSoundPlayer:OnRecycle(IReadOnlyDictionary`2)
FunPlus.WorldX.Manager.AudioManager:ReleaseAudioEmitter(GameObject)
FunPlus.WorldX.Entities.EntityBase:ReleaseAudioEmitter(GameObject)
FunPlus.WorldX.Entities.EntityBase:OnDestroy()
FunPlus.WorldX.Manager.EntityManager:DestroyEModel(Entity)
XLua.CSObjectWrap.FunPlusWorldXManagerEntityManagerWrap:_m_DestroyEModel(IntPtr)
XLua.LuaFunction:Action()
FunPlus.WorldX.Manager.LuaManager:CallLua(String)
FunPlus.WorldX.GlobalUpdater:OnQuit()
UnityEngine.Application:Internal_ApplicationQuit()

[10459.6702][Error]|Reset switch state failed, switchGroupId:1230601154, switchStateId:3008040947
UnityEngine.Logger:Log(LogType, Object, Object)
UnityEngine.Debug:LogError(Object, Object)
FunPlus.WorldX.Utils.GameLog:LogError(Object, Object)
FunPlus.WorldX.Audio.RefSoundPlayer:OnRecycle(IReadOnlyDictionary`2)
FunPlus.WorldX.Manager.AudioManager:ReleaseAudioEmitter(GameObject)
FunPlus.WorldX.Entities.EntityBase:ReleaseAudioEmitter(GameObject)
FunPlus.WorldX.Entities.EntityBase:OnDestroy()
FunPlus.WorldX.Manager.EntityManager:DestroyEModel(Entity)
XLua.CSObjectWrap.FunPlusWorldXManagerEntityManagerWrap:_m_DestroyEModel(IntPtr)
XLua.LuaFunction:Action()
FunPlus.WorldX.Manager.LuaManager:CallLua(String)
FunPlus.WorldX.GlobalUpdater:OnQuit()
UnityEngine.Application:Internal_ApplicationQuit()

[10459.6711][Error]|Reset switch state failed, switchGroupId:1230601154, switchStateId:3008040947
UnityEngine.Logger:Log(LogType, Object, Object)
UnityEngine.Debug:LogError(Object, Object)
FunPlus.WorldX.Utils.GameLog:LogError(Object, Object)
FunPlus.WorldX.Audio.RefSoundPlayer:OnRecycle(IReadOnlyDictionary`2)
FunPlus.WorldX.Manager.AudioManager:ReleaseAudioEmitter(GameObject)
FunPlus.WorldX.Entities.EntityBase:ReleaseAudioEmitter(GameObject)
FunPlus.WorldX.Entities.EntityBase:OnDestroy()
FunPlus.WorldX.Manager.EntityManager:DestroyEModel(Entity)
XLua.CSObjectWrap.FunPlusWorldXManagerEntityManagerWrap:_m_DestroyEModel(IntPtr)
XLua.LuaFunction:Action()
FunPlus.WorldX.Manager.LuaManager:CallLua(String)
FunPlus.WorldX.GlobalUpdater:OnQuit()
UnityEngine.Application:Internal_ApplicationQuit()

[10459.6717][Error]|Reset switch state failed, switchGroupId:1230601154, switchStateId:3008040947
UnityEngine.Logger:Log(LogType, Object, Object)
UnityEngine.Debug:LogError(Object, Object)
FunPlus.WorldX.Utils.GameLog:LogError(Object, Object)
FunPlus.WorldX.Audio.RefSoundPlayer:OnRecycle(IReadOnlyDictionary`2)
FunPlus.WorldX.Manager.AudioManager:ReleaseAudioEmitter(GameObject)
FunPlus.WorldX.Entities.EntityBase:ReleaseAudioEmitter(GameObject)
FunPlus.WorldX.Entities.EntityBase:OnDestroy()
FunPlus.WorldX.Manager.EntityManager:DestroyEModel(Entity)
XLua.CSObjectWrap.FunPlusWorldXManagerEntityManagerWrap:_m_DestroyEModel(IntPtr)
XLua.LuaFunction:Action()
FunPlus.WorldX.Manager.LuaManager:CallLua(String)
FunPlus.WorldX.GlobalUpdater:OnQuit()
UnityEngine.Application:Internal_ApplicationQuit()

[10459.6724][Error]|Reset switch state failed, switchGroupId:1230601154, switchStateId:3008040947
UnityEngine.Logger:Log(LogType, Object, Object)
UnityEngine.Debug:LogError(Object, Object)
FunPlus.WorldX.Utils.GameLog:LogError(Object, Object)
FunPlus.WorldX.Audio.RefSoundPlayer:OnRecycle(IReadOnlyDictionary`2)
FunPlus.WorldX.Manager.AudioManager:ReleaseAudioEmitter(GameObject)
FunPlus.WorldX.Entities.EntityBase:ReleaseAudioEmitter(GameObject)
FunPlus.WorldX.Entities.EntityBase:OnDestroy()
FunPlus.WorldX.Manager.EntityManager:DestroyEModel(Entity)
XLua.CSObjectWrap.FunPlusWorldXManagerEntityManagerWrap:_m_DestroyEModel(IntPtr)
XLua.LuaFunction:Action()
FunPlus.WorldX.Manager.LuaManager:CallLua(String)
FunPlus.WorldX.GlobalUpdater:OnQuit()
UnityEngine.Application:Internal_ApplicationQuit()

[10459.6731][Error]|Reset switch state failed, switchGroupId:1230601154, switchStateId:3008040947
UnityEngine.Logger:Log(LogType, Object, Object)
UnityEngine.Debug:LogError(Object, Object)
FunPlus.WorldX.Utils.GameLog:LogError(Object, Object)
FunPlus.WorldX.Audio.RefSoundPlayer:OnRecycle(IReadOnlyDictionary`2)
FunPlus.WorldX.Manager.AudioManager:ReleaseAudioEmitter(GameObject)
FunPlus.WorldX.Entities.EntityBase:ReleaseAudioEmitter(GameObject)
FunPlus.WorldX.Entities.EntityBase:OnDestroy()
FunPlus.WorldX.Manager.EntityManager:DestroyEModel(Entity)
XLua.CSObjectWrap.FunPlusWorldXManagerEntityManagerWrap:_m_DestroyEModel(IntPtr)
XLua.LuaFunction:Action()
FunPlus.WorldX.Manager.LuaManager:CallLua(String)
FunPlus.WorldX.GlobalUpdater:OnQuit()
UnityEngine.Application:Internal_ApplicationQuit()

[10459.6738][Error]|Reset switch state failed, switchGroupId:1230601154, switchStateId:3008040947
UnityEngine.Logger:Log(LogType, Object, Object)
UnityEngine.Debug:LogError(Object, Object)
FunPlus.WorldX.Utils.GameLog:LogError(Object, Object)
FunPlus.WorldX.Audio.RefSoundPlayer:OnRecycle(IReadOnlyDictionary`2)
FunPlus.WorldX.Manager.AudioManager:ReleaseAudioEmitter(GameObject)
FunPlus.WorldX.Entities.EntityBase:ReleaseAudioEmitter(GameObject)
FunPlus.WorldX.Entities.EntityBase:OnDestroy()
FunPlus.WorldX.Manager.EntityManager:DestroyEModel(Entity)
XLua.CSObjectWrap.FunPlusWorldXManagerEntityManagerWrap:_m_DestroyEModel(IntPtr)
XLua.LuaFunction:Action()
FunPlus.WorldX.Manager.LuaManager:CallLua(String)
FunPlus.WorldX.GlobalUpdater:OnQuit()
UnityEngine.Application:Internal_ApplicationQuit()

[10459.6742][Error]|Reset switch state failed, switchGroupId:1230601154, switchStateId:3008040947
UnityEngine.Logger:Log(LogType, Object, Object)
UnityEngine.Debug:LogError(Object, Object)
FunPlus.WorldX.Utils.GameLog:LogError(Object, Object)
FunPlus.WorldX.Audio.RefSoundPlayer:OnRecycle(IReadOnlyDictionary`2)
FunPlus.WorldX.Manager.AudioManager:ReleaseAudioEmitter(GameObject)
FunPlus.WorldX.Entities.EntityBase:ReleaseAudioEmitter(GameObject)
FunPlus.WorldX.Entities.EntityBase:OnDestroy()
FunPlus.WorldX.Manager.EntityManager:DestroyEModel(Entity)
XLua.CSObjectWrap.FunPlusWorldXManagerEntityManagerWrap:_m_DestroyEModel(IntPtr)
XLua.LuaFunction:Action()
FunPlus.WorldX.Manager.LuaManager:CallLua(String)
FunPlus.WorldX.GlobalUpdater:OnQuit()
UnityEngine.Application:Internal_ApplicationQuit()

[10459.6747][Error]|Reset switch state failed, switchGroupId:1230601154, switchStateId:3008040947
UnityEngine.Logger:Log(LogType, Object, Object)
UnityEngine.Debug:LogError(Object, Object)
FunPlus.WorldX.Utils.GameLog:LogError(Object, Object)
FunPlus.WorldX.Audio.RefSoundPlayer:OnRecycle(IReadOnlyDictionary`2)
FunPlus.WorldX.Manager.AudioManager:ReleaseAudioEmitter(GameObject)
FunPlus.WorldX.Entities.EntityBase:ReleaseAudioEmitter(GameObject)
FunPlus.WorldX.Entities.EntityBase:OnDestroy()
FunPlus.WorldX.Manager.EntityManager:DestroyEModel(Entity)
XLua.CSObjectWrap.FunPlusWorldXManagerEntityManagerWrap:_m_DestroyEModel(IntPtr)
XLua.LuaFunction:Action()
FunPlus.WorldX.Manager.LuaManager:CallLua(String)
FunPlus.WorldX.GlobalUpdater:OnQuit()
UnityEngine.Application:Internal_ApplicationQuit()

[10459.6757][Error]|Reset switch state failed, switchGroupId:1230601154, switchStateId:3008040947
UnityEngine.Logger:Log(LogType, Object, Object)
UnityEngine.Debug:LogError(Object, Object)
FunPlus.WorldX.Utils.GameLog:LogError(Object, Object)
FunPlus.WorldX.Audio.RefSoundPlayer:OnRecycle(IReadOnlyDictionary`2)
FunPlus.WorldX.Manager.AudioManager:ReleaseAudioEmitter(GameObject)
FunPlus.WorldX.Entities.EntityBase:ReleaseAudioEmitter(GameObject)
FunPlus.WorldX.Entities.EntityBase:OnDestroy()
FunPlus.WorldX.Manager.EntityManager:DestroyEModel(Entity)
XLua.CSObjectWrap.FunPlusWorldXManagerEntityManagerWrap:_m_DestroyEModel(IntPtr)
XLua.LuaFunction:Action()
FunPlus.WorldX.Manager.LuaManager:CallLua(String)
FunPlus.WorldX.GlobalUpdater:OnQuit()
UnityEngine.Application:Internal_ApplicationQuit()

[10459.6764][Error]|Reset switch state failed, switchGroupId:1230601154, switchStateId:3008040947
UnityEngine.Logger:Log(LogType, Object, Object)
UnityEngine.Debug:LogError(Object, Object)
FunPlus.WorldX.Utils.GameLog:LogError(Object, Object)
FunPlus.WorldX.Audio.RefSoundPlayer:OnRecycle(IReadOnlyDictionary`2)
FunPlus.WorldX.Manager.AudioManager:ReleaseAudioEmitter(GameObject)
FunPlus.WorldX.Entities.EntityBase:ReleaseAudioEmitter(GameObject)
FunPlus.WorldX.Entities.EntityBase:OnDestroy()
FunPlus.WorldX.Manager.EntityManager:DestroyEModel(Entity)
XLua.CSObjectWrap.FunPlusWorldXManagerEntityManagerWrap:_m_DestroyEModel(IntPtr)
XLua.LuaFunction:Action()
FunPlus.WorldX.Manager.LuaManager:CallLua(String)
FunPlus.WorldX.GlobalUpdater:OnQuit()
UnityEngine.Application:Internal_ApplicationQuit()

[10459.6772][Error]|Reset switch state failed, switchGroupId:1230601154, switchStateId:3008040947
UnityEngine.Logger:Log(LogType, Object, Object)
UnityEngine.Debug:LogError(Object, Object)
FunPlus.WorldX.Utils.GameLog:LogError(Object, Object)
FunPlus.WorldX.Audio.RefSoundPlayer:OnRecycle(IReadOnlyDictionary`2)
FunPlus.WorldX.Manager.AudioManager:ReleaseAudioEmitter(GameObject)
FunPlus.WorldX.Entities.EntityBase:ReleaseAudioEmitter(GameObject)
FunPlus.WorldX.Entities.EntityBase:OnDestroy()
FunPlus.WorldX.Manager.EntityManager:DestroyEModel(Entity)
XLua.CSObjectWrap.FunPlusWorldXManagerEntityManagerWrap:_m_DestroyEModel(IntPtr)
XLua.LuaFunction:Action()
FunPlus.WorldX.Manager.LuaManager:CallLua(String)
FunPlus.WorldX.GlobalUpdater:OnQuit()
UnityEngine.Application:Internal_ApplicationQuit()

d3d12: Saving PSO cache to disk (60558 KB).
[10459.6779][Error]|Reset switch state failed, switchGroupId:1230601154, switchStateId:3008040947
UnityEngine.Logger:Log(LogType, Object, Object)
UnityEngine.Debug:LogError(Object, Object)
FunPlus.WorldX.Utils.GameLog:LogError(Object, Object)
FunPlus.WorldX.Audio.RefSoundPlayer:OnRecycle(IReadOnlyDictionary`2)
FunPlus.WorldX.Manager.AudioManager:ReleaseAudioEmitter(GameObject)
FunPlus.WorldX.Entities.EntityBase:ReleaseAudioEmitter(GameObject)
FunPlus.WorldX.Entities.EntityBase:OnDestroy()
FunPlus.WorldX.Manager.EntityManager:DestroyEModel(Entity)
XLua.CSObjectWrap.FunPlusWorldXManagerEntityManagerWrap:_m_DestroyEModel(IntPtr)
XLua.LuaFunction:Action()
FunPlus.WorldX.Manager.LuaManager:CallLua(String)
FunPlus.WorldX.GlobalUpdater:OnQuit()
UnityEngine.Application:Internal_ApplicationQuit()

[10459.6787][Error]|Reset switch state failed, switchGroupId:1230601154, switchStateId:3008040947
UnityEngine.Logger:Log(LogType, Object, Object)
UnityEngine.Debug:LogError(Object, Object)
FunPlus.WorldX.Utils.GameLog:LogError(Object, Object)
FunPlus.WorldX.Audio.RefSoundPlayer:OnRecycle(IReadOnlyDictionary`2)
FunPlus.WorldX.Manager.AudioManager:ReleaseAudioEmitter(GameObject)
FunPlus.WorldX.Entities.EntityBase:ReleaseAudioEmitter(GameObject)
FunPlus.WorldX.Entities.EntityBase:OnDestroy()
FunPlus.WorldX.Manager.EntityManager:DestroyEModel(Entity)
XLua.CSObjectWrap.FunPlusWorldXManagerEntityManagerWrap:_m_DestroyEModel(IntPtr)
XLua.LuaFunction:Action()
FunPlus.WorldX.Manager.LuaManager:CallLua(String)
FunPlus.WorldX.GlobalUpdater:OnQuit()
UnityEngine.Application:Internal_ApplicationQuit()

[10459.6794][Error]|Reset switch state failed, switchGroupId:1230601154, switchStateId:3008040947
UnityEngine.Logger:Log(LogType, Object, Object)
UnityEngine.Debug:LogError(Object, Object)
FunPlus.WorldX.Utils.GameLog:LogError(Object, Object)
FunPlus.WorldX.Audio.RefSoundPlayer:OnRecycle(IReadOnlyDictionary`2)
FunPlus.WorldX.Manager.AudioManager:ReleaseAudioEmitter(GameObject)
FunPlus.WorldX.Entities.EntityBase:ReleaseAudioEmitter(GameObject)
FunPlus.WorldX.Entities.EntityBase:OnDestroy()
FunPlus.WorldX.Manager.EntityManager:DestroyEModel(Entity)
XLua.CSObjectWrap.FunPlusWorldXManagerEntityManagerWrap:_m_DestroyEModel(IntPtr)
XLua.LuaFunction:Action()
FunPlus.WorldX.Manager.LuaManager:CallLua(String)
FunPlus.WorldX.GlobalUpdater:OnQuit()
UnityEngine.Application:Internal_ApplicationQuit()

[10459.6803][Error]|Reset switch state failed, switchGroupId:1230601154, switchStateId:3008040947
UnityEngine.Logger:Log(LogType, Object, Object)
UnityEngine.Debug:LogError(Object, Object)
FunPlus.WorldX.Utils.GameLog:LogError(Object, Object)
FunPlus.WorldX.Audio.RefSoundPlayer:OnRecycle(IReadOnlyDictionary`2)
FunPlus.WorldX.Manager.AudioManager:ReleaseAudioEmitter(GameObject)
FunPlus.WorldX.Entities.EntityBase:ReleaseAudioEmitter(GameObject)
FunPlus.WorldX.Entities.EntityBase:OnDestroy()
FunPlus.WorldX.Manager.EntityManager:DestroyEModel(Entity)
XLua.CSObjectWrap.FunPlusWorldXManagerEntityManagerWrap:_m_DestroyEModel(IntPtr)
XLua.LuaFunction:Action()
FunPlus.WorldX.Manager.LuaManager:CallLua(String)
FunPlus.WorldX.GlobalUpdater:OnQuit()
UnityEngine.Application:Internal_ApplicationQuit()

[10459.6810][Error]|Reset switch state failed, switchGroupId:1230601154, switchStateId:3008040947
UnityEngine.Logger:Log(LogType, Object, Object)
UnityEngine.Debug:LogError(Object, Object)
FunPlus.WorldX.Utils.GameLog:LogError(Object, Object)
FunPlus.WorldX.Audio.RefSoundPlayer:OnRecycle(IReadOnlyDictionary`2)
FunPlus.WorldX.Manager.AudioManager:ReleaseAudioEmitter(GameObject)
FunPlus.WorldX.Entities.EntityBase:ReleaseAudioEmitter(GameObject)
FunPlus.WorldX.Entities.EntityBase:OnDestroy()
FunPlus.WorldX.Manager.EntityManager:DestroyEModel(Entity)
XLua.CSObjectWrap.FunPlusWorldXManagerEntityManagerWrap:_m_DestroyEModel(IntPtr)
XLua.LuaFunction:Action()
FunPlus.WorldX.Manager.LuaManager:CallLua(String)
FunPlus.WorldX.GlobalUpdater:OnQuit()
UnityEngine.Application:Internal_ApplicationQuit()

[10459.6819][Error]|Reset switch state failed, switchGroupId:1230601154, switchStateId:3008040947
UnityEngine.Logger:Log(LogType, Object, Object)
UnityEngine.Debug:LogError(Object, Object)
FunPlus.WorldX.Utils.GameLog:LogError(Object, Object)
FunPlus.WorldX.Audio.RefSoundPlayer:OnRecycle(IReadOnlyDictionary`2)
FunPlus.WorldX.Manager.AudioManager:ReleaseAudioEmitter(GameObject)
FunPlus.WorldX.Entities.EntityBase:ReleaseAudioEmitter(GameObject)
FunPlus.WorldX.Entities.EntityBase:OnDestroy()
FunPlus.WorldX.Manager.EntityManager:DestroyEModel(Entity)
XLua.CSObjectWrap.FunPlusWorldXManagerEntityManagerWrap:_m_DestroyEModel(IntPtr)
XLua.LuaFunction:Action()
FunPlus.WorldX.Manager.LuaManager:CallLua(String)
FunPlus.WorldX.GlobalUpdater:OnQuit()
UnityEngine.Application:Internal_ApplicationQuit()

[10459.6830][Error]|Reset switch state failed, switchGroupId:1230601154, switchStateId:3008040947
UnityEngine.Logger:Log(LogType, Object, Object)
UnityEngine.Debug:LogError(Object, Object)
FunPlus.WorldX.Utils.GameLog:LogError(Object, Object)
FunPlus.WorldX.Audio.RefSoundPlayer:OnRecycle(IReadOnlyDictionary`2)
FunPlus.WorldX.Manager.AudioManager:ReleaseAudioEmitter(GameObject)
FunPlus.WorldX.Entities.EntityBase:ReleaseAudioEmitter(GameObject)
FunPlus.WorldX.Entities.EntityBase:OnDestroy()
FunPlus.WorldX.Manager.EntityManager:DestroyEModel(Entity)
XLua.CSObjectWrap.FunPlusWorldXManagerEntityManagerWrap:_m_DestroyEModel(IntPtr)
XLua.LuaFunction:Action()
FunPlus.WorldX.Manager.LuaManager:CallLua(String)
FunPlus.WorldX.GlobalUpdater:OnQuit()
UnityEngine.Application:Internal_ApplicationQuit()

[10459.6843][Error]|Reset switch state failed, switchGroupId:1230601154, switchStateId:3008040947
UnityEngine.Logger:Log(LogType, Object, Object)
UnityEngine.Debug:LogError(Object, Object)
FunPlus.WorldX.Utils.GameLog:LogError(Object, Object)
FunPlus.WorldX.Audio.RefSoundPlayer:OnRecycle(IReadOnlyDictionary`2)
FunPlus.WorldX.Manager.AudioManager:ReleaseAudioEmitter(GameObject)
FunPlus.WorldX.Entities.EntityBase:ReleaseAudioEmitter(GameObject)
FunPlus.WorldX.Entities.EntityBase:OnDestroy()
FunPlus.WorldX.Manager.EntityManager:DestroyEModel(Entity)
XLua.CSObjectWrap.FunPlusWorldXManagerEntityManagerWrap:_m_DestroyEModel(IntPtr)
XLua.LuaFunction:Action()
FunPlus.WorldX.Manager.LuaManager:CallLua(String)
FunPlus.WorldX.GlobalUpdater:OnQuit()
UnityEngine.Application:Internal_ApplicationQuit()

[10459.6846][Error]|Reset switch state failed, switchGroupId:1230601154, switchStateId:3008040947
UnityEngine.Logger:Log(LogType, Object, Object)
UnityEngine.Debug:LogError(Object, Object)
FunPlus.WorldX.Utils.GameLog:LogError(Object, Object)
FunPlus.WorldX.Audio.RefSoundPlayer:OnRecycle(IReadOnlyDictionary`2)
FunPlus.WorldX.Manager.AudioManager:ReleaseAudioEmitter(GameObject)
FunPlus.WorldX.Entities.EntityBase:ReleaseAudioEmitter(GameObject)
FunPlus.WorldX.Entities.EntityBase:OnDestroy()
FunPlus.WorldX.Manager.EntityManager:DestroyEModel(Entity)
XLua.CSObjectWrap.FunPlusWorldXManagerEntityManagerWrap:_m_DestroyEModel(IntPtr)
XLua.LuaFunction:Action()
FunPlus.WorldX.Manager.LuaManager:CallLua(String)
FunPlus.WorldX.GlobalUpdater:OnQuit()
UnityEngine.Application:Internal_ApplicationQuit()

[10459.6853][Error]|Reset switch state failed, switchGroupId:1230601154, switchStateId:3008040947
UnityEngine.Logger:Log(LogType, Object, Object)
UnityEngine.Debug:LogError(Object, Object)
FunPlus.WorldX.Utils.GameLog:LogError(Object, Object)
FunPlus.WorldX.Audio.RefSoundPlayer:OnRecycle(IReadOnlyDictionary`2)
FunPlus.WorldX.Manager.AudioManager:ReleaseAudioEmitter(GameObject)
FunPlus.WorldX.Entities.EntityBase:ReleaseAudioEmitter(GameObject)
FunPlus.WorldX.Entities.EntityBase:OnDestroy()
FunPlus.WorldX.Manager.EntityManager:DestroyEModel(Entity)
XLua.CSObjectWrap.FunPlusWorldXManagerEntityManagerWrap:_m_DestroyEModel(IntPtr)
XLua.LuaFunction:Action()
FunPlus.WorldX.Manager.LuaManager:CallLua(String)
FunPlus.WorldX.GlobalUpdater:OnQuit()
UnityEngine.Application:Internal_ApplicationQuit()

[10459.6859][Error]|Reset switch state failed, switchGroupId:1230601154, switchStateId:3008040947
UnityEngine.Logger:Log(LogType, Object, Object)
UnityEngine.Debug:LogError(Object, Object)
FunPlus.WorldX.Utils.GameLog:LogError(Object, Object)
FunPlus.WorldX.Audio.RefSoundPlayer:OnRecycle(IReadOnlyDictionary`2)
FunPlus.WorldX.Manager.AudioManager:ReleaseAudioEmitter(GameObject)
FunPlus.WorldX.Entities.EntityBase:ReleaseAudioEmitter(GameObject)
FunPlus.WorldX.Entities.EntityBase:OnDestroy()
FunPlus.WorldX.Manager.EntityManager:DestroyEModel(Entity)
XLua.CSObjectWrap.FunPlusWorldXManagerEntityManagerWrap:_m_DestroyEModel(IntPtr)
XLua.LuaFunction:Action()
FunPlus.WorldX.Manager.LuaManager:CallLua(String)
FunPlus.WorldX.GlobalUpdater:OnQuit()
UnityEngine.Application:Internal_ApplicationQuit()

[10459.6876][Error]|Reset switch state failed, switchGroupId:1230601154, switchStateId:3008040947
UnityEngine.Logger:Log(LogType, Object, Object)
UnityEngine.Debug:LogError(Object, Object)
FunPlus.WorldX.Utils.GameLog:LogError(Object, Object)
FunPlus.WorldX.Audio.RefSoundPlayer:OnRecycle(IReadOnlyDictionary`2)
FunPlus.WorldX.Manager.AudioManager:ReleaseAudioEmitter(GameObject)
FunPlus.WorldX.Entities.EntityBase:ReleaseAudioEmitter(GameObject)
FunPlus.WorldX.Entities.EntityBase:OnDestroy()
FunPlus.WorldX.Manager.EntityManager:DestroyEModel(Entity)
XLua.CSObjectWrap.FunPlusWorldXManagerEntityManagerWrap:_m_DestroyEModel(IntPtr)
XLua.LuaFunction:Action()
FunPlus.WorldX.Manager.LuaManager:CallLua(String)
FunPlus.WorldX.GlobalUpdater:OnQuit()
UnityEngine.Application:Internal_ApplicationQuit()

[10459.6879][Error]|Reset switch state failed, switchGroupId:1230601154, switchStateId:3008040947
UnityEngine.Logger:Log(LogType, Object, Object)
UnityEngine.Debug:LogError(Object, Object)
FunPlus.WorldX.Utils.GameLog:LogError(Object, Object)
FunPlus.WorldX.Audio.RefSoundPlayer:OnRecycle(IReadOnlyDictionary`2)
FunPlus.WorldX.Manager.AudioManager:ReleaseAudioEmitter(GameObject)
FunPlus.WorldX.Entities.EntityBase:ReleaseAudioEmitter(GameObject)
FunPlus.WorldX.Entities.EntityBase:OnDestroy()
FunPlus.WorldX.Manager.EntityManager:DestroyEModel(Entity)
XLua.CSObjectWrap.FunPlusWorldXManagerEntityManagerWrap:_m_DestroyEModel(IntPtr)
XLua.LuaFunction:Action()
FunPlus.WorldX.Manager.LuaManager:CallLua(String)
FunPlus.WorldX.GlobalUpdater:OnQuit()
UnityEngine.Application:Internal_ApplicationQuit()

[10459.6888][Error]|Reset switch state failed, switchGroupId:1230601154, switchStateId:3008040947
UnityEngine.Logger:Log(LogType, Object, Object)
UnityEngine.Debug:LogError(Object, Object)
FunPlus.WorldX.Utils.GameLog:LogError(Object, Object)
FunPlus.WorldX.Audio.RefSoundPlayer:OnRecycle(IReadOnlyDictionary`2)
FunPlus.WorldX.Manager.AudioManager:ReleaseAudioEmitter(GameObject)
FunPlus.WorldX.Entities.EntityBase:ReleaseAudioEmitter(GameObject)
FunPlus.WorldX.Entities.EntityBase:OnDestroy()
FunPlus.WorldX.Manager.EntityManager:DestroyEModel(Entity)
XLua.CSObjectWrap.FunPlusWorldXManagerEntityManagerWrap:_m_DestroyEModel(IntPtr)
XLua.LuaFunction:Action()
FunPlus.WorldX.Manager.LuaManager:CallLua(String)
FunPlus.WorldX.GlobalUpdater:OnQuit()
UnityEngine.Application:Internal_ApplicationQuit()

[10459.6896][Error]|Reset switch state failed, switchGroupId:1230601154, switchStateId:3008040947
UnityEngine.Logger:Log(LogType, Object, Object)
UnityEngine.Debug:LogError(Object, Object)
FunPlus.WorldX.Utils.GameLog:LogError(Object, Object)
FunPlus.WorldX.Audio.RefSoundPlayer:OnRecycle(IReadOnlyDictionary`2)
FunPlus.WorldX.Manager.AudioManager:ReleaseAudioEmitter(GameObject)
FunPlus.WorldX.Entities.EntityBase:ReleaseAudioEmitter(GameObject)
FunPlus.WorldX.Entities.EntityBase:OnDestroy()
FunPlus.WorldX.Manager.EntityManager:DestroyEModel(Entity)
XLua.CSObjectWrap.FunPlusWorldXManagerEntityManagerWrap:_m_DestroyEModel(IntPtr)
XLua.LuaFunction:Action()
FunPlus.WorldX.Manager.LuaManager:CallLua(String)
FunPlus.WorldX.GlobalUpdater:OnQuit()
UnityEngine.Application:Internal_ApplicationQuit()

[10459.6906][Error]|Reset switch state failed, switchGroupId:1230601154, switchStateId:3008040947
UnityEngine.Logger:Log(LogType, Object, Object)
UnityEngine.Debug:LogError(Object, Object)
FunPlus.WorldX.Utils.GameLog:LogError(Object, Object)
FunPlus.WorldX.Audio.RefSoundPlayer:OnRecycle(IReadOnlyDictionary`2)
FunPlus.WorldX.Manager.AudioManager:ReleaseAudioEmitter(GameObject)
FunPlus.WorldX.Entities.EntityBase:ReleaseAudioEmitter(GameObject)
FunPlus.WorldX.Entities.EntityBase:OnDestroy()
FunPlus.WorldX.Manager.EntityManager:DestroyEModel(Entity)
XLua.CSObjectWrap.FunPlusWorldXManagerEntityManagerWrap:_m_DestroyEModel(IntPtr)
XLua.LuaFunction:Action()
FunPlus.WorldX.Manager.LuaManager:CallLua(String)
FunPlus.WorldX.GlobalUpdater:OnQuit()
UnityEngine.Application:Internal_ApplicationQuit()

[10459.6909][Error]|Reset switch state failed, switchGroupId:1230601154, switchStateId:3008040947
UnityEngine.Logger:Log(LogType, Object, Object)
UnityEngine.Debug:LogError(Object, Object)
FunPlus.WorldX.Utils.GameLog:LogError(Object, Object)
FunPlus.WorldX.Audio.RefSoundPlayer:OnRecycle(IReadOnlyDictionary`2)
FunPlus.WorldX.Manager.AudioManager:ReleaseAudioEmitter(GameObject)
FunPlus.WorldX.Entities.EntityBase:ReleaseAudioEmitter(GameObject)
FunPlus.WorldX.Entities.EntityBase:OnDestroy()
FunPlus.WorldX.Manager.EntityManager:DestroyEModel(Entity)
XLua.CSObjectWrap.FunPlusWorldXManagerEntityManagerWrap:_m_DestroyEModel(IntPtr)
XLua.LuaFunction:Action()
FunPlus.WorldX.Manager.LuaManager:CallLua(String)
FunPlus.WorldX.GlobalUpdater:OnQuit()
UnityEngine.Application:Internal_ApplicationQuit()

[10459.6917][Error]|Reset switch state failed, switchGroupId:1230601154, switchStateId:3008040947
UnityEngine.Logger:Log(LogType, Object, Object)
UnityEngine.Debug:LogError(Object, Object)
FunPlus.WorldX.Utils.GameLog:LogError(Object, Object)
FunPlus.WorldX.Audio.RefSoundPlayer:OnRecycle(IReadOnlyDictionary`2)
FunPlus.WorldX.Manager.AudioManager:ReleaseAudioEmitter(GameObject)
FunPlus.WorldX.Entities.EntityBase:ReleaseAudioEmitter(GameObject)
FunPlus.WorldX.Entities.EntityBase:OnDestroy()
FunPlus.WorldX.Manager.EntityManager:DestroyEModel(Entity)
XLua.CSObjectWrap.FunPlusWorldXManagerEntityManagerWrap:_m_DestroyEModel(IntPtr)
XLua.LuaFunction:Action()
FunPlus.WorldX.Manager.LuaManager:CallLua(String)
FunPlus.WorldX.GlobalUpdater:OnQuit()
UnityEngine.Application:Internal_ApplicationQuit()

[10459.6929][Error]|Reset switch state failed, switchGroupId:1230601154, switchStateId:3008040947
UnityEngine.Logger:Log(LogType, Object, Object)
UnityEngine.Debug:LogError(Object, Object)
FunPlus.WorldX.Utils.GameLog:LogError(Object, Object)
FunPlus.WorldX.Audio.RefSoundPlayer:OnRecycle(IReadOnlyDictionary`2)
FunPlus.WorldX.Manager.AudioManager:ReleaseAudioEmitter(GameObject)
FunPlus.WorldX.Entities.EntityBase:ReleaseAudioEmitter(GameObject)
FunPlus.WorldX.Entities.EntityBase:OnDestroy()
FunPlus.WorldX.Manager.EntityManager:DestroyEModel(Entity)
XLua.CSObjectWrap.FunPlusWorldXManagerEntityManagerWrap:_m_DestroyEModel(IntPtr)
XLua.LuaFunction:Action()
FunPlus.WorldX.Manager.LuaManager:CallLua(String)
FunPlus.WorldX.GlobalUpdater:OnQuit()
UnityEngine.Application:Internal_ApplicationQuit()

[10459.6932][Error]|Reset switch state failed, switchGroupId:1230601154, switchStateId:3008040947
UnityEngine.Logger:Log(LogType, Object, Object)
UnityEngine.Debug:LogError(Object, Object)
FunPlus.WorldX.Utils.GameLog:LogError(Object, Object)
FunPlus.WorldX.Audio.RefSoundPlayer:OnRecycle(IReadOnlyDictionary`2)
FunPlus.WorldX.Manager.AudioManager:ReleaseAudioEmitter(GameObject)
FunPlus.WorldX.Entities.EntityBase:ReleaseAudioEmitter(GameObject)
FunPlus.WorldX.Entities.EntityBase:OnDestroy()
FunPlus.WorldX.Manager.EntityManager:DestroyEModel(Entity)
XLua.CSObjectWrap.FunPlusWorldXManagerEntityManagerWrap:_m_DestroyEModel(IntPtr)
XLua.LuaFunction:Action()
FunPlus.WorldX.Manager.LuaManager:CallLua(String)
FunPlus.WorldX.GlobalUpdater:OnQuit()
UnityEngine.Application:Internal_ApplicationQuit()

[10459.6937][Error]|Reset switch state failed, switchGroupId:1230601154, switchStateId:3008040947
UnityEngine.Logger:Log(LogType, Object, Object)
UnityEngine.Debug:LogError(Object, Object)
FunPlus.WorldX.Utils.GameLog:LogError(Object, Object)
FunPlus.WorldX.Audio.RefSoundPlayer:OnRecycle(IReadOnlyDictionary`2)
FunPlus.WorldX.Manager.AudioManager:ReleaseAudioEmitter(GameObject)
FunPlus.WorldX.Entities.EntityBase:ReleaseAudioEmitter(GameObject)
FunPlus.WorldX.Entities.EntityBase:OnDestroy()
FunPlus.WorldX.Manager.EntityManager:DestroyEModel(Entity)
XLua.CSObjectWrap.FunPlusWorldXManagerEntityManagerWrap:_m_DestroyEModel(IntPtr)
XLua.LuaFunction:Action()
FunPlus.WorldX.Manager.LuaManager:CallLua(String)
FunPlus.WorldX.GlobalUpdater:OnQuit()
UnityEngine.Application:Internal_ApplicationQuit()

[10459.6945][Error]|Reset switch state failed, switchGroupId:1230601154, switchStateId:3008040947
UnityEngine.Logger:Log(LogType, Object, Object)
UnityEngine.Debug:LogError(Object, Object)
FunPlus.WorldX.Utils.GameLog:LogError(Object, Object)
FunPlus.WorldX.Audio.RefSoundPlayer:OnRecycle(IReadOnlyDictionary`2)
FunPlus.WorldX.Manager.AudioManager:ReleaseAudioEmitter(GameObject)
FunPlus.WorldX.Entities.EntityBase:ReleaseAudioEmitter(GameObject)
FunPlus.WorldX.Entities.EntityBase:OnDestroy()
FunPlus.WorldX.Manager.EntityManager:DestroyEModel(Entity)
XLua.CSObjectWrap.FunPlusWorldXManagerEntityManagerWrap:_m_DestroyEModel(IntPtr)
XLua.LuaFunction:Action()
FunPlus.WorldX.Manager.LuaManager:CallLua(String)
FunPlus.WorldX.GlobalUpdater:OnQuit()
UnityEngine.Application:Internal_ApplicationQuit()

[10459.6949][Error]|Reset switch state failed, switchGroupId:1230601154, switchStateId:3008040947
UnityEngine.Logger:Log(LogType, Object, Object)
UnityEngine.Debug:LogError(Object, Object)
FunPlus.WorldX.Utils.GameLog:LogError(Object, Object)
FunPlus.WorldX.Audio.RefSoundPlayer:OnRecycle(IReadOnlyDictionary`2)
FunPlus.WorldX.Manager.AudioManager:ReleaseAudioEmitter(GameObject)
FunPlus.WorldX.Entities.EntityBase:ReleaseAudioEmitter(GameObject)
FunPlus.WorldX.Entities.EntityBase:OnDestroy()
FunPlus.WorldX.Manager.EntityManager:DestroyEModel(Entity)
XLua.CSObjectWrap.FunPlusWorldXManagerEntityManagerWrap:_m_DestroyEModel(IntPtr)
XLua.LuaFunction:Action()
FunPlus.WorldX.Manager.LuaManager:CallLua(String)
FunPlus.WorldX.GlobalUpdater:OnQuit()
UnityEngine.Application:Internal_ApplicationQuit()

[10459.6956][Error]|Reset switch state failed, switchGroupId:1230601154, switchStateId:3008040947
UnityEngine.Logger:Log(LogType, Object, Object)
UnityEngine.Debug:LogError(Object, Object)
FunPlus.WorldX.Utils.GameLog:LogError(Object, Object)
FunPlus.WorldX.Audio.RefSoundPlayer:OnRecycle(IReadOnlyDictionary`2)
FunPlus.WorldX.Manager.AudioManager:ReleaseAudioEmitter(GameObject)
FunPlus.WorldX.Entities.EntityBase:ReleaseAudioEmitter(GameObject)
FunPlus.WorldX.Entities.EntityBase:OnDestroy()
FunPlus.WorldX.Manager.EntityManager:DestroyEModel(Entity)
XLua.CSObjectWrap.FunPlusWorldXManagerEntityManagerWrap:_m_DestroyEModel(IntPtr)
XLua.LuaFunction:Action()
FunPlus.WorldX.Manager.LuaManager:CallLua(String)
FunPlus.WorldX.GlobalUpdater:OnQuit()
UnityEngine.Application:Internal_ApplicationQuit()

[10459.6963][Error]|Reset switch state failed, switchGroupId:1230601154, switchStateId:3008040947
UnityEngine.Logger:Log(LogType, Object, Object)
UnityEngine.Debug:LogError(Object, Object)
FunPlus.WorldX.Utils.GameLog:LogError(Object, Object)
FunPlus.WorldX.Audio.RefSoundPlayer:OnRecycle(IReadOnlyDictionary`2)
FunPlus.WorldX.Manager.AudioManager:ReleaseAudioEmitter(GameObject)
FunPlus.WorldX.Entities.EntityBase:ReleaseAudioEmitter(GameObject)
FunPlus.WorldX.Entities.EntityBase:OnDestroy()
FunPlus.WorldX.Manager.EntityManager:DestroyEModel(Entity)
XLua.CSObjectWrap.FunPlusWorldXManagerEntityManagerWrap:_m_DestroyEModel(IntPtr)
XLua.LuaFunction:Action()
FunPlus.WorldX.Manager.LuaManager:CallLua(String)
FunPlus.WorldX.GlobalUpdater:OnQuit()
UnityEngine.Application:Internal_ApplicationQuit()

[10459.6970][Error]|Reset switch state failed, switchGroupId:1230601154, switchStateId:3008040947
UnityEngine.Logger:Log(LogType, Object, Object)
UnityEngine.Debug:LogError(Object, Object)
FunPlus.WorldX.Utils.GameLog:LogError(Object, Object)
FunPlus.WorldX.Audio.RefSoundPlayer:OnRecycle(IReadOnlyDictionary`2)
FunPlus.WorldX.Manager.AudioManager:ReleaseAudioEmitter(GameObject)
FunPlus.WorldX.Entities.EntityBase:ReleaseAudioEmitter(GameObject)
FunPlus.WorldX.Entities.EntityBase:OnDestroy()
FunPlus.WorldX.Manager.EntityManager:DestroyEModel(Entity)
XLua.CSObjectWrap.FunPlusWorldXManagerEntityManagerWrap:_m_DestroyEModel(IntPtr)
XLua.LuaFunction:Action()
FunPlus.WorldX.Manager.LuaManager:CallLua(String)
FunPlus.WorldX.GlobalUpdater:OnQuit()
UnityEngine.Application:Internal_ApplicationQuit()

[10459.6977][Error]|Reset switch state failed, switchGroupId:1230601154, switchStateId:3008040947
UnityEngine.Logger:Log(LogType, Object, Object)
UnityEngine.Debug:LogError(Object, Object)
FunPlus.WorldX.Utils.GameLog:LogError(Object, Object)
FunPlus.WorldX.Audio.RefSoundPlayer:OnRecycle(IReadOnlyDictionary`2)
FunPlus.WorldX.Manager.AudioManager:ReleaseAudioEmitter(GameObject)
FunPlus.WorldX.Entities.EntityBase:ReleaseAudioEmitter(GameObject)
FunPlus.WorldX.Entities.EntityBase:OnDestroy()
FunPlus.WorldX.Manager.EntityManager:DestroyEModel(Entity)
XLua.CSObjectWrap.FunPlusWorldXManagerEntityManagerWrap:_m_DestroyEModel(IntPtr)
XLua.LuaFunction:Action()
FunPlus.WorldX.Manager.LuaManager:CallLua(String)
FunPlus.WorldX.GlobalUpdater:OnQuit()
UnityEngine.Application:Internal_ApplicationQuit()

[10459.6984][Error]|Reset switch state failed, switchGroupId:1230601154, switchStateId:3008040947
UnityEngine.Logger:Log(LogType, Object, Object)
UnityEngine.Debug:LogError(Object, Object)
FunPlus.WorldX.Utils.GameLog:LogError(Object, Object)
FunPlus.WorldX.Audio.RefSoundPlayer:OnRecycle(IReadOnlyDictionary`2)
FunPlus.WorldX.Manager.AudioManager:ReleaseAudioEmitter(GameObject)
FunPlus.WorldX.Entities.EntityBase:ReleaseAudioEmitter(GameObject)
FunPlus.WorldX.Entities.EntityBase:OnDestroy()
FunPlus.WorldX.Manager.EntityManager:DestroyEModel(Entity)
XLua.CSObjectWrap.FunPlusWorldXManagerEntityManagerWrap:_m_DestroyEModel(IntPtr)
XLua.LuaFunction:Action()
FunPlus.WorldX.Manager.LuaManager:CallLua(String)
FunPlus.WorldX.GlobalUpdater:OnQuit()
UnityEngine.Application:Internal_ApplicationQuit()

[10459.6990][Error]|Reset switch state failed, switchGroupId:1230601154, switchStateId:3008040947
UnityEngine.Logger:Log(LogType, Object, Object)
UnityEngine.Debug:LogError(Object, Object)
FunPlus.WorldX.Utils.GameLog:LogError(Object, Object)
FunPlus.WorldX.Audio.RefSoundPlayer:OnRecycle(IReadOnlyDictionary`2)
FunPlus.WorldX.Manager.AudioManager:ReleaseAudioEmitter(GameObject)
FunPlus.WorldX.Entities.EntityBase:ReleaseAudioEmitter(GameObject)
FunPlus.WorldX.Entities.EntityBase:OnDestroy()
FunPlus.WorldX.Manager.EntityManager:DestroyEModel(Entity)
XLua.CSObjectWrap.FunPlusWorldXManagerEntityManagerWrap:_m_DestroyEModel(IntPtr)
XLua.LuaFunction:Action()
FunPlus.WorldX.Manager.LuaManager:CallLua(String)
FunPlus.WorldX.GlobalUpdater:OnQuit()
UnityEngine.Application:Internal_ApplicationQuit()

[10459.7000][Error]|Reset switch state failed, switchGroupId:1230601154, switchStateId:3008040947
UnityEngine.Logger:Log(LogType, Object, Object)
UnityEngine.Debug:LogError(Object, Object)
FunPlus.WorldX.Utils.GameLog:LogError(Object, Object)
FunPlus.WorldX.Audio.RefSoundPlayer:OnRecycle(IReadOnlyDictionary`2)
FunPlus.WorldX.Manager.AudioManager:ReleaseAudioEmitter(GameObject)
FunPlus.WorldX.Entities.EntityBase:ReleaseAudioEmitter(GameObject)
FunPlus.WorldX.Entities.EntityBase:OnDestroy()
FunPlus.WorldX.Manager.EntityManager:DestroyEModel(Entity)
XLua.CSObjectWrap.FunPlusWorldXManagerEntityManagerWrap:_m_DestroyEModel(IntPtr)
XLua.LuaFunction:Action()
FunPlus.WorldX.Manager.LuaManager:CallLua(String)
FunPlus.WorldX.GlobalUpdater:OnQuit()
UnityEngine.Application:Internal_ApplicationQuit()

[10459.7004][Error]|Reset switch state failed, switchGroupId:1230601154, switchStateId:3008040947
UnityEngine.Logger:Log(LogType, Object, Object)
UnityEngine.Debug:LogError(Object, Object)
FunPlus.WorldX.Utils.GameLog:LogError(Object, Object)
FunPlus.WorldX.Audio.RefSoundPlayer:OnRecycle(IReadOnlyDictionary`2)
FunPlus.WorldX.Manager.AudioManager:ReleaseAudioEmitter(GameObject)
FunPlus.WorldX.Entities.EntityBase:ReleaseAudioEmitter(GameObject)
FunPlus.WorldX.Entities.EntityBase:OnDestroy()
FunPlus.WorldX.Manager.EntityManager:DestroyEModel(Entity)
XLua.CSObjectWrap.FunPlusWorldXManagerEntityManagerWrap:_m_DestroyEModel(IntPtr)
XLua.LuaFunction:Action()
FunPlus.WorldX.Manager.LuaManager:CallLua(String)
FunPlus.WorldX.GlobalUpdater:OnQuit()
UnityEngine.Application:Internal_ApplicationQuit()

[10459.7011][Error]|Reset switch state failed, switchGroupId:1230601154, switchStateId:3008040947
UnityEngine.Logger:Log(LogType, Object, Object)
UnityEngine.Debug:LogError(Object, Object)
FunPlus.WorldX.Utils.GameLog:LogError(Object, Object)
FunPlus.WorldX.Audio.RefSoundPlayer:OnRecycle(IReadOnlyDictionary`2)
FunPlus.WorldX.Manager.AudioManager:ReleaseAudioEmitter(GameObject)
FunPlus.WorldX.Entities.EntityBase:ReleaseAudioEmitter(GameObject)
FunPlus.WorldX.Entities.EntityBase:OnDestroy()
FunPlus.WorldX.Manager.EntityManager:DestroyEModel(Entity)
XLua.CSObjectWrap.FunPlusWorldXManagerEntityManagerWrap:_m_DestroyEModel(IntPtr)
XLua.LuaFunction:Action()
FunPlus.WorldX.Manager.LuaManager:CallLua(String)
FunPlus.WorldX.GlobalUpdater:OnQuit()
UnityEngine.Application:Internal_ApplicationQuit()

[10459.7021][Error]|Reset switch state failed, switchGroupId:1230601154, switchStateId:3008040947
UnityEngine.Logger:Log(LogType, Object, Object)
UnityEngine.Debug:LogError(Object, Object)
FunPlus.WorldX.Utils.GameLog:LogError(Object, Object)
FunPlus.WorldX.Audio.RefSoundPlayer:OnRecycle(IReadOnlyDictionary`2)
FunPlus.WorldX.Manager.AudioManager:ReleaseAudioEmitter(GameObject)
FunPlus.WorldX.Entities.EntityBase:ReleaseAudioEmitter(GameObject)
FunPlus.WorldX.Entities.EntityBase:OnDestroy()
FunPlus.WorldX.Manager.EntityManager:DestroyEModel(Entity)
XLua.CSObjectWrap.FunPlusWorldXManagerEntityManagerWrap:_m_DestroyEModel(IntPtr)
XLua.LuaFunction:Action()
FunPlus.WorldX.Manager.LuaManager:CallLua(String)
FunPlus.WorldX.GlobalUpdater:OnQuit()
UnityEngine.Application:Internal_ApplicationQuit()

[10459.7027][Error]|Reset switch state failed, switchGroupId:1230601154, switchStateId:3008040947
UnityEngine.Logger:Log(LogType, Object, Object)
UnityEngine.Debug:LogError(Object, Object)
FunPlus.WorldX.Utils.GameLog:LogError(Object, Object)
FunPlus.WorldX.Audio.RefSoundPlayer:OnRecycle(IReadOnlyDictionary`2)
FunPlus.WorldX.Manager.AudioManager:ReleaseAudioEmitter(GameObject)
FunPlus.WorldX.Entities.EntityBase:ReleaseAudioEmitter(GameObject)
FunPlus.WorldX.Entities.EntityBase:OnDestroy()
FunPlus.WorldX.Manager.EntityManager:DestroyEModel(Entity)
XLua.CSObjectWrap.FunPlusWorldXManagerEntityManagerWrap:_m_DestroyEModel(IntPtr)
XLua.LuaFunction:Action()
FunPlus.WorldX.Manager.LuaManager:CallLua(String)
FunPlus.WorldX.GlobalUpdater:OnQuit()
UnityEngine.Application:Internal_ApplicationQuit()

[10459.7034][Error]|Reset switch state failed, switchGroupId:1230601154, switchStateId:3008040947
UnityEngine.Logger:Log(LogType, Object, Object)
UnityEngine.Debug:LogError(Object, Object)
FunPlus.WorldX.Utils.GameLog:LogError(Object, Object)
FunPlus.WorldX.Audio.RefSoundPlayer:OnRecycle(IReadOnlyDictionary`2)
FunPlus.WorldX.Manager.AudioManager:ReleaseAudioEmitter(GameObject)
FunPlus.WorldX.Entities.EntityBase:ReleaseAudioEmitter(GameObject)
FunPlus.WorldX.Entities.EntityBase:OnDestroy()
FunPlus.WorldX.Manager.EntityManager:DestroyEModel(Entity)
XLua.CSObjectWrap.FunPlusWorldXManagerEntityManagerWrap:_m_DestroyEModel(IntPtr)
XLua.LuaFunction:Action()
FunPlus.WorldX.Manager.LuaManager:CallLua(String)
FunPlus.WorldX.GlobalUpdater:OnQuit()
UnityEngine.Application:Internal_ApplicationQuit()

[10459.7042][Error]|Reset switch state failed, switchGroupId:1230601154, switchStateId:3008040947
UnityEngine.Logger:Log(LogType, Object, Object)
UnityEngine.Debug:LogError(Object, Object)
FunPlus.WorldX.Utils.GameLog:LogError(Object, Object)
FunPlus.WorldX.Audio.RefSoundPlayer:OnRecycle(IReadOnlyDictionary`2)
FunPlus.WorldX.Manager.AudioManager:ReleaseAudioEmitter(GameObject)
FunPlus.WorldX.Entities.EntityBase:ReleaseAudioEmitter(GameObject)
FunPlus.WorldX.Entities.EntityBase:OnDestroy()
FunPlus.WorldX.Manager.EntityManager:DestroyEModel(Entity)
XLua.CSObjectWrap.FunPlusWorldXManagerEntityManagerWrap:_m_DestroyEModel(IntPtr)
XLua.LuaFunction:Action()
FunPlus.WorldX.Manager.LuaManager:CallLua(String)
FunPlus.WorldX.GlobalUpdater:OnQuit()
UnityEngine.Application:Internal_ApplicationQuit()

[10459.7047][Error]|Reset switch state failed, switchGroupId:1230601154, switchStateId:3008040947
UnityEngine.Logger:Log(LogType, Object, Object)
UnityEngine.Debug:LogError(Object, Object)
FunPlus.WorldX.Utils.GameLog:LogError(Object, Object)
FunPlus.WorldX.Audio.RefSoundPlayer:OnRecycle(IReadOnlyDictionary`2)
FunPlus.WorldX.Manager.AudioManager:ReleaseAudioEmitter(GameObject)
FunPlus.WorldX.Entities.EntityBase:ReleaseAudioEmitter(GameObject)
FunPlus.WorldX.Entities.EntityBase:OnDestroy()
FunPlus.WorldX.Manager.EntityManager:DestroyEModel(Entity)
XLua.CSObjectWrap.FunPlusWorldXManagerEntityManagerWrap:_m_DestroyEModel(IntPtr)
XLua.LuaFunction:Action()
FunPlus.WorldX.Manager.LuaManager:CallLua(String)
FunPlus.WorldX.GlobalUpdater:OnQuit()
UnityEngine.Application:Internal_ApplicationQuit()

[10459.7054][Error]|Reset switch state failed, switchGroupId:1230601154, switchStateId:3008040947
UnityEngine.Logger:Log(LogType, Object, Object)
UnityEngine.Debug:LogError(Object, Object)
FunPlus.WorldX.Utils.GameLog:LogError(Object, Object)
FunPlus.WorldX.Audio.RefSoundPlayer:OnRecycle(IReadOnlyDictionary`2)
FunPlus.WorldX.Manager.AudioManager:ReleaseAudioEmitter(GameObject)
FunPlus.WorldX.Entities.EntityBase:ReleaseAudioEmitter(GameObject)
FunPlus.WorldX.Entities.EntityBase:OnDestroy()
FunPlus.WorldX.Manager.EntityManager:DestroyEModel(Entity)
XLua.CSObjectWrap.FunPlusWorldXManagerEntityManagerWrap:_m_DestroyEModel(IntPtr)
XLua.LuaFunction:Action()
FunPlus.WorldX.Manager.LuaManager:CallLua(String)
FunPlus.WorldX.GlobalUpdater:OnQuit()
UnityEngine.Application:Internal_ApplicationQuit()

[10459.7060][Error]|Reset switch state failed, switchGroupId:1230601154, switchStateId:3008040947
UnityEngine.Logger:Log(LogType, Object, Object)
UnityEngine.Debug:LogError(Object, Object)
FunPlus.WorldX.Utils.GameLog:LogError(Object, Object)
FunPlus.WorldX.Audio.RefSoundPlayer:OnRecycle(IReadOnlyDictionary`2)
FunPlus.WorldX.Manager.AudioManager:ReleaseAudioEmitter(GameObject)
FunPlus.WorldX.Entities.EntityBase:ReleaseAudioEmitter(GameObject)
FunPlus.WorldX.Entities.EntityBase:OnDestroy()
FunPlus.WorldX.Manager.EntityManager:DestroyEModel(Entity)
XLua.CSObjectWrap.FunPlusWorldXManagerEntityManagerWrap:_m_DestroyEModel(IntPtr)
XLua.LuaFunction:Action()
FunPlus.WorldX.Manager.LuaManager:CallLua(String)
FunPlus.WorldX.GlobalUpdater:OnQuit()
UnityEngine.Application:Internal_ApplicationQuit()

[10459.7067][Error]|Reset switch state failed, switchGroupId:1230601154, switchStateId:3008040947
UnityEngine.Logger:Log(LogType, Object, Object)
UnityEngine.Debug:LogError(Object, Object)
FunPlus.WorldX.Utils.GameLog:LogError(Object, Object)
FunPlus.WorldX.Audio.RefSoundPlayer:OnRecycle(IReadOnlyDictionary`2)
FunPlus.WorldX.Manager.AudioManager:ReleaseAudioEmitter(GameObject)
FunPlus.WorldX.Entities.EntityBase:ReleaseAudioEmitter(GameObject)
FunPlus.WorldX.Entities.EntityBase:OnDestroy()
FunPlus.WorldX.Manager.EntityManager:DestroyEModel(Entity)
XLua.CSObjectWrap.FunPlusWorldXManagerEntityManagerWrap:_m_DestroyEModel(IntPtr)
XLua.LuaFunction:Action()
FunPlus.WorldX.Manager.LuaManager:CallLua(String)
FunPlus.WorldX.GlobalUpdater:OnQuit()
UnityEngine.Application:Internal_ApplicationQuit()

[10459.7074][Error]|Reset switch state failed, switchGroupId:1230601154, switchStateId:3008040947
UnityEngine.Logger:Log(LogType, Object, Object)
UnityEngine.Debug:LogError(Object, Object)
FunPlus.WorldX.Utils.GameLog:LogError(Object, Object)
FunPlus.WorldX.Audio.RefSoundPlayer:OnRecycle(IReadOnlyDictionary`2)
FunPlus.WorldX.Manager.AudioManager:ReleaseAudioEmitter(GameObject)
FunPlus.WorldX.Entities.EntityBase:ReleaseAudioEmitter(GameObject)
FunPlus.WorldX.Entities.EntityBase:OnDestroy()
FunPlus.WorldX.Manager.EntityManager:DestroyEModel(Entity)
XLua.CSObjectWrap.FunPlusWorldXManagerEntityManagerWrap:_m_DestroyEModel(IntPtr)
XLua.LuaFunction:Action()
FunPlus.WorldX.Manager.LuaManager:CallLua(String)
FunPlus.WorldX.GlobalUpdater:OnQuit()
UnityEngine.Application:Internal_ApplicationQuit()

[10459.7081][Error]|Reset switch state failed, switchGroupId:1230601154, switchStateId:3008040947
UnityEngine.Logger:Log(LogType, Object, Object)
UnityEngine.Debug:LogError(Object, Object)
FunPlus.WorldX.Utils.GameLog:LogError(Object, Object)
FunPlus.WorldX.Audio.RefSoundPlayer:OnRecycle(IReadOnlyDictionary`2)
FunPlus.WorldX.Manager.AudioManager:ReleaseAudioEmitter(GameObject)
FunPlus.WorldX.Entities.EntityBase:ReleaseAudioEmitter(GameObject)
FunPlus.WorldX.Entities.EntityBase:OnDestroy()
FunPlus.WorldX.Manager.EntityManager:DestroyEModel(Entity)
XLua.CSObjectWrap.FunPlusWorldXManagerEntityManagerWrap:_m_DestroyEModel(IntPtr)
XLua.LuaFunction:Action()
FunPlus.WorldX.Manager.LuaManager:CallLua(String)
FunPlus.WorldX.GlobalUpdater:OnQuit()
UnityEngine.Application:Internal_ApplicationQuit()

[10459.7085][Error]|Reset switch state failed, switchGroupId:1230601154, switchStateId:3008040947
UnityEngine.Logger:Log(LogType, Object, Object)
UnityEngine.Debug:LogError(Object, Object)
FunPlus.WorldX.Utils.GameLog:LogError(Object, Object)
FunPlus.WorldX.Audio.RefSoundPlayer:OnRecycle(IReadOnlyDictionary`2)
FunPlus.WorldX.Manager.AudioManager:ReleaseAudioEmitter(GameObject)
FunPlus.WorldX.Entities.EntityBase:ReleaseAudioEmitter(GameObject)
FunPlus.WorldX.Entities.EntityBase:OnDestroy()
FunPlus.WorldX.Manager.EntityManager:DestroyEModel(Entity)
XLua.CSObjectWrap.FunPlusWorldXManagerEntityManagerWrap:_m_DestroyEModel(IntPtr)
XLua.LuaFunction:Action()
FunPlus.WorldX.Manager.LuaManager:CallLua(String)
FunPlus.WorldX.GlobalUpdater:OnQuit()
UnityEngine.Application:Internal_ApplicationQuit()

[10459.7092][Error]|Reset switch state failed, switchGroupId:1230601154, switchStateId:3008040947
UnityEngine.Logger:Log(LogType, Object, Object)
UnityEngine.Debug:LogError(Object, Object)
FunPlus.WorldX.Utils.GameLog:LogError(Object, Object)
FunPlus.WorldX.Audio.RefSoundPlayer:OnRecycle(IReadOnlyDictionary`2)
FunPlus.WorldX.Manager.AudioManager:ReleaseAudioEmitter(GameObject)
FunPlus.WorldX.Entities.EntityBase:ReleaseAudioEmitter(GameObject)
FunPlus.WorldX.Entities.EntityBase:OnDestroy()
FunPlus.WorldX.Manager.EntityManager:DestroyEModel(Entity)
XLua.CSObjectWrap.FunPlusWorldXManagerEntityManagerWrap:_m_DestroyEModel(IntPtr)
XLua.LuaFunction:Action()
FunPlus.WorldX.Manager.LuaManager:CallLua(String)
FunPlus.WorldX.GlobalUpdater:OnQuit()
UnityEngine.Application:Internal_ApplicationQuit()

[10459.7096][Error]|Reset switch state failed, switchGroupId:1230601154, switchStateId:3008040947
UnityEngine.Logger:Log(LogType, Object, Object)
UnityEngine.Debug:LogError(Object, Object)
FunPlus.WorldX.Utils.GameLog:LogError(Object, Object)
FunPlus.WorldX.Audio.RefSoundPlayer:OnRecycle(IReadOnlyDictionary`2)
FunPlus.WorldX.Manager.AudioManager:ReleaseAudioEmitter(GameObject)
FunPlus.WorldX.Entities.EntityBase:ReleaseAudioEmitter(GameObject)
FunPlus.WorldX.Entities.EntityBase:OnDestroy()
FunPlus.WorldX.Manager.EntityManager:DestroyEModel(Entity)
XLua.CSObjectWrap.FunPlusWorldXManagerEntityManagerWrap:_m_DestroyEModel(IntPtr)
XLua.LuaFunction:Action()
FunPlus.WorldX.Manager.LuaManager:CallLua(String)
FunPlus.WorldX.GlobalUpdater:OnQuit()
UnityEngine.Application:Internal_ApplicationQuit()

[10459.7101][Error]|Reset switch state failed, switchGroupId:1230601154, switchStateId:3008040947
UnityEngine.Logger:Log(LogType, Object, Object)
UnityEngine.Debug:LogError(Object, Object)
FunPlus.WorldX.Utils.GameLog:LogError(Object, Object)
FunPlus.WorldX.Audio.RefSoundPlayer:OnRecycle(IReadOnlyDictionary`2)
FunPlus.WorldX.Manager.AudioManager:ReleaseAudioEmitter(GameObject)
FunPlus.WorldX.Entities.EntityBase:ReleaseAudioEmitter(GameObject)
FunPlus.WorldX.Entities.EntityBase:OnDestroy()
FunPlus.WorldX.Manager.EntityManager:DestroyEModel(Entity)
XLua.CSObjectWrap.FunPlusWorldXManagerEntityManagerWrap:_m_DestroyEModel(IntPtr)
XLua.LuaFunction:Action()
FunPlus.WorldX.Manager.LuaManager:CallLua(String)
FunPlus.WorldX.GlobalUpdater:OnQuit()
UnityEngine.Application:Internal_ApplicationQuit()

[10459.7109][Error]|Reset switch state failed, switchGroupId:1230601154, switchStateId:3008040947
UnityEngine.Logger:Log(LogType, Object, Object)
UnityEngine.Debug:LogError(Object, Object)
FunPlus.WorldX.Utils.GameLog:LogError(Object, Object)
FunPlus.WorldX.Audio.RefSoundPlayer:OnRecycle(IReadOnlyDictionary`2)
FunPlus.WorldX.Manager.AudioManager:ReleaseAudioEmitter(GameObject)
FunPlus.WorldX.Entities.EntityBase:ReleaseAudioEmitter(GameObject)
FunPlus.WorldX.Entities.EntityBase:OnDestroy()
FunPlus.WorldX.Manager.EntityManager:DestroyEModel(Entity)
XLua.CSObjectWrap.FunPlusWorldXManagerEntityManagerWrap:_m_DestroyEModel(IntPtr)
XLua.LuaFunction:Action()
FunPlus.WorldX.Manager.LuaManager:CallLua(String)
FunPlus.WorldX.GlobalUpdater:OnQuit()
UnityEngine.Application:Internal_ApplicationQuit()

[10459.7116][Error]|Reset switch state failed, switchGroupId:1230601154, switchStateId:3008040947
UnityEngine.Logger:Log(LogType, Object, Object)
UnityEngine.Debug:LogError(Object, Object)
FunPlus.WorldX.Utils.GameLog:LogError(Object, Object)
FunPlus.WorldX.Audio.RefSoundPlayer:OnRecycle(IReadOnlyDictionary`2)
FunPlus.WorldX.Manager.AudioManager:ReleaseAudioEmitter(GameObject)
FunPlus.WorldX.Entities.EntityBase:ReleaseAudioEmitter(GameObject)
FunPlus.WorldX.Entities.EntityBase:OnDestroy()
FunPlus.WorldX.Manager.EntityManager:DestroyEModel(Entity)
XLua.CSObjectWrap.FunPlusWorldXManagerEntityManagerWrap:_m_DestroyEModel(IntPtr)
XLua.LuaFunction:Action()
FunPlus.WorldX.Manager.LuaManager:CallLua(String)
FunPlus.WorldX.GlobalUpdater:OnQuit()
UnityEngine.Application:Internal_ApplicationQuit()

[10459.7121][Error]|Reset switch state failed, switchGroupId:1230601154, switchStateId:3008040947
UnityEngine.Logger:Log(LogType, Object, Object)
UnityEngine.Debug:LogError(Object, Object)
FunPlus.WorldX.Utils.GameLog:LogError(Object, Object)
FunPlus.WorldX.Audio.RefSoundPlayer:OnRecycle(IReadOnlyDictionary`2)
FunPlus.WorldX.Manager.AudioManager:ReleaseAudioEmitter(GameObject)
FunPlus.WorldX.Entities.EntityBase:ReleaseAudioEmitter(GameObject)
FunPlus.WorldX.Entities.EntityBase:OnDestroy()
FunPlus.WorldX.Manager.EntityManager:DestroyEModel(Entity)
XLua.CSObjectWrap.FunPlusWorldXManagerEntityManagerWrap:_m_DestroyEModel(IntPtr)
XLua.LuaFunction:Action()
FunPlus.WorldX.Manager.LuaManager:CallLua(String)
FunPlus.WorldX.GlobalUpdater:OnQuit()
UnityEngine.Application:Internal_ApplicationQuit()

[10459.7125][Error]|Reset switch state failed, switchGroupId:1230601154, switchStateId:3008040947
UnityEngine.Logger:Log(LogType, Object, Object)
UnityEngine.Debug:LogError(Object, Object)
FunPlus.WorldX.Utils.GameLog:LogError(Object, Object)
FunPlus.WorldX.Audio.RefSoundPlayer:OnRecycle(IReadOnlyDictionary`2)
FunPlus.WorldX.Manager.AudioManager:ReleaseAudioEmitter(GameObject)
FunPlus.WorldX.Entities.EntityBase:ReleaseAudioEmitter(GameObject)
FunPlus.WorldX.Entities.EntityBase:OnDestroy()
FunPlus.WorldX.Manager.EntityManager:DestroyEModel(Entity)
XLua.CSObjectWrap.FunPlusWorldXManagerEntityManagerWrap:_m_DestroyEModel(IntPtr)
XLua.LuaFunction:Action()
FunPlus.WorldX.Manager.LuaManager:CallLua(String)
FunPlus.WorldX.GlobalUpdater:OnQuit()
UnityEngine.Application:Internal_ApplicationQuit()

[10459.7131][Error]|Reset switch state failed, switchGroupId:1230601154, switchStateId:3008040947
UnityEngine.Logger:Log(LogType, Object, Object)
UnityEngine.Debug:LogError(Object, Object)
FunPlus.WorldX.Utils.GameLog:LogError(Object, Object)
FunPlus.WorldX.Audio.RefSoundPlayer:OnRecycle(IReadOnlyDictionary`2)
FunPlus.WorldX.Manager.AudioManager:ReleaseAudioEmitter(GameObject)
FunPlus.WorldX.Entities.EntityBase:ReleaseAudioEmitter(GameObject)
FunPlus.WorldX.Entities.EntityBase:OnDestroy()
FunPlus.WorldX.Manager.EntityManager:DestroyEModel(Entity)
XLua.CSObjectWrap.FunPlusWorldXManagerEntityManagerWrap:_m_DestroyEModel(IntPtr)
XLua.LuaFunction:Action()
FunPlus.WorldX.Manager.LuaManager:CallLua(String)
FunPlus.WorldX.GlobalUpdater:OnQuit()
UnityEngine.Application:Internal_ApplicationQuit()

[10459.7141][Error]|Reset switch state failed, switchGroupId:1230601154, switchStateId:3008040947
UnityEngine.Logger:Log(LogType, Object, Object)
UnityEngine.Debug:LogError(Object, Object)
FunPlus.WorldX.Utils.GameLog:LogError(Object, Object)
FunPlus.WorldX.Audio.RefSoundPlayer:OnRecycle(IReadOnlyDictionary`2)
FunPlus.WorldX.Manager.AudioManager:ReleaseAudioEmitter(GameObject)
FunPlus.WorldX.Entities.EntityBase:ReleaseAudioEmitter(GameObject)
FunPlus.WorldX.Entities.EntityBase:OnDestroy()
FunPlus.WorldX.Manager.EntityManager:DestroyEModel(Entity)
XLua.CSObjectWrap.FunPlusWorldXManagerEntityManagerWrap:_m_DestroyEModel(IntPtr)
XLua.LuaFunction:Action()
FunPlus.WorldX.Manager.LuaManager:CallLua(String)
FunPlus.WorldX.GlobalUpdater:OnQuit()
UnityEngine.Application:Internal_ApplicationQuit()

[10459.7143][Error]|Reset switch state failed, switchGroupId:1230601154, switchStateId:3008040947
UnityEngine.Logger:Log(LogType, Object, Object)
UnityEngine.Debug:LogError(Object, Object)
FunPlus.WorldX.Utils.GameLog:LogError(Object, Object)
FunPlus.WorldX.Audio.RefSoundPlayer:OnRecycle(IReadOnlyDictionary`2)
FunPlus.WorldX.Manager.AudioManager:ReleaseAudioEmitter(GameObject)
FunPlus.WorldX.Entities.EntityBase:ReleaseAudioEmitter(GameObject)
FunPlus.WorldX.Entities.EntityBase:OnDestroy()
FunPlus.WorldX.Manager.EntityManager:DestroyEModel(Entity)
XLua.CSObjectWrap.FunPlusWorldXManagerEntityManagerWrap:_m_DestroyEModel(IntPtr)
XLua.LuaFunction:Action()
FunPlus.WorldX.Manager.LuaManager:CallLua(String)
FunPlus.WorldX.GlobalUpdater:OnQuit()
UnityEngine.Application:Internal_ApplicationQuit()

[10459.7195][Error]|Reset switch state failed, switchGroupId:1230601154, switchStateId:3008040947
UnityEngine.Logger:Log(LogType, Object, Object)
UnityEngine.Debug:LogError(Object, Object)
FunPlus.WorldX.Utils.GameLog:LogError(Object, Object)
FunPlus.WorldX.Audio.RefSoundPlayer:OnRecycle(IReadOnlyDictionary`2)
FunPlus.WorldX.Manager.AudioManager:ReleaseAudioEmitter(GameObject)
FunPlus.WorldX.Entities.EntityBase:ReleaseAudioEmitter(GameObject)
FunPlus.WorldX.Entities.EntityBase:OnDestroy()
FunPlus.WorldX.Manager.EntityManager:DestroyEModel(Entity)
XLua.CSObjectWrap.FunPlusWorldXManagerEntityManagerWrap:_m_DestroyEModel(IntPtr)
XLua.LuaFunction:Action()
FunPlus.WorldX.Manager.LuaManager:CallLua(String)
FunPlus.WorldX.GlobalUpdater:OnQuit()
UnityEngine.Application:Internal_ApplicationQuit()

[10459.7221][Error]|Reset switch state failed, switchGroupId:1230601154, switchStateId:3008040947
UnityEngine.Logger:Log(LogType, Object, Object)
UnityEngine.Debug:LogError(Object, Object)
FunPlus.WorldX.Utils.GameLog:LogError(Object, Object)
FunPlus.WorldX.Audio.RefSoundPlayer:OnRecycle(IReadOnlyDictionary`2)
FunPlus.WorldX.Manager.AudioManager:ReleaseAudioEmitter(GameObject)
FunPlus.WorldX.Entities.EntityBase:ReleaseAudioEmitter(GameObject)
FunPlus.WorldX.Entities.EntityBase:OnDestroy()
FunPlus.WorldX.Manager.EntityManager:DestroyEModel(Entity)
XLua.CSObjectWrap.FunPlusWorldXManagerEntityManagerWrap:_m_DestroyEModel(IntPtr)
XLua.LuaFunction:Action()
FunPlus.WorldX.Manager.LuaManager:CallLua(String)
FunPlus.WorldX.GlobalUpdater:OnQuit()
UnityEngine.Application:Internal_ApplicationQuit()

[10459.7229][Error]|Reset switch state failed, switchGroupId:1230601154, switchStateId:3008040947
UnityEngine.Logger:Log(LogType, Object, Object)
UnityEngine.Debug:LogError(Object, Object)
FunPlus.WorldX.Utils.GameLog:LogError(Object, Object)
FunPlus.WorldX.Audio.RefSoundPlayer:OnRecycle(IReadOnlyDictionary`2)
FunPlus.WorldX.Manager.AudioManager:ReleaseAudioEmitter(GameObject)
FunPlus.WorldX.Entities.EntityBase:ReleaseAudioEmitter(GameObject)
FunPlus.WorldX.Entities.EntityBase:OnDestroy()
FunPlus.WorldX.Manager.EntityManager:DestroyEModel(Entity)
XLua.CSObjectWrap.FunPlusWorldXManagerEntityManagerWrap:_m_DestroyEModel(IntPtr)
XLua.LuaFunction:Action()
FunPlus.WorldX.Manager.LuaManager:CallLua(String)
FunPlus.WorldX.GlobalUpdater:OnQuit()
UnityEngine.Application:Internal_ApplicationQuit()

[10459.7300][Error]|Reset switch state failed, switchGroupId:1442085415, switchStateId:546945281
UnityEngine.Logger:Log(LogType, Object, Object)
UnityEngine.Debug:LogError(Object, Object)
FunPlus.WorldX.Utils.GameLog:LogError(Object, Object)
FunPlus.WorldX.Audio.RefSoundPlayer:OnRecycle(IReadOnlyDictionary`2)
FunPlus.WorldX.Manager.AudioManager:ReleaseAudioEmitter(GameObject)
FunPlus.WorldX.Entities.EntityBase:ReleaseAudioEmitter(GameObject)
FunPlus.WorldX.Entities.EntityBase:OnDestroy()
FunPlus.WorldX.Manager.EntityManager:DestroyEModel(Entity)
XLua.CSObjectWrap.FunPlusWorldXManagerEntityManagerWrap:_m_DestroyEModel(IntPtr)
XLua.LuaFunction:Action()
FunPlus.WorldX.Manager.LuaManager:CallLua(String)
FunPlus.WorldX.GlobalUpdater:OnQuit()
UnityEngine.Application:Internal_ApplicationQuit()

[10459.7303][Error]|Reset switch state failed, switchGroupId:1230601154, switchStateId:3008040947
UnityEngine.Logger:Log(LogType, Object, Object)
UnityEngine.Debug:LogError(Object, Object)
FunPlus.WorldX.Utils.GameLog:LogError(Object, Object)
FunPlus.WorldX.Audio.RefSoundPlayer:OnRecycle(IReadOnlyDictionary`2)
FunPlus.WorldX.Manager.AudioManager:ReleaseAudioEmitter(GameObject)
FunPlus.WorldX.Entities.EntityBase:ReleaseAudioEmitter(GameObject)
FunPlus.WorldX.Entities.EntityBase:OnDestroy()
FunPlus.WorldX.Manager.EntityManager:DestroyEModel(Entity)
XLua.CSObjectWrap.FunPlusWorldXManagerEntityManagerWrap:_m_DestroyEModel(IntPtr)
XLua.LuaFunction:Action()
FunPlus.WorldX.Manager.LuaManager:CallLua(String)
FunPlus.WorldX.GlobalUpdater:OnQuit()
UnityEngine.Application:Internal_ApplicationQuit()

[10459.7306][Error]|Reset switch state failed, switchGroupId:1442085415, switchStateId:546945281
UnityEngine.Logger:Log(LogType, Object, Object)
UnityEngine.Debug:LogError(Object, Object)
FunPlus.WorldX.Utils.GameLog:LogError(Object, Object)
FunPlus.WorldX.Audio.RefSoundPlayer:OnRecycle(IReadOnlyDictionary`2)
FunPlus.WorldX.Manager.AudioManager:ReleaseAudioEmitter(GameObject)
FunPlus.WorldX.Entities.EntityBase:ReleaseAudioEmitter(GameObject)
FunPlus.WorldX.Entities.EntityBase:OnDestroy()
FunPlus.WorldX.Manager.EntityManager:DestroyEModel(Entity)
XLua.CSObjectWrap.FunPlusWorldXManagerEntityManagerWrap:_m_DestroyEModel(IntPtr)
XLua.LuaFunction:Action()
FunPlus.WorldX.Manager.LuaManager:CallLua(String)
FunPlus.WorldX.GlobalUpdater:OnQuit()
UnityEngine.Application:Internal_ApplicationQuit()

[10459.7308][Error]|Reset switch state failed, switchGroupId:1230601154, switchStateId:3008040947
UnityEngine.Logger:Log(LogType, Object, Object)
UnityEngine.Debug:LogError(Object, Object)
FunPlus.WorldX.Utils.GameLog:LogError(Object, Object)
FunPlus.WorldX.Audio.RefSoundPlayer:OnRecycle(IReadOnlyDictionary`2)
FunPlus.WorldX.Manager.AudioManager:ReleaseAudioEmitter(GameObject)
FunPlus.WorldX.Entities.EntityBase:ReleaseAudioEmitter(GameObject)
FunPlus.WorldX.Entities.EntityBase:OnDestroy()
FunPlus.WorldX.Manager.EntityManager:DestroyEModel(Entity)
XLua.CSObjectWrap.FunPlusWorldXManagerEntityManagerWrap:_m_DestroyEModel(IntPtr)
XLua.LuaFunction:Action()
FunPlus.WorldX.Manager.LuaManager:CallLua(String)
FunPlus.WorldX.GlobalUpdater:OnQuit()
UnityEngine.Application:Internal_ApplicationQuit()

Unloading 1 Unused Serialized files (Serialized files now loaded: 0)
Unloading 954 unused Assets to reduce memory usage. Loaded Objects now: 90959.
Total: 146.524000 ms (FindLiveObjects: 6.816700 ms CreateObjectMapping: 1.045500 ms MarkObjects: 135.637300 ms  DeleteObjects: 3.024100 ms)

[UIClipMaterialCache][cleanup] entries=4 variants=4 | getCalls=110687284 fast=38653761 kwNotDecl=62924772 hits=8657573 syncs=448000 (sameFrame=0) creates=3178 pruned=3174
Input System module state changed to: ShutdownInProgress.
Input System polling thread exited.
Input System module state changed to: Shutdown.
d3d12: Saving PSO cache to disk (60558 KB).
[UnionTypeTree] released 2 per-thread cache(s) at shutdown (one entry per thread that ever touched the shared TypeTree pool)
Memory Statistics:
[ALLOC_TEMP_TLS] TLS Allocator
  StackAllocators : 
    [ALLOC_TEMP_MAIN]
      Peak usage frame count: [0-1.0 KB]: 1852 frames, [2.0 KB-4.0 KB]: 2531 frames, [4.0 KB-8.0 KB]: 2 frames, [8.0 KB-16.0 KB]: 139 frames, [16.0 KB-32.0 KB]: 8796 frames, [32.0 KB-64.0 KB]: 5286 frames, [64.0 KB-128.0 KB]: 482316 frames, [128.0 KB-256.0 KB]: 682619 frames, [256.0 KB-0.5 MB]: 144596 frames, [0.5 MB-1.0 MB]: 14542 frames, [1.0 MB-2.0 MB]: 85 frames, [2.0 MB-4.0 MB]: 44 frames, [4.0 MB-8.0 MB]: 86 frames
      Initial Block Size 4.0 MB
      Current Block Size 8.0 MB
      Peak Allocated Bytes 8.0 MB
      Overflow Count 43378
    [ALLOC_TEMP_Loading.PreloadManager]
      Initial Block Size 256.0 KB
      Current Block Size 0.5 MB
      Peak Allocated Bytes 511.8 KB
      Overflow Count 71966
    [ALLOC_TEMP_Worker8]
      Initial Block Size 64.0 KB
      Current Block Size 128.0 KB
      Peak Allocated Bytes 119.6 KB
      Overflow Count 9928
    [ALLOC_TEMP_Worker10]
      Initial Block Size 64.0 KB
      Current Block Size 128.0 KB
      Peak Allocated Bytes 121.7 KB
      Overflow Count 7863
    [ALLOC_TEMP_Worker4]
      Initial Block Size 64.0 KB
      Current Block Size 128.0 KB
      Peak Allocated Bytes 125.7 KB
      Overflow Count 55453
    [ALLOC_TEMP_Worker7]
      Initial Block Size 64.0 KB
      Current Block Size 128.0 KB
      Peak Allocated Bytes 121.7 KB
      Overflow Count 4246
    [ALLOC_TEMP_Worker6]
      Initial Block Size 64.0 KB
      Current Block Size 128.0 KB
      Peak Allocated Bytes 124.6 KB
      Overflow Count 5695
    [ALLOC_TEMP_UnityGfxDeviceWorker]
      Initial Block Size 256.0 KB
      Current Block Size 256.0 KB
      Peak Allocated Bytes 11.4 KB
      Overflow Count 1
    [ALLOC_TEMP_AssetGarbageCollectorHelper] x 4
      Initial Block Size 64.0 KB
      Current Block Size 64.0 KB
      Peak Allocated Bytes 138 B
      Overflow Count 0
    [ALLOC_TEMP_Worker2]
      Initial Block Size 64.0 KB
      Current Block Size 128.0 KB
      Peak Allocated Bytes 125.7 KB
      Overflow Count 12300951
    [ALLOC_TEMP_Worker5]
      Initial Block Size 64.0 KB
      Current Block Size 128.0 KB
      Peak Allocated Bytes 124.6 KB
      Overflow Count 26768
    [ALLOC_TEMP_Worker3]
      Initial Block Size 64.0 KB
      Current Block Size 128.0 KB
      Peak Allocated Bytes 121.6 KB
      Overflow Count 628304
    [ALLOC_TEMP_WorkerBG1]
      Initial Block Size 64.0 KB
      Current Block Size 64.0 KB
      Peak Allocated Bytes 47.8 KB
      Overflow Count 0
    [ALLOC_TEMP_Worker9]
      Initial Block Size 64.0 KB
      Current Block Size 128.0 KB
      Peak Allocated Bytes 112.2 KB
      Overflow Count 9652
    [ALLOC_TEMP_HIDInput]
      Initial Block Size 64.0 KB
      Current Block Size 64.0 KB
      Peak Allocated Bytes 10.8 KB
      Overflow Count 0
    [ALLOC_TEMP_D3D12 Submission Thread]
      Initial Block Size 64.0 KB
      Current Block Size 100.0 KB
      Peak Allocated Bytes 99.3 KB
      Overflow Count 2
    [ALLOC_TEMP_Loading.AsyncRead]
      Initial Block Size 64.0 KB
      Current Block Size 128.0 KB
      Peak Allocated Bytes 128.0 KB
      Overflow Count 380
    [ALLOC_TEMP_BatchDeleteObjects]
      Initial Block Size 64.0 KB
      Current Block Size 64.0 KB
      Peak Allocated Bytes 54 B
      Overflow Count 0
[ALLOC_DEFAULT] Dual Thread Allocator
  Peak main deferred allocation count 504407
    [ALLOC_BUCKET]
      Large Block size 4.0 MB
      Used Block count 16
      Peak Allocated bytes 63.7 MB
      Failed Allocations. Bucket layout:
        16B: 89 Subsections = 91136 buckets. Failed count: 36662633
        32B: 232 Subsections = 118784 buckets. Failed count: 173659115
        48B: 816 Subsections = 278528 buckets. Failed count: 31720339
        64B: 285 Subsections = 72960 buckets. Failed count: 31405193
        80B: 273 Subsections = 55910 buckets. Failed count: 4330008
        96B: 415 Subsections = 70826 buckets. Failed count: 644774
        112B: 221 Subsections = 32329 buckets. Failed count: 706399
        128B: 192 Subsections = 24576 buckets. Failed count: 2036174
        144B: 257 Subsections = 29240 buckets. Failed count: 1532871
        160B: 106 Subsections = 10854 buckets. Failed count: 382067
        176B: 358 Subsections = 33326 buckets. Failed count: 5437020
        192B: 179 Subsections = 15274 buckets. Failed count: 1705299
        208B: 114 Subsections = 8979 buckets. Failed count: 342439
        224B: 97 Subsections = 7094 buckets. Failed count: 557529
        240B: 169 Subsections = 11537 buckets. Failed count: 938000
        256B: 293 Subsections = 18752 buckets. Failed count: 73936842
    [ALLOC_DEFAULT_MAIN]
      Peak usage frame count: [256.0 MB-0.50 GB]: 163141 frames, [0.50 GB-1.00 GB]: 1179753 frames
      Requested Block Size 8.0 MB
      Peak Block count 86
      Peak Allocated memory 0.96 GB
      Peak Large allocation bytes 0.50 GB
    [ALLOC_DEFAULT_THREAD]
      Peak usage frame count: [16.0 MB-32.0 MB]: 7324 frames, [32.0 MB-64.0 MB]: 5967 frames, [64.0 MB-128.0 MB]: 473 frames, [128.0 MB-256.0 MB]: 444396 frames, [256.0 MB-0.50 GB]: 884734 frames
      Requested Block Size 8.0 MB
      Peak Block count 57
      Peak Allocated memory 364.7 MB
      Peak Large allocation bytes 79.1 MB
[ALLOC_TEMP_JOB_1_FRAME]
  Initial Block Size 2.0 MB
  Used Block Count 0
  Overflow Count (too large) 0
  Overflow Count (full) 0
[ALLOC_TEMP_JOB_2_FRAMES]
  Initial Block Size 2.0 MB
  Used Block Count 0
  Overflow Count (too large) 0
  Overflow Count (full) 0
[ALLOC_TEMP_JOB_4_FRAMES (JobTemp)]
  Initial Block Size 2.0 MB
  Used Block Count 1
  Overflow Count (too large) 1
  Overflow Count (full) 0
[ALLOC_TEMP_JOB_ASYNC (Background)]
  Initial Block Size 1.0 MB
  Used Block Count 1
  Overflow Count (too large) 8
  Overflow Count (full) 0
[ALLOC_GFX] Dual Thread Allocator
  Peak main deferred allocation count 968
    [ALLOC_BUCKET]
      Large Block size 4.0 MB
      Used Block count 16
      Peak Allocated bytes 63.7 MB
      Failed Allocations. Bucket layout:
        16B: 89 Subsections = 91136 buckets. Failed count: 36662633
        32B: 232 Subsections = 118784 buckets. Failed count: 173659115
        48B: 816 Subsections = 278528 buckets. Failed count: 31720339
        64B: 285 Subsections = 72960 buckets. Failed count: 31405193
        80B: 273 Subsections = 55910 buckets. Failed count: 4330008
        96B: 415 Subsections = 70826 buckets. Failed count: 644774
        112B: 221 Subsections = 32329 buckets. Failed count: 706399
        128B: 192 Subsections = 24576 buckets. Failed count: 2036174
        144B: 257 Subsections = 29240 buckets. Failed count: 1532871
        160B: 106 Subsections = 10854 buckets. Failed count: 382067
        176B: 358 Subsections = 33326 buckets. Failed count: 5437020
        192B: 179 Subsections = 15274 buckets. Failed count: 1705299
        208B: 114 Subsections = 8979 buckets. Failed count: 342439
        224B: 97 Subsections = 7094 buckets. Failed count: 557529
        240B: 169 Subsections = 11537 buckets. Failed count: 938000
        256B: 293 Subsections = 18752 buckets. Failed count: 73936842
    [ALLOC_GFX_MAIN]
      Peak usage frame count: [8.0 KB-16.0 KB]: 806 frames, [32.0 KB-64.0 KB]: 118 frames, [64.0 KB-128.0 KB]: 4209 frames, [128.0 KB-256.0 KB]: 2324 frames, [256.0 KB-0.5 MB]: 104 frames, [2.0 MB-4.0 MB]: 394 frames, [4.0 MB-8.0 MB]: 7233 frames, [8.0 MB-16.0 MB]: 128707 frames, [16.0 MB-32.0 MB]: 604041 frames, [32.0 MB-64.0 MB]: 570762 frames, [64.0 MB-128.0 MB]: 23616 frames, [128.0 MB-256.0 MB]: 572 frames, [256.0 MB-0.50 GB]: 8 frames
      Requested Block Size 16.0 MB
      Peak Block count 12
      Peak Allocated memory 387.2 MB
      Peak Large allocation bytes 306.3 MB
    [ALLOC_GFX_THREAD]
      Peak usage frame count: [16.0 KB-32.0 KB]: 7396 frames, [32.0 KB-64.0 KB]: 19 frames, [64.0 KB-128.0 KB]: 193 frames, [128.0 KB-256.0 KB]: 3 frames, [0.5 MB-1.0 MB]: 5728 frames, [1.0 MB-2.0 MB]: 11 frames, [8.0 MB-16.0 MB]: 93906 frames, [16.0 MB-32.0 MB]: 494241 frames, [32.0 MB-64.0 MB]: 441524 frames, [64.0 MB-128.0 MB]: 299855 frames, [128.0 MB-256.0 MB]: 18 frames
      Requested Block Size 16.0 MB
      Peak Block count 9
      Peak Allocated memory 131.4 MB
      Peak Large allocation bytes 31.6 MB
[ALLOC_CACHEOBJECTS] Dual Thread Allocator
  Peak main deferred allocation count 31354
    [ALLOC_BUCKET]
      Large Block size 4.0 MB
      Used Block count 16
      Peak Allocated bytes 63.7 MB
      Failed Allocations. Bucket layout:
        16B: 89 Subsections = 91136 buckets. Failed count: 36662633
        32B: 232 Subsections = 118784 buckets. Failed count: 173659115
        48B: 816 Subsections = 278528 buckets. Failed count: 31720339
        64B: 285 Subsections = 72960 buckets. Failed count: 31405193
        80B: 273 Subsections = 55910 buckets. Failed count: 4330008
        96B: 415 Subsections = 70826 buckets. Failed count: 644774
        112B: 221 Subsections = 32329 buckets. Failed count: 706399
        128B: 192 Subsections = 24576 buckets. Failed count: 2036174
        144B: 257 Subsections = 29240 buckets. Failed count: 1532871
        160B: 106 Subsections = 10854 buckets. Failed count: 382067
        176B: 358 Subsections = 33326 buckets. Failed count: 5437020
        192B: 179 Subsections = 15274 buckets. Failed count: 1705299
        208B: 114 Subsections = 8979 buckets. Failed count: 342439
        224B: 97 Subsections = 7094 buckets. Failed count: 557529
        240B: 169 Subsections = 11537 buckets. Failed count: 938000
        256B: 293 Subsections = 18752 buckets. Failed count: 73936842
    [ALLOC_CACHEOBJECTS_MAIN]
      Peak usage frame count: [8.0 MB-16.0 MB]: 651 frames, [16.0 MB-32.0 MB]: 299792 frames, [32.0 MB-64.0 MB]: 1042451 frames
      Requested Block Size 4.0 MB
      Peak Block count 17
      Peak Allocated memory 63.3 MB
      Peak Large allocation bytes 14.3 MB
    [ALLOC_CACHEOBJECTS_THREAD]
      Peak usage frame count: [64.0 KB-128.0 KB]: 6743 frames, [128.0 KB-256.0 KB]: 63 frames, [256.0 KB-0.5 MB]: 1 frames, [1.0 MB-2.0 MB]: 4 frames, [16.0 MB-32.0 MB]: 23 frames, [32.0 MB-64.0 MB]: 38 frames, [64.0 MB-128.0 MB]: 320 frames, [128.0 MB-256.0 MB]: 6229 frames, [256.0 MB-0.50 GB]: 1329473 frames
      Requested Block Size 4.0 MB
      Peak Block count 119
      Peak Allocated memory 495.4 MB
      Peak Large allocation bytes 120.8 MB
[ALLOC_TYPETREE] Dual Thread Allocator
  Peak main deferred allocation count 1
    [ALLOC_BUCKET]
      Large Block size 4.0 MB
      Used Block count 16
      Peak Allocated bytes 63.7 MB
      Failed Allocations. Bucket layout:
        16B: 89 Subsections = 91136 buckets. Failed count: 36662633
        32B: 232 Subsections = 118784 buckets. Failed count: 173659115
        48B: 816 Subsections = 278528 buckets. Failed count: 31720339
        64B: 285 Subsections = 72960 buckets. Failed count: 31405193
        80B: 273 Subsections = 55910 buckets. Failed count: 4330008
        96B: 415 Subsections = 70826 buckets. Failed count: 644774
        112B: 221 Subsections = 32329 buckets. Failed count: 706399
        128B: 192 Subsections = 24576 buckets. Failed count: 2036174
        144B: 257 Subsections = 29240 buckets. Failed count: 1532871
        160B: 106 Subsections = 10854 buckets. Failed count: 382067
        176B: 358 Subsections = 33326 buckets. Failed count: 5437020
        192B: 179 Subsections = 15274 buckets. Failed count: 1705299
        208B: 114 Subsections = 8979 buckets. Failed count: 342439
        224B: 97 Subsections = 7094 buckets. Failed count: 557529
        240B: 169 Subsections = 11537 buckets. Failed count: 938000
        256B: 293 Subsections = 18752 buckets. Failed count: 73936842
    [ALLOC_TYPETREE_MAIN]
      Peak usage frame count: [4.0 KB-8.0 KB]: 1014 frames, [8.0 KB-16.0 KB]: 5764 frames, [16.0 KB-32.0 KB]: 618 frames, [2.0 MB-4.0 MB]: 1335498 frames
      Requested Block Size 4.0 MB
      Peak Block count 1
      Peak Allocated memory 3.3 MB
      Peak Large allocation bytes 0 B
    [ALLOC_TYPETREE_THREAD]
      Peak usage frame count: [0-1.0 KB]: 1072 frames, [1.0 KB-2.0 KB]: 5734 frames, [256.0 KB-0.5 MB]: 600 frames, [0.5 MB-1.0 MB]: 154 frames, [1.0 MB-2.0 MB]: 5731 frames, [2.0 MB-4.0 MB]: 94793 frames, [4.0 MB-8.0 MB]: 1234810 frames
      Requested Block Size 4.0 MB
      Peak Block count 2
      Peak Allocated memory 5.0 MB
      Peak Large allocation bytes 0 B
